<?xml version='1.0' encoding='utf-8'?>
<COLLADA xmlns="http://www.collada.org/2005/11/COLLADASchema" version="1.4.1">
  <asset>
    <created>2026-09-14T00:00:00Z</created>
    <modified>2026-09-14T00:00:00Z</modified>
    <unit name="metre" meter="1" />
    <up_axis>Z_UP</up_axis>
  </asset>
  <library_effects>
    <effect id="qmat_10a888b1b30808ba_effect">
      <profile_COMMON>
        <technique sid="common">
          <lambert>
            <emission>
              <color sid="emission">0 0 0 1</color>
            </emission>
            <diffuse>
              <color sid="diffuse">0.74876 0.74876 0.74876 1</color>
            </diffuse>
            <reflectivity>
              <float sid="specular">0.921233</float>
            </reflectivity>
            <index_of_refraction>
              <float sid="ior">1.45</float>
            </index_of_refraction>
          </lambert>
        </technique>
      </profile_COMMON>
    </effect>
    <effect id="qmat_2f2f7b216765ae1c_effect">
      <profile_COMMON>
        <technique sid="common">
          <lambert>
            <emission>
              <color sid="emission">0 0 0 1</color>
            </emission>
            <diffuse>
              <color sid="diffuse">0.002853 0.002853 0.002853 1</color>
            </diffuse>
            <index_of_refraction>
              <float sid="ior">1.45</float>
            </index_of_refraction>
          </lambert>
        </technique>
      </profile_COMMON>
    </effect>
    <effect id="qmat_fbc365fc3facc314_effect">
      <profile_COMMON>
        <technique sid="common">
          <lambert>
            <emission>
              <color sid="emission">0 0 0 1</color>
            </emission>
            <diffuse>
              <color sid="diffuse">0 0 0 1</color>
            </diffuse>
            <index_of_refraction>
              <float sid="ior">1.45</float>
            </index_of_refraction>
          </lambert>
        </technique>
      </profile_COMMON>
    </effect>
  </library_effects>
  <library_materials>
    <material id="qmat_10a888b1b30808ba" name="qmat_10a888b1b30808ba">
      <instance_effect url="#qmat_10a888b1b30808ba_effect" />
    </material>
    <material id="qmat_2f2f7b216765ae1c" name="qmat_2f2f7b216765ae1c">
      <instance_effect url="#qmat_2f2f7b216765ae1c_effect" />
    </material>
    <material id="qmat_fbc365fc3facc314" name="qmat_fbc365fc3facc314">
      <instance_effect url="#qmat_fbc365fc3facc314_effect" />
    </material>
  </library_materials>
  <library_geometries>
    <geometry id="geometry" name="base_link_dae">
      <mesh>
        <source id="positions">
          <float_array id="positions_array" count="4263">-0.193501115 0.0864700079 0.0845130011 0.193499014 0.0864700228 0.0845130309 0.193499014 0.0864700228 0.0830130428 -0.193501115 0.0864700079 0.083013013 0.193499014 0.0859699994 0.0825130418 -0.193501115 0.0859699771 0.082513012 -0.195001006 0.0860679671 0.0845130011 -0.195001006 0.0860679671 0.083013013 -0.194751009 0.0856350064 0.082513012 -0.196099013 0.0849699974 0.083013013 -0.196099013 0.0849699974 0.0845130011 -0.195666015 0.0847199634 0.082513012 0.195999011 7.00200035e-05 0.0825130418 -0.196001112 7.0009999e-05 0.082513012 -0.196001112 0.0834699869 0.082513012 0.194748983 0.0856350213 0.0825130418 0.195663974 0.0847199708 0.0825130418 0.195999011 0.0834700018 0.0825130418 -0.196501017 0.0834699869 0.083013013 -0.196501017 7.0009999e-05 0.083013013 -0.196501017 0.0834699869 0.0845130011 -0.196501017 7.0009999e-05 0.0845130011 -0.196501002 -0.0833299607 0.083013013 -0.196501002 -0.0833299607 0.0845130011 -0.196001098 -0.0833299607 0.082513012 -0.196098998 -0.0848299712 0.083013013 -0.195666 -0.0845799893 0.082513012 -0.196098998 -0.0848299712 0.0845130011 -0.196001098 -0.0833299607 0.0850130096 -0.196001112 7.0009999e-05 0.0850130096 -0.195666 -0.0845799893 0.0850130096 -0.194751009 -0.0854949802 0.0850130096 -0.193501115 -0.0858299732 0.0850130096 0.193499014 -0.0858299509 0.0850130394 0.194748983 -0.0854949728 0.0850130394 0.195663974 -0.084579967 0.0850130394 0.195999011 -0.0833299533 0.0850130394 0.195999011 7.00200035e-05 0.0850130394 -0.195001006 -0.0859279633 0.0845130011 -0.193501115 -0.0863299817 0.0845130011 0.193499014 -0.0863299668 0.0845130309 -0.193501115 -0.0863299817 0.083013013 0.193499014 -0.0863299668 0.0830130428 -0.195001006 -0.0859279633 0.083013013 0.194998965 -0.0859279409 0.0845130309 0.194998965 -0.0859279409 0.0830130428 0.196097001 -0.0848299563 0.0845130309 0.196097001 -0.0848299563 0.0830130428 0.196498975 -0.0833299533 0.0845130309 0.196498975 -0.0833299533 0.0830130428 0.196498975 7.00200035e-05 0.0830130428 0.196498975 7.00200035e-05 0.0845130309 0.196498975 0.0834700018 0.0830130428 0.196498975 0.0834700018 0.0845130309 0.195999011 0.0834700018 0.0850130394 0.195663974 0.0847199708 0.0850130394 0.194748983 0.0856350213 0.0850130394 0.193499014 0.0859699994 0.0850130394 -0.193501115 0.0859699771 0.0850130096 -0.194751009 0.0856350064 0.0850130096 -0.195666015 0.0847199634 0.0850130096 -0.196001112 0.0834699869 0.0850130096 0.196097001 0.0849700123 0.0845130309 0.194998965 0.0860679895 0.0845130309 0.194998965 0.0860679895 0.0830130428 0.196097001 0.0849700123 0.0830130428 0.195999011 -0.0833299533 0.0825130418 0.195663974 -0.084579967 0.0825130418 0.194748983 -0.0854949728 0.0825130418 0.193499014 -0.0858299509 0.0825130418 -0.193501115 -0.0858299732 0.082513012 -0.194751009 -0.0854949802 0.082513012 0.354905635 0.0481953211 0.221499458 0.381404519 0.0378283225 0.221203148 0.375738502 0.0416968875 0.209084079 0.343070775 0.0487500094 0.209084064 0.360699981 -0.0487499498 0.209084064 0.32528761 -0.0433186479 0.209084049 0.300606996 -0.0130318776 0.209084049 0.309925318 0.0305448901 0.209084064 0.394458562 0.0200119186 0.209084079 0.396630496 -0.0179458857 0.209084079 0.397609144 0.00884758495 0.22118108 0.395744085 -0.0147630647 0.221170217 0.383520663 -0.0352042727 0.221181214 0.358220994 -0.0482759364 0.221128836 0.336332381 -0.047193829 0.220912933 0.331245959 0.0456144363 0.221138343 0.308982611 0.0278647337 0.221181273 0.300606996 -0.00408368977 0.221203193 0.314142793 -0.0341872126 0.221072748 0.368547708 0.0448829234 0.209057137 0.306625098 0.0241770074 0.209083021 0.387972355 0.0305518843 0.20902963 0.345608681 0.0488950759 0.209084064 0.359893143 0.0489584357 0.131532699 0.377053827 -0.0411724634 0.209080607 0.381347686 0.0388030969 0.134997427 0.367656171 0.0466164276 0.136411458 0.391732275 0.0266774911 0.133019701 0.396968812 0.0156797208 0.140193775 0.398228616 0.00476074358 0.209051162 0.39912653 -0.00118830323 0.140291572 0.386923701 0.0333098285 0.121607974 0.39721027 0.0105861938 0.121610835 0.33158806 -0.0473407097 0.121587187 0.382923007 0.0374680124 0.128242731 0.364413768 0.0480497181 0.121649891 0.328072697 0.0459744148 0.121589705 0.299356967 0.00553320535 0.134262949 0.300513178 0.00114039646 0.209079191 0.318561792 0.0382194147 0.2090545 0.311439365 0.0329467021 0.137192965 0.338669419 0.0488316528 0.127458036 0.302796423 0.0199494623 0.121591486 0.307572395 0.0274603833 0.128451809 0.342557788 0.0498072132 0.135707587 0.302559286 0.0179919545 0.131823972 0.299535513 -0.000338742771 0.126154035 0.304001123 0.001042302 0.130137011 0.300713629 -0.0129816625 0.121730715 0.367840916 -0.046527341 0.135735452 0.354207069 -0.0488846712 0.209003597 0.354580641 -0.0499999188 0.137457952 0.395926028 -0.018253779 0.14070262 0.396271378 -0.0146253305 0.209084064 0.392266184 -0.0259121694 0.138569877 0.385157675 -0.0350022167 0.134169951 0.395287216 -0.018336717 0.12161614 0.391679764 -0.0260344017 0.128557473 0.377489001 -0.0414497815 0.130667135 0.382001758 -0.0380495526 0.121651486 0.36221078 -0.0482653305 0.121635541 0.36071521 -0.0488678999 0.128822267 0.29948923 -0.00587972021 0.13367638 0.304295748 -0.0194544345 0.209024474 0.30495882 -0.0235370807 0.13541846 0.316272289 -0.036227528 0.209008127 0.334884703 -0.0470543243 0.209036797 0.326247454 -0.0446370691 0.132905081 0.338298082 -0.0487381481 0.131387338 0.314226985 -0.0356671736 0.134087265 0.309001058 -0.0302940868 0.124102391 0.330761164 0.0464768112 0.136006325 0.32312417 0.0425312109 0.131218851 0.26797998 -0.037296921 -0.0707469806 0.208612368 -0.0365501307 -0.0707469881 0.208825424 0.0367693454 -0.0707469881 0.2754848 0.0370431095 -0.0707469806 0.294304222 0.0344088152 -0.0707469806 0.335886478 0.0242202934 -0.0707469732 0.355781198 0.0212812405 -0.0707469732 0.383217037 0.0210029706 -0.0707469732 0.383217037 -0.0209969506 -0.0707469732 0.357422173 -0.0211623702 -0.0707469732 0.33668679 -0.0240158159 -0.0707469732 0.287330121 -0.0357782096 -0.0707469806 0.336699456 0.0240188111 -0.0657469854 0.357411712 0.0211684611 -0.0657469779 0.293670386 0.0344775468 -0.0657470003 0.355789036 -0.0212753247 -0.0657469854 0.382683992 -0.0209969506 -0.0657469779 0.382683992 0.0210029706 -0.0657469779 0.275285631 0.0371152908 -0.0657470003 0.208612382 0.0365561917 -0.0657470003 0.208825395 -0.0367632806 -0.0657470003 0.275481731 -0.03703719 -0.0657470003 0.294285387 -0.0344071984 -0.0657470003 0.335872531 -0.024217559 -0.0657469779 -0.199396059 0.0201858804 0.0735104084 -0.199435517 -0.0201137401 0.073541373 -0.199396044 -0.020045815 0.0705155879 -0.199435517 0.0202537999 0.0704846308 -0.200612232 -0.0204101279 0.0695129931 -0.200689569 0.0206114259 0.0695129931 -0.385703921 -0.0213251617 0.0698543042 -0.385171026 0.0210699998 0.0695129931 -0.201047152 -0.0217254683 0.0704846233 -0.385171026 -0.02192997 0.0705129877 -0.385842294 0.021620132 0.0701323897 -0.201178655 0.0219204668 0.0704694912 -0.385171026 0.0220699906 0.0735129863 -0.201071993 0.0218748078 0.0735634416 -0.38584137 0.021465553 0.0739524513 -0.385171026 0.0210699998 0.0745130032 -0.200601891 0.0205596332 0.0745130107 -0.386171013 -0.0209299903 0.0735129863 -0.385560572 -0.0214753933 0.0741882846 -0.200786158 -0.0206049867 0.0745130107 -0.201115087 -0.0217649285 0.073510401 -0.200435132 -0.0362727195 -0.0708437562 -0.263032168 -0.0369515009 -0.0705485344 -0.27925542 -0.0291550979 -0.0704716742 -0.30486235 -0.0216312818 -0.0704485476 -0.333494544 -0.0193349272 -0.0705731213 -0.379680187 -0.0188098997 -0.0708660111 -0.200305074 0.0364223868 -0.070828706 -0.200311154 -0.0362951383 -0.0661424473 -0.200425714 0.036396794 -0.0661333501 -0.263338089 0.0369748138 -0.0706528202 -0.262948275 0.0370424725 -0.0664601922 -0.279400885 0.0292042326 -0.0667518079 -0.304242581 0.0212135762 -0.0659879446 -0.334238082 0.0194065478 -0.0664887056 -0.379214168 0.01911797 -0.0661132112 -0.3797113 -0.0186380856 -0.0659869835 -0.305420518 0.0217122268 -0.06701006 -0.285039216 0.0267963838 -0.0705368742 -0.379493207 0.0187915172 -0.0709362999 -0.328482538 0.0195456129 -0.0705575272 -0.309017092 0.0211104546 -0.0705876723 -0.328652322 -0.0192702673 -0.0663719848 -0.307507455 -0.0210829973 -0.0662713945 -0.284149319 -0.0268702563 -0.0663441941 -0.263178766 -0.0368527062 -0.0662831962 0.399366498 0.0204288531 0.0695593208 0.399805099 -0.0201727487 0.069694832 0.205313116 -0.0211478323 0.0695130304 0.204838455 0.0205527209 0.0695130304 0.304512858 0.0207623653 0.0695130378 0.311532974 0.0216918569 0.0705293491 0.401273668 0.0187770613 0.0704733357 0.400696367 0.0203421824 0.0736258104 0.399751097 0.0199902784 0.0745130628 0.204977289 0.0206915587 0.0745130628 0.20483844 -0.0204126779 0.0745130628 0.310018122 -0.0205616429 0.0745130479 0.400552809 -0.0194250494 0.0743312836 0.315133125 -0.021509055 0.0735183209 0.398921877 -0.0209488645 0.0735094324 0.312144756 -0.021541182 0.0705099404 0.204076767 -0.0212316774 0.0735935792 0.204158321 -0.0213132165 0.0704324841 0.204158306 0.0214532129 0.0735935867 0.204076752 0.0213716608 0.0704324767 0.312955916 0.0216707475 0.0735167637 0.401328921 -0.0185418427 0.0705166832 0.196438953 0.101867124 -0.0757905096 0.196469143 0.101495601 -0.0704901516 0.196446508 0.100679703 -0.0790901929 0.196437389 0.0761369988 -0.0743071362 0.120214447 0.0818043947 -0.0818199664 0.114672035 0.0759488642 -0.0824110731 0.185602143 0.0814933777 -0.0822012201 0.186286181 0.0874034315 -0.0784285516 0.187553912 0.0772210658 -0.0745357499 0.118537255 0.0869900286 -0.0745176971 0.186642125 0.0768451765 -0.0824778229 0.19649899 0.0831221268 -0.0826716051 0.187991947 -0.0765754208 -0.0744879395 0.118986249 0.0865403712 -0.0792638287 0.117218614 0.0769803748 -0.0745764747 0.109645955 0.0817711428 -0.0818018988 0.108042605 0.0864840746 -0.0745494887 0.0425764173 0.0801029205 -0.0824012682 0.0377739444 0.0753967911 -0.0744879693 0.196493074 -0.101254202 -0.0704886392 0.196409792 -0.0758918673 -0.0744419396 -0.19633314 0.10174647 -0.0773290545 0.0433799289 0.0865195468 -0.0793993399 -0.196435347 0.0838564783 -0.0826919973 -0.196277827 0.0844279528 -0.0863870308 0.196405634 0.0845138654 -0.0863870308 0.109172806 0.08664646 -0.0792911723 0.0423389226 0.0869809464 -0.0745976195 0.0332821235 0.0871263519 -0.0746459141 -0.0379953124 0.0752235353 -0.0744875669 0.0329335332 0.0853451788 -0.0800746828 0.0375902615 0.0757873133 -0.0824470893 -0.0333751515 0.0864411294 -0.0794372186 -0.0327393301 0.0818805099 -0.08177232 -0.0330371931 0.0870813727 -0.0745168477 -0.0331198834 0.0788657591 -0.0825043768 0.186552063 -0.0864969641 -0.0745129883 0.195691466 -0.0749822631 -0.0826621205 0.196421668 -0.0837048963 -0.0828355923 0.19644165 -0.0845654085 -0.0863870308 0.196285948 -0.100494958 -0.0791308209 0.184689477 -0.0842812359 -0.0804130509 0.119297199 -0.0810740069 -0.0820233375 0.1548011 -0.0813229829 -0.0824843794 0.109274663 -0.0808554962 -0.0822494999 0.114856698 -0.0751458555 -0.0746038556 0.115299225 -0.0759213045 -0.0824018121 0.0773375556 -0.0779067129 -0.0824930966 0.0425645038 -0.0796130523 -0.0825837702 0.109885789 -0.0870156661 -0.0746573806 0.109099783 -0.0865482092 -0.0794692487 0.0432213433 -0.0863076523 -0.0793306679 0.0377010666 -0.074671708 -0.0747585446 0.0336736515 -0.0809520707 -0.0824084729 0.0427747108 -0.0867641792 -0.0745005831 0.196334049 -0.101691425 -0.075825572 -0.196376964 -0.100400627 -0.0791958123 0.0197939202 -0.0778970644 -0.0824953914 -0.0373186097 -0.0765486956 -0.0825639367 -0.0423528515 0.0803989246 -0.0824540332 -0.0418270379 0.0871389434 -0.0747219846 -0.109704964 0.0867305174 -0.0791427717 -0.0430282615 0.0828139856 -0.0813480094 -0.0390206203 0.0757279992 -0.0823056921 -0.108691633 0.0861806422 -0.0745114833 -0.108619288 0.0809221119 -0.0821714848 -0.0743183866 0.0779071525 -0.0824909881 -0.118625887 0.08032424 -0.0824579746 -0.118960634 0.0871167406 -0.0745407715 -0.116999716 0.0766838491 -0.0745771304 -0.18767865 0.076970242 -0.0744877234 -0.146997139 0.0811098069 -0.0824404433 -0.11906828 0.0853121281 -0.0804165527 -0.113532618 0.0755487308 -0.0822061971 -0.184940845 0.0861790925 -0.0795591697 -0.185962722 0.0869871676 -0.0745262206 -0.186695516 0.0790403038 -0.0819074586 -0.196478263 0.101484932 -0.0704885423 -0.196439832 0.0763939917 -0.0822339058 -0.196448401 0.0761426538 -0.0743080378 -0.196494386 -0.101144046 -0.0704892799 -0.0335017592 -0.0839091539 -0.0803058222 -0.196501002 -0.0841237903 -0.0863870308 -0.0333303697 -0.0871326551 -0.0748149082 0.0325239375 -0.0862825289 -0.0793469697 -0.19645825 -0.101686813 -0.0757412389 -0.0427952744 -0.0807418898 -0.0822220072 -0.109335601 -0.0861796439 -0.0796002671 -0.0431893803 -0.0860825628 -0.0794360489 -0.196501002 -0.083050482 -0.0826659203 -0.043482326 -0.0875869915 -0.0745296776 -0.109936439 -0.0870493576 -0.0746032968 -0.115943044 -0.075041391 -0.0745828822 -0.118932962 -0.0807105154 -0.0822543353 -0.109714963 -0.0807677507 -0.0822725296 -0.118328512 -0.086172998 -0.0745094121 -0.185315624 -0.0849226192 -0.0799525455 -0.119685329 -0.0865113884 -0.0792276934 -0.113272287 -0.075870499 -0.0824564248 -0.187399834 -0.0772748962 -0.0745311007 -0.186483711 -0.0871680081 -0.0749999657 -0.186143085 -0.0766657516 -0.0824847892 -0.196414933 0.0991805866 -0.079944171 0.118429057 -0.0875565857 -0.0768192932 0.0339657031 -0.0866380706 -0.0744944438 -0.196435615 -0.0759702846 -0.0744672343 -0.0386768989 -0.0750406459 -0.0745210946 0.258321792 0.102036759 0.0745941401 0.254379243 0.0981452465 0.0869369879 0.258272529 0.0992539674 0.07894063 0.255417198 0.0866732225 0.0877471864 0.193884894 0.0863086283 0.0745293647 0.258498996 0.088716194 0.077857323 0.251689345 0.0913867205 0.087063089 0.175033346 0.0904741958 0.0872546956 0.195448011 0.0865486413 0.0827666521 0.187375054 0.0855537206 0.0798497051 0.177997231 0.084416844 0.0821877271 0.256646514 0.102070019 0.0874892697 -0.100101344 0.0987985805 0.0880129486 0.172595263 0.0983817428 0.0872887969 0.165854335 0.0836779997 0.0823996812 0.131331638 0.0836539045 0.0823879242 -0.258377045 0.0893505737 0.0788002685 0.104916424 0.0974260941 0.0870624408 0.0639257729 0.0859186649 0.0802829117 0.0589951016 0.0845634863 0.0745130107 0.0528861508 0.0851667821 0.0818350762 0.0615167916 0.0792851523 0.082479082 0.0669998154 0.101162747 0.074513033 0.105898567 0.0904931724 0.0864681676 0.0314828418 0.0973929167 0.0871856138 0.0329678915 0.0906508192 0.0875255167 -0.0293347239 0.0982578844 0.0868186802 -0.256337762 0.0866785645 0.087675862 -0.258312464 0.102034569 0.0745842755 0.0510578789 0.0870506614 0.0745130107 -0.0601794161 0.0849291906 0.0825130269 -0.0520328172 0.0857845023 0.0801366642 -0.0586968251 0.085051693 0.0745130107 -0.0569339506 0.0824717209 0.0825728476 -0.017889753 0.0794953629 0.0825124159 -0.197567716 0.0864987448 0.0827886835 -0.110193215 0.0989517868 0.0851858109 -0.0645758957 0.0854965225 0.0794371814 -0.191759497 0.0864270329 0.0745393783 -0.133508161 0.0793568194 0.0825214833 -0.174489081 0.0974125117 0.0872615874 -0.258392036 0.0986922085 0.0787596032 -0.187857822 0.0833833814 0.0823750794 -0.251989841 0.0906511694 0.0870345309 -0.174382001 0.0905495882 0.087166816 -0.193797573 0.0789699629 0.0745130107 -0.255115122 0.0984474272 0.0868169591 -0.258314699 0.0867579952 0.0745400414 -0.256153256 0.102069497 0.0875333324 0.193737894 0.0789699629 0.0775470212 -0.0318732187 0.0906064212 0.0871670917 -0.105402224 0.0901684016 0.0873609558 0.255594015 -0.0865353346 0.0877262279 0.252935261 -0.0903199911 0.0870364159 0.258491725 -0.0892590284 0.0787675753 0.258355081 -0.0866141766 0.0745280161 0.258330047 -0.099012062 0.0788156688 0.258265227 -0.101886153 0.0745662674 0.255706221 -0.101894863 0.0877537057 0.191643372 -0.0862975195 0.0745283291 0.197726175 -0.0863450095 0.0827841982 0.174057692 -0.0913049057 0.0866867229 0.11280857 -0.0893097669 0.0844986886 0.193600401 -0.0788299665 0.082285732 0.187665805 -0.0845301971 0.0815956742 0.0599102229 -0.083348304 0.0824331865 0.0641878247 -0.0864278227 0.0775632337 0.105448164 -0.0972495452 0.0872515291 0.174678519 -0.0972585678 0.0873690173 0.104208335 -0.0911421925 0.0879819542 -0.197508737 -0.0864773542 0.0828506872 0.0579148568 -0.0788299665 0.074514471 0.0524761491 -0.0865612328 0.0745213553 -0.0584013946 -0.0788299665 0.082502529 0.0527291 -0.0854012147 0.0808235183 -0.052592691 -0.084970735 0.0812712386 -0.0516972207 -0.0865553617 0.0745939687 -0.0630806535 -0.084339194 0.0824603513 -0.0322628468 -0.0913306847 0.0869568214 0.0317916237 -0.0906759426 0.0868662521 -0.258370906 -0.101884238 0.0745556951 -0.258501023 -0.0890354067 0.0790091008 -0.258460373 -0.0989245921 0.0787879303 -0.0586118214 -0.0788299665 0.0745273978 -0.0641464666 -0.0872709379 0.0758400634 -0.107808389 -0.0983381346 0.0867612436 0.0382405668 -0.0989303365 0.0851874799 -0.256717682 -0.101914048 0.0875587538 -0.255912215 -0.0865549669 0.0877802521 -0.106092244 -0.0914130136 0.0870450363 -0.174999863 -0.0904361978 0.0867716298 -0.0853071958 -0.0891803801 0.0842291042 -0.0965678319 -0.0865514055 0.0745276585 -0.193272859 -0.0863811448 0.0745366141 -0.186431885 -0.0852815434 0.0796870142 -0.194153652 -0.0788299665 0.0825076252 -0.251991153 -0.0913350955 0.087158367 -0.258289725 -0.0866076723 0.0745418817 0.254797906 -0.0981336161 0.0870630071 -0.0129457125 -0.0973042771 0.0875569582 -0.174456999 -0.0972795412 0.0875007138 -0.193919897 -0.0788299665 0.0747268721 -0.254705966 -0.0980275422 0.0867738947 0.258168757 0.0975126773 -0.0745226145 0.19899413 0.0389393829 -0.0745115802 0.258427113 0.0434140563 -0.0745323673 0.204059064 0.102070019 -0.0760928243 0.252919167 0.102069817 -0.0753419772 0.252030492 0.0848731995 -0.104896232 0.198134467 0.0974834785 -0.0746160299 0.252833724 0.0380699784 -0.0747838393 0.258330137 0.07787247 -0.104189716 0.257752985 0.0606909022 -0.104952723 0.204783082 0.0848510116 -0.104965381 0.203067884 0.0556709915 -0.104892783 0.197998986 0.0705466345 -0.104987003 0.251877636 0.0551322848 -0.104841329 0.202762648 0.040515732 -0.081136696 -0.251690596 -0.0551140569 -0.104936369 -0.205121726 -0.055078201 -0.104939327 -0.204248682 -0.0846644193 -0.10494931 -0.209073946 -0.0397138409 -0.0805502906 -0.198188365 -0.0613548271 -0.104547895 -0.200228229 -0.0384968258 -0.0745249912 -0.25808984 -0.0395651236 -0.0744985417 -0.257788211 -0.0603317134 -0.10427732 -0.257903308 -0.0791558996 -0.104657046 -0.203926548 -0.101929992 -0.0747421235 -0.25248611 -0.0846576914 -0.104912147 -0.198213384 -0.0790136084 -0.104193725 -0.198197827 -0.0967760831 -0.0748869553 -0.258494765 -0.0940992236 -0.0753995925 -0.252991229 -0.101929992 -0.0747896805 -0.198129833 0.0783472285 -0.104764521 -0.198167905 0.0958422571 -0.0745059773 -0.198152885 0.0436073504 -0.0745374635 -0.202997193 0.102069996 -0.0754356906 -0.258393258 0.0975333676 -0.0745265856 -0.253355473 0.102041125 -0.0753876343 -0.204475448 0.0849857926 -0.104812138 -0.20560199 0.0551244281 -0.104963981 -0.25582695 0.084283039 -0.104926601 -0.257953107 0.0607298575 -0.104648106 -0.257971466 0.0411418676 -0.0744883195 -0.202864707 0.0380699597 -0.075581871 -0.198364124 0.0610566922 -0.104655832 -0.250437677 0.0552322604 -0.104957059 -0.252810508 0.0386389196 -0.0767928809 0.257738501 -0.0603586547 -0.104917981 0.252480745 -0.0847437382 -0.104942404 0.201775193 -0.0843562484 -0.104987003 0.258396953 -0.0971347764 -0.0745513141 0.257731408 -0.079487443 -0.10432829 0.257609189 -0.039536003 -0.0744956508 0.251520723 -0.0534202792 -0.102509268 0.202947512 -0.0379299298 -0.0747120306 0.205173582 -0.0550816134 -0.104875833 0.199471071 -0.101087838 -0.0745129213 0.253327489 -0.101878807 -0.0756538138 0.204643175 -0.0995764434 -0.0813048556 0.198055953 -0.0436297208 -0.0748867467 0.198472157 -0.0609186254 -0.104720771 0.198194176 -0.0872735232 -0.090649657 -0.407094449 0.033476036 0.0266043004 -0.401288837 0.0309632178 0.0319221243 -0.406845242 -0.0309881903 0.0264819898 -0.41549778 0.033197511 0.0461860038 -0.403821915 0.0348650962 0.0345089324 -0.418908954 0.0348050445 0.0384792387 -0.421416998 0.0311132371 0.0410611853 -0.4042373 -0.0347993337 0.0349224322 -0.401377022 -0.0315366238 0.032016091 -0.409809619 -0.0347244442 0.0293684509 -0.415992022 -0.0330983177 0.0466415398 -0.421163857 -0.0334294066 0.0406548381 0.258245468 0.101983391 -0.0550099872 0.258554101 0.0625335425 -0.054690551 0.258476943 0.102030881 -0.0744631663 0.197437271 0.0593108088 -0.0543795042 0.268499017 0.0448800325 -0.0534600466 0.197467431 0.102055274 -0.0550522991 0.19741042 0.101929642 -0.0744556338 0.197416186 0.0408807583 -0.0744581148 0.258258969 0.0234723296 -0.0550692417 0.258319288 0.0408978462 -0.0744169354 0.258329988 0.038772855 -0.0428162999 0.258527786 0.0106730927 -0.0534423627 0.197424203 0.0405905694 -0.0660272166 0.257968664 0.0406358093 -0.0659918487 0.197604895 0.012726875 -0.0523014367 0.258467615 -0.0101341885 -0.0522340909 0.197427526 0.0364796445 -0.0419943742 0.197452754 0.0224669781 -0.0659295842 0.258403122 0.0225699581 -0.0659339055 0.197417423 -0.0359856524 -0.0424044989 0.258212388 -0.0413364507 -0.0421697609 0.258631915 -0.0216695163 -0.0574495718 0.262022108 -0.0558018982 -0.0529338866 0.197481602 -0.0223119482 -0.0659408942 0.197414353 -0.0406941958 -0.0741330013 0.258232921 -0.0407700799 -0.0743526518 0.258443803 -0.101783 -0.074464865 0.197482839 -0.101907589 -0.0550100803 0.197421372 -0.101763837 -0.0744601935 0.197413966 -0.0624571405 -0.0544399805 0.25845927 -0.101872765 -0.0551689193 0.197590724 -0.019162124 -0.0550672002 0.268499017 -0.04047288 -0.0589130037 0.258374661 -0.0402106754 -0.0655774549 -0.19709605 0.10194914 -0.0550157651 -0.197025076 0.0559002347 -0.054074496 -0.197010294 0.101980582 -0.074429594 -0.197017714 0.0403015055 -0.0740083605 -0.258408576 0.101945356 -0.07447882 -0.258445978 0.102055825 -0.0550307147 -0.259622395 0.0571034364 -0.0534431413 -0.258364737 0.0415045954 -0.0742582604 -0.258372128 0.0396191776 -0.0655613989 -0.268501073 0.0418173037 -0.0590860993 -0.258291036 0.0402700342 -0.0425329432 -0.258624643 0.016848037 -0.0544081554 -0.197348967 0.00993132591 -0.0520329773 -0.258540839 -0.0102366218 -0.0522732511 -0.258417338 0.0223973803 -0.0656522736 -0.258318454 -0.037199486 -0.0427851826 -0.197045907 0.0363990776 -0.0419917479 -0.197000995 0.0223581791 -0.0608516671 -0.258407414 -0.0224321987 -0.0659048557 -0.258343488 -0.0403065272 -0.0744588897 -0.258334011 -0.024058884 -0.0554437265 -0.258532554 -0.0639497489 -0.0549950935 -0.197552755 -0.0220694095 -0.0548723489 -0.197062746 -0.0363328978 -0.0420045853 -0.197475195 -0.0100827953 -0.0524559356 -0.197127581 -0.0223527737 -0.0659417287 -0.197000995 -0.0401655547 -0.0705626309 -0.2577191 -0.0399663709 -0.0660367608 -0.268501073 -0.0458525605 -0.0500314347 -0.197056636 -0.0577624589 -0.05429269 -0.258440673 -0.101875894 -0.0550501235 -0.197051451 -0.101901576 -0.0550199151 -0.258393168 -0.101842724 -0.0744622126 -0.197012678 -0.101860121 -0.0744623244 0.258529574 0.0633854643 0.0546447113 0.268499017 0.0467936248 0.0501469597 0.197022349 0.0548423566 0.0539923087 0.258452803 0.102040932 0.0550464764 0.258453965 0.101973027 0.0744666383 0.258413851 0.0414663628 0.0744889453 0.258126467 0.0407215133 0.0650621876 0.197136268 0.101968981 0.0550441146 0.197008625 0.102037363 0.0744970068 0.197038412 0.0402187891 0.0744800493 0.197013542 0.0401200764 0.066107206 0.197274327 0.0224746503 0.0659719482 0.258376449 0.0222965125 0.0611214377 0.258300513 0.0409997404 0.0425326116 0.258470327 0.0102180494 0.052250687 0.258570433 -0.0163303316 0.0533851795 0.258307695 -0.0380511284 0.0427999124 0.197042748 0.0364377461 0.0420216322 0.197096974 0.0173491761 0.054716032 0.197691277 -0.0178375691 0.0532662831 0.260696739 -0.0407079868 0.0625333041 0.268499017 -0.0447302349 0.0480362251 0.258620441 -0.0611029342 0.055011943 0.258376479 -0.0223897658 0.0659291744 0.197055221 -0.0589196607 0.0540470444 0.197032705 -0.0399650633 0.0660987943 0.197240248 -0.0222940519 0.0659721047 0.197061777 -0.0363521948 0.0420245416 0.197010517 -0.0401013494 0.0744937509 0.258465618 -0.101875596 0.0550439321 0.197154105 -0.10191083 0.0550447591 0.258349001 -0.0402717292 0.0744515434 0.258389145 -0.101807863 0.0744909644 0.197018102 -0.101807982 0.0744968206 -0.197062686 0.102049232 0.0550771952 -0.19700101 0.0403973348 0.0740429908 -0.197108686 0.0612000376 0.0539415553 -0.197019219 0.101964787 0.0744900629 -0.258336663 0.0412882566 0.0744878799 -0.258397102 0.10198345 0.0744448304 -0.258423239 0.102005735 0.0550591387 -0.258552223 0.0629417971 0.0549219027 -0.259898305 0.0408778824 0.0652534887 -0.268501073 0.0457106493 0.0485889055 -0.258234203 0.0377702303 0.0424011648 -0.258581638 0.0171739254 0.0536062457 -0.197053224 0.0224192087 0.0659671128 -0.197086066 0.0364197083 0.0420940518 -0.258364856 0.022543747 0.0658877194 -0.19700101 0.0151513806 0.0537351109 -0.258321941 -0.0401195325 0.0422902778 -0.258601338 -0.0182858184 0.0546787381 -0.258289546 -0.0222675428 0.0656743795 -0.258519173 -0.0399906039 0.0657902434 -0.257055819 -0.0402237698 0.0744920522 -0.197032139 -0.0404515713 0.073780559 -0.268501073 -0.0438755304 0.0599001199 -0.258510619 -0.0628668144 0.0546414256 -0.268501073 -0.0451805554 0.0483249389 -0.197640359 -0.00984137692 0.0517484583 -0.197044149 -0.0363256931 0.0420335829 -0.197106436 -0.0220432989 0.0549057014 -0.197002992 -0.0544160269 0.0541596115 -0.197028011 -0.101843931 0.0744803771 -0.197128519 -0.101891711 0.0550342202 -0.258356959 -0.101897046 0.0550803244 -0.258392453 -0.101879068 0.0744887441 -0.197209299 -0.022298893 0.0659386665 0.400485992 0.0594380908 0.099327758 0.409995019 0.00628236262 0.107534133 0.430996984 0.0472629964 0.0739686191 0.397108287 0.061342977 0.0977459103 0.410739034 0.0157221928 0.104035258 0.376740158 0.0783940181 0.0915179029 0.38494131 0.0744424537 0.0691809133 0.390262455 0.0364417359 0.10403502 0.402542144 -0.0209342744 0.12158405 0.328264683 0.048682604 0.10072545 0.41276148 0.0322460756 0.0573523566 0.422453344 0.0538343117 0.0183157101 0.422529995 -0.0536914021 0.0156050576 0.392026931 0.0698261186 0.0676227957 0.383875906 0.0226066001 0.0709413886 0.402666301 0.0226771571 -0.0486957431 0.424338579 0.0565579049 0.0632728785 0.39809531 0.0648385584 -0.00994763803 0.425744742 0.0558391549 0.00551232789 0.35477072 0.0552004017 0.0710119978 0.380831122 0.0245586988 0.0683124885 0.340271086 0.0513175055 0.0733019933 0.390997827 0.0260169655 0.0560693108 0.38244158 0.0255770646 -0.068869032 0.398004055 -0.0640209615 0.0989573449 0.431010753 -0.048041638 0.0740153491 0.404936612 -0.0520034246 0.100909986 0.390661418 -0.0656736046 0.0761575401 0.298930675 0.0246310364 0.12158405 0.325951815 -0.0502165407 0.12158405 0.353578895 -0.0556284115 0.0995243937 0.336206347 -0.0498050787 0.0995176956 0.348386109 -0.0531496555 0.0700232238 0.371268183 -0.0783285648 0.0904578492 0.388977289 -0.0711427256 0.0678957999 0.3836689 -0.0601764731 0.071655713 0.330269396 -0.0500289276 0.0727756247 0.413365334 -0.0332094468 0.0571230799 0.419238001 -0.0581852682 -0.00955092814 0.424218029 -0.0564631447 0.0700270608 0.423178673 -0.0284478161 0.00338801602 0.399589092 -0.0637099743 -0.00707310252 0.392438173 -0.022780465 0.0659250021 0.38505438 -0.0263116825 0.0678206161 0.385716498 -0.0227204058 -0.0674367473 0.273716599 0.0393203273 0.103103541 0.355807841 0.0596858971 0.0881011337 0.273866177 0.0209838022 0.104124323 0.299005926 0.0137165412 0.10560441 0.269846708 0.0437812731 0.0967129469 0.268046826 0.0447428674 0.0696591809 0.265280575 0.038032528 0.0727566183 0.266996562 -0.0401172005 0.0727562904 0.262470901 0.0436181836 0.0882706195 0.264898747 -0.0477484576 0.0901684687 0.305688679 -0.031729456 0.1037824 0.275110841 -0.040727295 0.102234736 0.270675898 -0.0428328179 0.0988886133 0.264369011 -0.0417124443 0.0697535425 0.400158674 0.0625986457 -0.0141886938 0.424377918 0.0300956946 -0.0495741889 0.422551274 0.0158822145 0.00358007359 0.400253177 0.0291033555 -0.0698236376 0.422266573 0.00344360271 -0.0325153172 0.403108299 0.0326181762 -0.0649049953 0.425891072 0.0269090161 -0.0510447323 0.410490185 -0.0274586901 -0.0685217902 0.425873458 -0.0288528949 -0.0506572612 0.385036588 0.0226828717 -0.0682931319 0.381208509 -0.0245475713 -0.0701676533 0.409817159 -0.028335467 -0.0673217177 0.398412973 -0.0257076435 -0.0482416898 0.399024695 -0.0473824181 -0.0469519049 0.401282787 -0.0260358769 -0.0620854497 0.42384696 -0.032363642 -0.0467858203 0.371722788 0.0497846901 0.121577159 0.41760996 0.0270207319 0.222000048 0.416100442 -0.0325318985 0.222000048 0.40488705 -0.0612274259 0.222000048 0.386982888 -0.075105764 0.222000062 0.354756176 -0.0768847242 0.222000048 0.288323134 -0.0555782691 0.222000048 0.272156209 -0.0319143198 0.222000062 0.272474855 0.0326938853 0.222000062 0.287779957 0.0551889464 0.222000048 0.353357464 0.0770769864 0.222000048 0.387511581 0.0747827515 0.222000077 0.404570043 0.061547529 0.222000107 0.418334991 0.00204025465 0.239477858 0.415421158 0.0193759222 0.24249883 0.402459949 0.0595478825 0.242500067 0.381739974 0.0758698583 0.240568653 0.351966769 0.0737371519 0.242500067 0.303717375 0.061245691 0.240358308 0.279542893 0.0431974083 0.242500067 0.272972256 0.00308615225 0.242500067 0.27874884 -0.0418148302 0.242500067 0.29680419 -0.0583462566 0.240586638 0.364646494 -0.0754603446 0.242496699 0.396840781 -0.0690312088 0.240273461 0.409176141 -0.0490770936 0.242500067 0.412463009 0.046507474 0.239535078 0.398263365 0.0679761842 0.239582956 0.350792646 0.0763937756 0.239590466 0.277625442 0.0461046137 0.239669159 0.270543963 0.000710662338 0.239588872 0.27631101 -0.0434014164 0.239616692 0.341213465 -0.0740709156 0.239524454 0.37599808 -0.0775009617 0.239498898 0.412372917 -0.0466498733 0.239542767 -0.38432762 0.0472226702 0.0405048579 -0.387438923 0.0529397279 0.0600123517 -0.372809947 0.0246735159 0.0226116274 -0.386650115 0.0420326293 0.0478019342 -0.387049407 -0.0531846695 0.0601259917 -0.388044268 0.0564953163 0.0405768044 -0.393925905 0.0476536378 0.02533908 -0.394015908 0.0542230196 0.0209136065 -0.396170229 0.0220938176 0.0239369366 -0.375708193 0.0221771803 0.0239889268 -0.394586563 0.0509752743 -0.0340640061 -0.392227769 -0.0525959395 0.0210892539 -0.386753112 -0.052341368 0.0391222909 -0.395756662 -0.0553183481 0.0246549379 -0.37576443 -0.0219922233 0.0241036005 -0.386312574 -0.0444958992 0.0462086983 -0.372809947 -0.0246714354 0.0232140459 -0.394726664 -0.0497138947 -0.0387606993 -0.374693602 0.0232622009 -0.0546656251 -0.393041313 0.0253718384 0.0204304662 -0.393380731 0.0252496824 -0.0548796915 -0.396436542 0.0222905166 -0.0544297285 -0.395435303 0.029778963 -0.0685021505 -0.37441653 -0.0239846762 -0.0547400638 -0.393141747 -0.0252261031 0.0203205366 -0.394047201 -0.0241851155 -0.0548681244 -0.396161765 -0.0219779536 0.0236042179 -0.396223664 -0.0271967892 -0.069177039 -0.203380659 0.0793012455 0.0838178992 -0.209310114 0.0842381269 0.0767321661 -0.197919548 0.0721272156 0.0696521625 -0.232857421 0.0846254155 0.083202824 -0.198183 0.0850514024 0.0868846476 -0.256728947 0.0840847194 0.0740385726 -0.255322754 0.0786457732 0.0831849575 -0.256934345 0.02609233 0.0745350271 -0.256760657 0.0846526027 0.0867915973 -0.257575542 0.0238567144 0.0866702646 -0.253515333 0.0267616436 0.0838191509 -0.1977465 0.0248478353 0.0865685642 -0.200534552 0.0250735339 0.0708638579 -0.207937077 0.0234186091 0.0854397118 -0.24121508 0.0229945257 0.0792302191 -0.204067275 -0.0248825029 0.0713684261 -0.197079092 -0.0254162066 0.0719299242 -0.199619398 -0.0726691037 0.0697648823 -0.204486951 -0.0252737608 0.0837962404 -0.241858289 -0.0231875647 0.0792340934 -0.203123018 -0.0738825575 0.0838357955 -0.256630719 -0.023698315 0.0870617405 -0.257047027 -0.0262211431 0.0744154006 -0.256636024 -0.0841708183 0.0870101228 -0.254185349 -0.0264751762 0.0837969705 -0.25249058 -0.0821995884 0.0837962106 -0.198029429 -0.0844180211 0.0866185948 -0.197644427 -0.0241549332 0.0869567096 -0.20205766 -0.0851514563 0.0795156583 -0.240571305 -0.0853145644 0.077693291 -0.257608384 -0.0823572874 0.0745771453 0.255021274 -0.0271686316 0.0838030651 0.240864933 -0.0229052883 0.0795619115 0.256731242 -0.0246973112 0.0745565891 0.256932199 -0.0237859525 0.0868206769 0.257884055 -0.0817069262 0.0745630637 0.197580084 -0.0246264786 0.0869122967 0.256383777 -0.0844945535 0.0870963633 0.206084788 -0.0236283448 0.0833438188 0.203080684 -0.0780451745 0.083839938 0.201125696 -0.0704136267 0.0692019388 0.198713899 -0.0256333966 0.071274139 0.248472199 -0.0843831673 0.0833453313 0.229662463 -0.0846439898 0.0834796056 0.199383631 -0.0839821771 0.0870444626 0.201917097 -0.0842058808 0.0731350631 0.25451529 0.0799370334 0.083810918 0.256358027 0.0267306603 0.0742410049 0.250124812 0.0240727533 0.0836053714 0.210394666 0.0848815665 0.0823195204 0.20237343 0.0742826238 0.0838064551 0.197034061 0.0783339292 0.0729273707 0.203767106 0.0699196234 0.0688844994 0.199140251 0.0840865001 0.0871618912 0.197003365 0.025735857 0.0722342581 0.198736072 0.0242100414 0.0869373456 0.236328319 0.0859269947 0.0846800432 0.257879049 0.0822082981 0.086790286 0.257032305 0.0239843111 0.0869729966 0.204011232 0.0254607759 0.0837840661 0.204569414 0.0248864107 0.0721192062 0.256628603 0.0837907568 0.0743752643 -0.405985892 0.0557848997 0.0496863611 -0.392234355 0.0554667003 0.0607337505 -0.401408225 0.0561481342 0.0296470616 -0.390929997 0.0432451889 0.0744888932 -0.388241678 0.0226037987 0.0686848238 -0.422744185 0.0425188094 0.0440022424 -0.412248403 0.024785107 0.0618828237 -0.423324019 -0.0392750986 0.0442265607 -0.410632193 -0.0221732445 0.0620210096 -0.388070643 -0.0222085249 0.0703512505 -0.415836185 0.0455749258 -0.00944046676 -0.410803646 0.0416590981 0.01746195 -0.403385609 0.0505480431 -0.0359216295 -0.418684065 -0.0475018881 0.0534270443 -0.410533845 -0.0467000529 0.060123004 -0.400357932 -0.0567135736 0.0321103297 -0.386103302 -0.0532197244 0.0688063353 -0.413999945 -0.0458422042 -0.000409374974 -0.416537613 -0.045869004 -0.00724622514 -0.413873732 0.0323870741 -0.0552941598 -0.414274603 0.00742150052 -0.0388084017 -0.414055347 -0.00508504687 -0.00998758245 -0.411486924 0.0274744779 -0.0662041605 -0.413803309 -0.0247477293 -0.0604936406 -0.402254045 -0.0289527439 -0.0696853548 -0.403035015 -0.0496418513 -0.0382900238 -0.415513635 -0.0218169838 -0.057659559 -0.405890107 -0.0325159952 0.0270485952 0.258475512 0.110434525 0.038488768 0.176091835 0.116882049 0.0308139194 0.258445144 0.119017348 0.0272327606 0.258444518 0.148967817 0.0276152734 0.258446783 0.12513487 0.0118413204 0.176495314 0.127858818 0.0544491298 0.256086856 0.14322722 0.0440500714 0.232650295 0.142591238 0.0373156145 0.177479789 0.122739598 0.0645846948 0.258133769 0.125583723 0.0672851652 0.25688076 0.136043832 0.0566605255 0.258472651 0.102095291 0.0452149957 0.258172452 0.102098331 0.0740500316 0.257079065 0.115842059 0.0724456161 0.176292047 0.148997545 0.0279285908 0.176021963 0.126185611 0.00468287012 0.176351503 0.138800651 0.0341405012 0.176088184 0.133405477 0.0409340709 0.176067397 0.122486942 0.0204693321 0.176030964 0.137913167 -0.0348768979 0.176089764 0.125448748 -0.0108477483 0.176330283 0.11514312 0.071505554 0.176086262 0.109658726 0.0392442308 0.17606324 0.102084979 0.0452712253 0.258421719 0.148965001 -0.0276810043 0.258458436 0.121996716 -0.0216775928 0.258451939 0.111982554 -0.0369137824 0.176016256 0.117664158 -0.029561121 0.216845766 0.148239702 -0.0292502828 0.23459211 0.144399762 -0.0339352675 0.256194651 0.140967682 -0.0488727987 0.258223563 0.129989296 -0.0634927377 0.207586408 0.127130926 -0.0622938089 0.258365124 0.135415822 -0.0546664521 0.258247882 0.102082483 -0.0451935083 0.258378357 0.102109171 -0.073900044 0.257180274 0.112209 -0.0732069016 0.17805925 0.108766362 -0.0736656487 0.176227942 0.116219595 -0.0707100555 0.176172987 0.148989782 -0.0278576165 0.17651169 0.122074045 -0.0215169806 0.258462638 0.125078455 -0.0120785711 0.176174894 0.133235082 -0.0413430668 0.258461893 0.126543894 0.000264761213 0.176032528 0.102115534 -0.0451781712 0.176569507 0.10207209 -0.07362248 0.176031813 0.110424258 -0.0384755321 0.234022141 0.147938326 0.0297922958 0.176650256 0.102099061 0.0739454776 0.255916029 0.121187232 -0.070124656 0.177955076 0.12463627 -0.0623507835 0.256078213 -0.142422259 0.0454146899 0.22441265 -0.14124836 0.0375855416 0.258384645 -0.148819268 0.0285227429 0.258348137 -0.136649907 0.055214107 0.258453071 -0.124468364 0.0138683552 0.258467674 -0.125534788 -0.0095741963 0.176220447 -0.126406685 4.56739872e-05 0.258490354 -0.118360311 0.0281779096 0.176018357 -0.122231834 0.0207782686 0.257972121 -0.101929978 0.0736698881 0.257205516 -0.11000663 0.0736275837 0.258309305 -0.118489496 0.0711160377 0.258429497 -0.101958796 0.0452121794 0.258411705 -0.109940067 0.0387984365 0.177662343 -0.112112239 0.0727250054 0.255793005 -0.127515465 0.0658343658 0.177591667 -0.118897304 0.0687350556 0.213957995 -0.126736775 0.0631477982 0.226103559 -0.147405878 0.0299321953 0.176291198 -0.148837537 0.028155908 0.176523611 -0.139317498 0.0333976708 0.176095977 -0.125504822 0.00981898513 0.176019579 -0.114585742 0.0334442742 0.176134482 -0.13240242 0.042420201 0.17606011 -0.148853317 -0.027909698 0.17606017 -0.101968095 0.0738727301 0.176192582 -0.101938061 0.0452388115 0.258399934 -0.117303081 -0.029942682 0.258415401 -0.122120783 -0.0210801344 0.25849399 -0.131954506 -0.0608371422 0.25849241 -0.11031945 -0.0384316407 0.258072823 -0.148824379 -0.0288275648 0.228498578 -0.147302076 -0.0300811585 0.256422102 -0.147004873 -0.0343403071 0.17605643 -0.122151598 -0.0209459104 0.25672543 -0.115136296 -0.0725757778 0.255187988 -0.126672134 -0.0664111599 0.176334664 -0.119692869 -0.0678962767 0.176048175 -0.101985171 -0.0452566445 0.25846681 -0.101952597 -0.0451979153 0.258006245 -0.101941384 -0.0740239769 0.177404299 -0.113379225 -0.0721033514 0.177412048 -0.127708301 -0.0548700579 0.256722271 -0.136951014 -0.0553029478 0.176029116 -0.117014393 -0.0305075888 0.176445171 -0.138737172 -0.03370101 0.176150337 -0.101996854 -0.0740239769 0.176150173 -0.132892385 -0.0417580791 0.176225051 -0.123581097 -0.0625901893 0.177732006 -0.126412973 0.0580853 0.176113069 -0.124879539 -0.0121660931 -0.176619232 0.140971854 0.0323443823 -0.228891373 0.147369817 0.0301682409 -0.176843151 0.134384871 0.0392517261 -0.176913992 0.148993924 0.0280573778 -0.258905768 0.148984715 0.0287686531 -0.176533043 0.110434376 0.0384888835 -0.258819848 0.117441304 0.0300071258 -0.176569507 0.117535003 0.0298020523 -0.258958995 0.12591657 0.00739359204 -0.176513329 0.126563013 0.000785318087 -0.176563039 0.123069786 0.0192449614 -0.176600441 0.118795589 0.0687174052 -0.17850031 0.112035237 0.0728174895 -0.257025629 0.10995318 0.0737012923 -0.176972419 0.102098197 0.0738895833 -0.176554605 0.102087781 0.0452984348 -0.177941591 0.126105487 0.0586211905 -0.23559013 0.143285871 0.0364759788 -0.258985788 0.12257269 0.0202820599 -0.258900046 0.11132504 0.0376395732 -0.25895381 0.141366228 0.0449939147 -0.256749123 0.140951857 0.0491043106 -0.2585738 0.127905682 0.0655658916 -0.256234467 0.122192614 0.0696637109 -0.211909667 0.127256453 0.0625683442 -0.258334607 0.102073565 0.0736438632 -0.258973986 0.102085054 0.0452202745 -0.17679815 0.148918211 -0.0279557537 -0.176558509 0.141649023 -0.0317504443 -0.177761421 0.137182593 -0.0362190716 -0.176842406 0.133561835 -0.0406458713 -0.176558912 0.102119759 -0.0452728607 -0.176664129 0.124789946 -0.0135854743 -0.176508501 0.118285052 -0.0285630357 -0.258966506 0.110428713 -0.0384704657 -0.256677181 0.142043009 -0.0463259332 -0.17674078 0.125543848 -0.0595179871 -0.257255554 0.136582747 -0.0557934307 -0.178391531 0.120981053 -0.066926077 -0.177026108 0.11232008 -0.0726519153 -0.176658362 0.102102458 -0.0739208236 -0.257029742 0.127006397 -0.0663077906 -0.254985392 0.148964942 -0.029692445 -0.258734018 0.122920491 -0.0191224553 -0.258896917 0.119507171 -0.0269021578 -0.258874804 0.1256468 -0.00973445736 -0.25898549 0.148510933 -0.0251439437 -0.259002775 0.131464034 -0.0611555539 -0.257012457 0.114304319 -0.0729603767 -0.258703679 0.10208147 -0.0737682208 -0.258935422 0.102093786 -0.0451906398 -0.17659615 -0.134587467 0.0385965146 -0.234233767 -0.144718453 0.0329998583 -0.176573381 -0.141788617 0.0315654539 -0.176547021 -0.126582995 -0.00261858036 -0.176547855 -0.141373113 -0.0316483714 -0.25875631 -0.125344023 0.0106065376 -0.258902788 -0.126414284 0.000113903094 -0.176515967 -0.124160953 0.0148044266 -0.258602589 -0.148832276 0.0291385371 -0.176843941 -0.148847178 0.0279119201 -0.176675007 -0.1019914 0.045425497 -0.176507413 -0.118399419 0.0281401947 -0.25896287 -0.111951575 0.0365648046 -0.176855028 -0.121852659 0.065410994 -0.178357109 -0.126647368 0.057480894 -0.256789446 -0.14214541 0.0458745994 -0.258716702 -0.136221066 0.0562432669 -0.25897336 -0.121510044 0.0222880226 -0.258902639 -0.148784533 -0.0286730472 -0.178565949 -0.110889733 0.0733337477 -0.256862015 -0.12115515 0.0700507537 -0.176857606 -0.117926992 0.069338806 -0.258760542 -0.101941898 0.0738645643 -0.258769095 -0.101947032 0.0452265143 -0.258932233 -0.129319891 0.063998796 -0.257135212 -0.112146936 0.0732331946 -0.176634416 -0.117600955 -0.0294209123 -0.176556379 -0.122312471 -0.0206048489 -0.176572278 -0.134610072 -0.0382700935 -0.176509112 -0.110214688 -0.0385478288 -0.176633567 -0.125254959 -0.0112026436 -0.176862627 -0.148854777 -0.0280915238 -0.224719808 -0.147388965 -0.0298999902 -0.230684817 -0.142822027 -0.0357215516 -0.176563576 -0.101941422 -0.0452002063 -0.176761851 -0.119920269 -0.0677514374 -0.178384855 -0.128501639 -0.0530231856 -0.258662403 -0.101947777 -0.0451974422 -0.176804215 -0.101972967 -0.0740240067 -0.258891881 -0.124888733 -0.0121438066 -0.258984268 -0.120780274 -0.0247317068 -0.258942991 -0.110442616 -0.0383723229 -0.25887078 -0.101937912 -0.0737727955 -0.258992761 -0.130449936 -0.061154332 -0.256921172 -0.141614676 -0.0474510118 -0.212611333 -0.123252481 -0.0670319572 -0.257219046 -0.130702838 -0.0628039986 -0.257492602 -0.11589136 -0.0723899528 -0.21730572 -0.129867941 -0.059093643 -0.176580533 -0.101936541 0.0737037435 -0.177986577 -0.112179346 -0.0726394653 -0.280260563 0.0165080503 0.0660713017 -0.273063242 -0.00052428752 0.0670130029 -0.275352836 0.000766141631 0.0532189272 -0.285043746 0.0187290926 0.0521469079 -0.284861147 -0.0183440149 0.0521634631 -0.280276269 -0.0168935172 0.0655934885 -0.318688393 -0.0206346363 0.0554684475 -0.313241124 0.0220955033 0.0594853275 -0.324114829 0.0216487665 0.0603826866 -0.361085743 0.0203204975 0.0515082479 -0.34897384 0.000121658915 0.051182054 -0.353624851 0.00115117291 0.0345476307 -0.354359716 -0.0189871378 0.0527129211 -0.318600237 -0.021846287 0.064322412 -0.366262972 -0.0212856121 0.0643887073 -0.366196036 0.0194719769 0.066971153 -0.365407199 -0.00358785433 0.0330808908 0.41951552 -0.00925971661 -0.0259530265 0.420465559 -0.0153536331 -0.0165894274 0.420117229 -0.0165880751 -0.0126738353 0.420354933 0.0157866795 -0.0127972914 0.419591993 0.00233891467 0.00416515768 0.419491023 0.0186006986 -0.0314788818 0.41943863 0.0186102018 0.0058672009 0.421269 -0.0169969406 -0.0128079401 0.419546127 -0.0187071487 -0.0314480811 0.419636637 0.0102272583 -0.0253661815 0.419424444 -0.018763721 0.00590894371 0.428711981 0.0323282555 0.0711868703 0.420745134 0.0347727984 0.0742422491 0.423323482 0.0310559198 0.0767781436 0.420504093 0.0350700282 0.0629563928 0.414169043 0.0320669524 0.0566140488 0.423170239 -0.0330607332 0.0766611919 0.411654145 0.0350699164 0.0651787519 0.40865618 0.0315022618 0.0621767044 0.408545643 -0.0308683719 0.0620049573 0.428711981 -0.0313996635 0.0710568726 0.414575219 -0.0331122689 0.0568930097 0.425390512 -0.0348399207 0.0679210722 0.411352605 -0.0348128006 0.0648131296 0.195498988 -0.10142988 0.0705130324 -0.195501 -0.101429887 0.0705130026 -0.196001098 -0.101295993 0.0705130026 -0.19636701 -0.10092999 0.0705130026 -0.196501002 -0.100429989 0.0705130026 -0.196501017 0.100570008 0.0705130026 -0.19636701 0.101070009 0.0705130026 -0.196001112 0.101435997 0.0705130026 -0.195501015 0.10157001 0.0705130026 0.195498988 0.101570033 0.0705130324 0.195999011 0.101436019 0.0705130324 0.196364984 0.101070017 0.0705130324 0.196498975 0.100570023 0.0705130324 0.196498975 -0.100429967 0.0705130324 0.196364984 -0.100929983 0.0705130324 0.195999011 -0.101295978 0.0705130324 0.196498975 -0.100429967 0.0745130405 0.196498975 0.100570023 0.0745130405 0.196364984 -0.100929983 0.0745130405 0.196364984 0.101070017 0.0745130405 0.195999011 0.101436019 0.0745130405 0.195498988 0.101570033 0.0745130405 -0.195501015 0.10157001 0.0745130107 -0.196001112 0.101435997 0.0745130107 -0.19636701 0.101070009 0.0745130107 -0.196501017 0.100570008 0.0745130107 -0.196501002 -0.100429989 0.0745130107 -0.19636701 -0.10092999 0.0745130107 -0.196001098 -0.101295993 0.0745130107 -0.195501 -0.101429887 0.0745130107 0.195498988 -0.10142988 0.0745130405 0.195999011 -0.101295978 0.0745130405 -0.397725046 0.02203249 0.0638713613 -0.395783186 -0.0218562502 0.0631039888 -0.395448595 -0.0217765793 0.074010849 -0.393200755 0.0220219363 0.0745130032 -0.385958731 -0.02192997 0.0707673579 -0.371278763 -0.0214486048 0.062789239 -0.371414006 0.0217862669 0.0694530308 -0.38595587 0.0214571152 0.0695724934 -0.37161541 0.0218838081 0.0625935346 -0.411857575 -0.0018726798 -0.0103862192 -0.411910504 -0.0169040374 -0.0259276293 -0.411690861 -0.00904718973 -0.0398553386 -0.411955595 0.00956160389 -0.0395976752 -0.41321376 0.0170314685 -0.0262805261 -0.412721664 0.0157069936 -0.0262335092 -0.411518008 0.0188316498 -0.0449887365 -0.413310945 -0.0168589894 -0.0262380093 -0.412404895 0.0120877419 -0.015618002 -0.41145128 0.0188180022 -0.0074785701 -0.411423057 -0.0187444277 -0.00743621821 -0.411540955 -0.018666489 -0.0449886844 -0.387763202 -0.0147422105 -0.0675846636 -0.387382597 0.0159259327 -0.0676373169 -0.384776145 -0.0184299909 -0.0683769584 -0.38556549 -0.0177299809 -0.0562765226 -0.366638482 -0.0184299909 -0.0603495166 -0.38252154 0.0185102038 -0.0703450441 -0.366868824 0.0185700003 -0.0576643907 -0.389961511 0.0137493433 -0.0560980402 -0.391890436 -0.0118861645 -0.0564117618 0.151874572 0.140455365 0.0447789356 0.174967259 0.132214844 0.0602048896 0.174426794 0.141506732 0.0402220823 0.174669996 0.122376218 0.0706635788 0.175567329 0.115159273 0.0714002848 0.173636854 0.120498575 0.0674116313 0.173435926 0.132318139 0.0439743213 0.173537388 0.126150399 0.0588732697 0.174568892 0.103164084 0.0773630366 -0.174936503 0.116576411 0.0742978826 0.174771205 0.145489141 0.0216174684 0.150732309 0.146409407 0.0175865125 0.123755723 0.145924732 0.0207552817 0.173596948 0.147467017 -0.00119866163 0.075425677 0.139088333 0.0475571528 0.122635975 0.138348415 0.0493256189 0.107096925 0.142964512 0.0361223184 -0.174153939 0.123796426 0.0632140636 0.0537495427 0.134908795 0.0558824949 0.0789120346 0.143267721 0.0353253447 0.106601097 0.14675948 0.0137566794 0.0762695223 0.146884307 0.0125826485 0.173596814 0.139778107 0.00593684334 0.173514813 0.137577206 -0.025007559 0.174569234 0.145865545 -0.0228435434 0.17449604 0.140786141 -0.0435897969 0.17349188 0.122386523 -0.0654785931 0.175533339 0.111743286 -0.0730845407 0.175020829 0.131186262 -0.0621739998 0.174434602 0.118773796 -0.0730263591 0.173450381 0.130447492 -0.0490618311 0.059927132 0.142512843 0.0387163535 0.0331097767 0.140269384 0.0443239883 0.0488142893 0.14613542 0.0201276522 -0.175087854 0.102431677 0.0773383677 -0.176035494 0.102198273 0.0743050203 0.175290838 0.102327146 0.0740434825 -0.00323482254 0.140547156 0.0433590673 0.0264611393 0.143090278 0.0351539887 0.0296125468 0.14675054 0.0153755303 0.00223124749 0.146049082 0.0202542655 -0.17414166 0.120689496 -0.0672054514 -0.176207006 0.115104079 -0.0713882297 -0.174231261 0.132806674 -0.0425985605 -0.174091846 0.125331566 -0.0605596453 0.17467463 0.103178434 -0.0773360133 -0.175509185 0.102811828 -0.0773360133 -0.0875035301 0.136831731 0.0522201881 -0.0558820441 0.140976161 0.0424400643 -0.0291218888 0.145680979 0.0228589755 -0.0496516116 0.146676704 0.0160662066 -0.175180197 0.1296321 0.0638358817 -0.174044371 0.12940003 0.0518343747 -0.0889191404 0.144193783 0.0314727724 -0.0850328729 0.146853179 0.0130514875 -0.174803048 0.147467017 -0.00581362471 -0.175265133 0.145181537 -0.0265874937 0.175374165 0.102218613 -0.0741235316 -0.175888762 0.102325082 -0.0740109608 -0.174911752 0.133155391 -0.0589113645 -0.175501451 0.1123669 0.073081024 -0.120118797 0.13706553 0.0517780036 -0.154987186 0.138501465 0.0491650142 -0.113765165 0.143925488 0.0328671373 -0.126227438 0.146656364 0.0169496145 -0.17530033 0.139234751 0.0465472825 -0.173893392 0.134156287 0.0379961133 -0.175154343 0.144546837 0.0285524745 -0.174025014 0.139622629 -0.00583841838 -0.173985079 0.138123006 0.0209969021 -0.174938187 0.141493276 -0.0409931876 -0.174078792 0.138119027 -0.0202765223 -0.174905866 0.121054374 -0.071619384 0.173470706 0.137029469 0.0266395062 -0.0271404348 0.142841533 0.0361454263 -0.156085342 0.146715924 0.0144463927 0.173524186 -0.122020766 0.0657480434 0.173543736 -0.136921436 0.0265274141 0.173501506 -0.131039053 0.047213532 0.174677223 -0.129596993 0.06369856 0.15088512 -0.136900529 0.051746957 0.174567476 -0.139270112 0.0460752323 0.175425485 -0.102091357 0.0743461698 0.175218076 -0.115327299 0.0712345317 -0.17574802 -0.108873852 0.0735647753 0.174818754 -0.144636244 0.027781887 0.144886702 -0.143532157 0.033074379 0.155525789 -0.146534324 0.0147750657 0.17438893 -0.115768969 0.0748976097 -0.175299361 -0.128597796 0.0650648028 0.09457656 -0.134835944 0.0555412956 0.0878364891 -0.145266593 0.0260175001 0.112475455 -0.14332737 0.0350532793 -0.176004201 -0.102224961 0.0740453601 0.173362061 -0.136961222 -0.02618571 -0.173968285 -0.138148904 -0.0195978489 0.173609555 -0.139347643 -0.0068884925 0.173431218 -0.132294595 -0.0436065756 0.174472988 -0.14392437 -0.0320773311 0.174685732 -0.10218551 -0.0772677884 0.175520286 -0.102160618 -0.0740679875 0.17448464 -0.114398405 -0.0748834908 -0.175039634 -0.115488403 -0.0749153122 0.17382437 -0.118760534 -0.0691896826 0.174543142 -0.126385033 -0.0671158135 0.173497379 -0.125798434 -0.059308026 0.174605906 -0.135552332 -0.0548505299 0.174460977 -0.147327006 -0.00663426472 -0.1753833 -0.145294756 -0.0256380551 -0.173851877 -0.134244472 -0.0374636464 0.05280184 -0.140471295 0.0436039269 0.174645662 -0.102117084 0.0771720558 -0.174903989 -0.109586939 0.0763663203 -0.0677211955 -0.13729319 0.0517544337 -0.0433978774 -0.138378322 0.048821751 0.134493649 -0.133775741 0.0578961074 -0.174255088 -0.136945471 0.0263667107 0.173649341 -0.139101535 0.0112438472 -0.174126774 -0.139429942 0.0080131283 0.009706432 -0.139920339 0.0443473905 -0.00379933883 -0.144441113 0.0284364745 0.0295519158 -0.144486099 0.0289984681 0.00856980681 -0.146718159 0.0126211531 -0.175553888 -0.101999879 -0.0769218206 -0.175584793 -0.112520896 -0.0725281462 -0.174089447 -0.120487571 -0.0672615543 -0.174012586 -0.126545861 -0.0578131042 -0.175232083 -0.102116413 0.0771955773 -0.0303619485 -0.146759614 0.0133397654 -0.0258971713 -0.143200964 0.034550745 -0.0502954908 -0.145562306 0.0226868242 -0.174625233 -0.119471192 0.0683522746 -0.174039915 -0.125854179 0.0592328683 -0.0839257836 -0.141585752 0.040847782 -0.0685705096 -0.143703878 0.0318330675 -0.0757994801 -0.146395415 0.0142828897 -0.175249591 -0.128083855 -0.0652370155 -0.174900949 -0.133967668 -0.0573321357 -0.11995206 -0.137507722 0.0508276671 -0.103820167 -0.142680898 0.0369224921 -0.118388988 -0.144169271 0.0310483407 -0.174326494 -0.132798418 0.0418520942 -0.137240708 -0.146656319 0.0123570533 -0.107131355 -0.146732554 0.0131097054 -0.174980655 -0.147327006 0.000169907144 -0.174780875 -0.1423112 0.0380761251 -0.17465879 -0.118446968 0.0730814114 -0.15255253 -0.137181252 0.0514921993 -0.152317479 -0.145138532 0.025245104 -0.175138444 -0.141083822 -0.0417561233 0.121292666 -0.14657414 0.0144330235 0.0542081669 -0.146483928 0.0172871202 -0.412358582 0.0166085083 -0.0364610292 -0.412368447 -0.0162725206 -0.0167033467 -0.411310971 0.00796698965 -0.0135220103 -0.410298347 0.0184149705 -0.0384314172 -0.410127312 -0.0181389991 -0.0317840949 -0.411310971 -0.00925595034 -0.0423140116 -0.411310971 -0.00768995984 -0.0396970101 -0.411310971 0.00953197014 -0.0109050004 -0.410205722 -0.00475925766 -0.00833201036 0.419269025 0.0130869998 -0.0210079402 0.419269025 -0.0157049503 -0.00378494011 0.419269025 -0.0130869402 -0.00535104005 0.417985409 -0.0158293229 -0.0291817971 0.420204103 -0.00981483143 -0.0293719564 0.420411885 -0.00220206496 0.00444708811 0.420563132 0.0163497906 -0.0133596091 0.418069005 -0.00479390891 0.00509805977 0.418249398 0.0182770099 -0.0124857537 -0.407933414 0.0309356023 0.0277209301 -0.407678217 -0.0307957344 0.0279759616 -0.409612238 -0.0330249816 0.0291015953 -0.418403 -0.0330877081 0.0384990238 -0.419972926 -0.0307951309 0.0401696414 -0.419973105 0.0309350807 0.0401698388 -0.418352395 0.0332277194 0.0385494195 -0.409350246 0.0332280099 0.0295469314 -0.409105182 -0.0331386514 0.0300091468 0.370824724 0.0628966615 0.0896570534 0.373548567 0.0711895004 0.0896570534 0.381471395 0.0721636415 0.0896570534 0.385485977 0.0651706383 0.0896570534 0.383200973 0.0594200082 0.0896570534 0.377268255 0.0576639995 0.0896570534 0.381403923 0.0579944625 0.22940205 0.385478407 0.0629769117 0.229366645 0.375176907 0.0582732297 0.229366839 0.371985197 0.0610356927 0.229289964 0.370829761 0.0671786144 0.229498819 0.37746343 0.0725109801 0.229411632 0.384867072 0.0691810399 0.229402065 0.278374195 0.0375550091 0.0846880376 0.282691985 0.0421959907 0.0846880376 0.288989455 0.0424496457 0.0846880376 0.293004006 0.0354570337 0.0846880376 0.289073199 0.0283355471 0.0846880376 0.280719101 0.0295000263 0.0846880376 0.292996436 0.033262901 0.224397764 0.28901127 0.0283188522 0.224431857 0.280736417 0.0295199659 0.224404737 0.292996615 0.037484508 0.224397629 0.289042562 0.0424137972 0.224431917 0.280730337 0.0412343442 0.224398792 0.278323591 0.0353732295 0.224570975 0.27835083 -0.0375461802 0.0846880376 0.280734092 -0.0295030251 0.0846880376 0.288987935 -0.0282799434 0.0846880376 0.293004006 -0.0352742933 0.0846880376 0.290719002 -0.0410249531 0.0846880376 0.284786761 -0.0427809693 0.0846880376 0.282694936 -0.0421717316 0.224397868 0.288921893 -0.0424505323 0.224432886 0.292996436 -0.0374680683 0.224397644 0.29238537 -0.031264428 0.224432856 0.284723401 -0.0279329699 0.224431962 0.279502749 -0.0313050225 0.224321097 0.278381646 -0.0375371054 0.224532709 0.370824724 -0.0672792867 0.0896570534 0.371980995 -0.0610329211 0.0896570534 0.3774876 -0.0576639399 0.0896570534 0.384771317 -0.0608250536 0.0896570534 0.383728713 -0.0711682215 0.0896570534 0.375173956 -0.0719099268 0.0896570534 0.381608874 -0.0580879897 0.22940205 0.385478586 -0.0629774407 0.229366705 0.373489797 -0.0590219386 0.229384586 0.370804191 -0.0650885329 0.229539409 0.385478407 -0.0671990216 0.229366645 0.381495833 -0.072142601 0.229400277 0.372965276 -0.0706837848 0.229391769</float_array>
          <technique_common>
            <accessor source="#positions_array" count="1421" stride="3">
              <param name="X" type="float" />
              <param name="Y" type="float" />
              <param name="Z" type="float" />
            </accessor>
          </technique_common>
        </source>
        <source id="normals">
          <float_array id="normals_array" count="8088">-0.118670978 0.921343684 0.370193243 0.118669361 0.921345651 0.370188862 0.118663087 0.921345532 -0.370191067 -0.118677676 0.921339989 -0.370200336 0.0571570173 0.40758881 -0.911375046 -0.0571659915 0.407580942 -0.911377966 -0.466119349 0.80726701 0.362012118 -0.466118485 0.807268202 -0.362010479 -0.217197612 0.376186758 -0.900726795 -0.807269752 0.466105253 -0.362024039 -0.807260334 0.466127574 0.36201629 -0.376159906 0.21718806 -0.900740266 0.382703781 4.30675745e-10 -0.9238711 -0.382730395 3.18526465e-15 -0.923860073 -0.407646298 0.0571857616 -0.911347508 0.217209801 0.376171798 -0.900730073 0.376146883 0.217191532 -0.900744915 0.407614172 0.0571569353 -0.911363721 -0.921361327 0.118665002 -0.370151132 -0.923898041 -3.60038915e-10 -0.382638663 -0.921365976 0.118662126 0.370140523 -0.923900247 -1.44082168e-09 0.382633448 -0.921363413 -0.118662402 -0.370146781 -0.921361625 -0.118662946 0.370151162 -0.407632917 -0.0571700335 -0.911354482 -0.807268202 -0.466117024 -0.362012446 -0.37615031 -0.217202932 -0.900740743 -0.807275832 -0.46610266 0.362013847 -0.407652646 -0.0571838096 0.911344826 -0.382737964 7.18246851e-11 0.923856914 -0.37616691 -0.217206359 0.900732934 -0.21720399 -0.376178086 0.900728881 -0.0571664572 -0.407591105 0.911373436 0.0571576506 -0.407591194 0.911373913 0.217210799 -0.376185447 0.900724113 0.376151711 -0.217195541 0.900741935 0.407607704 -0.0571604818 0.911366343 0.382708728 -4.90448435e-16 0.923869073 -0.46612215 -0.807265103 0.362012684 -0.118672758 -0.921345055 0.370189279 0.1186627 -0.921348393 0.370184124 -0.118667953 -0.921346903 -0.37018612 0.118669115 -0.921342313 -0.370197266 -0.466116518 -0.807268858 -0.362011552 0.466106474 -0.807276547 0.362007409 0.466106325 -0.807275712 -0.362009436 0.807271183 -0.466105938 0.362020075 0.80727458 -0.466097742 -0.362022966 0.921355486 -0.118651837 0.370169938 0.921352684 -0.118654899 -0.370175928 0.923886359 0 -0.382667005 0.923888981 0 0.382660598 0.921355665 0.118647799 -0.370170772 0.921352029 0.118656091 0.370177269 0.407614917 0.0571700186 0.911362529 0.376158535 0.217172354 0.900744677 0.217197597 0.376188219 0.90072614 0.0571623296 0.407591134 0.911373675 -0.0571564399 0.407589972 0.911374509 -0.217208311 0.376168311 0.900731921 -0.376155555 0.217204705 0.90073812 -0.407639474 0.0571699813 0.911351562 0.807273567 0.466094196 0.36202985 0.466108143 0.80727607 0.362006336 0.466106147 0.807275295 -0.362010568 0.807262123 0.466111243 -0.362033308 0.407622755 -0.0571649596 -0.91135937 0.376155227 -0.217190191 -0.900741756 0.217201471 -0.376192719 -0.900723338 0.0571637154 -0.407583773 -0.911376834 -0.0571633391 -0.40759173 -0.911373317 -0.217208415 -0.376174659 -0.900729239 0.155345887 0.987354517 -0.0316032283 0.663865566 0.747812808 0.00765098585 0.489107937 0.872112274 -0.013912729 -0.12419226 0.991784573 -0.0306530651 0.202305466 -0.756147146 -0.622345567 1.9847505e-06 3.91878899e-07 -1 -2.22826372e-07 2.77498657e-07 -1 4.32748912e-08 8.7579231e-08 -1 2.39100643e-07 4.17086028e-08 -1 4.93387837e-08 1.04211054e-07 -1 2.68859139e-07 1.14285868e-07 -1 0.742284715 -0.292063951 -0.603085399 0.910103083 0.411363363 0.049924951 0.986376345 0.155629024 -0.0533039533 0.952679098 -0.269395292 0.140814468 0.653657019 -0.729246795 -0.20231548 0.180821985 -0.980590045 0.0758062601 -0.230749533 -0.971392691 -0.056133043 -0.490834922 -0.871244431 -0.00376606639 -0.000827490469 0.00187036663 0.999997914 -0.0179760009 0.024969006 0.99952662 -0.00918580685 0.0051010428 0.999944806 -0.00251631904 -0.0030523974 0.999992192 0.00178753259 -0.00606391672 0.999980032 -0.00390872452 -0.00538772577 0.999977827 -0.00576230139 -0.00403971784 0.999975264 0.00149951491 -0.0033013802 0.999993443 0.00509459525 -0.00192332768 0.999985158 0.00746980216 1.4430073e-05 0.999972105 0.0139301764 0.00702757249 0.999878287 -0.746434808 -0.662418664 -0.0635335669 -0.961353838 -0.262568146 0.0828056112 -0.99967742 0.0253938027 -0.000420439144 -0.801858842 0.597501218 -0.00383604667 -0.861289978 0.506116033 0.0450127348 -0.411316961 0.906943262 -0.0909521654 0.000763712742 -0.00103331683 0.999999166 5.10859791e-05 -5.84313675e-05 1 0.000471286068 0.000216371569 0.999999881 -0.0975773782 0.994554043 0.036619138 0.391995728 0.9193573 0.0334886052 0.189243719 0.981442571 -0.0309397932 -0.000287696632 -0.000750226842 0.999999702 0.609592259 0.792515874 -0.0177741535 0.409872741 0.904998899 -0.113935441 0.790427029 0.611441016 0.036946062 0.859961867 0.508853555 -0.0391615964 0.956659973 0.290867209 -0.0140697882 0.990793586 0.132043988 0.0298746042 0.998843551 -0.0326682143 -0.0352749154 -0.000560693617 0.000900421641 0.999999464 0.000476415618 0.000734131609 -0.999999642 0.000400783436 -4.61864583e-05 -0.99999994 -0.257619053 -0.706635058 -0.659013927 0.978522003 0.179401144 -0.101537682 0.624499798 0.779839993 -0.0430068187 0.764226139 0.640553415 -0.0751649588 0.237786353 0.732851267 -0.63748467 -0.328172803 0.699174404 -0.635183215 0.00063927914 -0.00105084735 0.999999225 -0.885482192 0.46383822 0.0278459601 -0.975491226 0.150065958 -0.160925657 -0.998786747 0.0390291326 0.0300285388 -0.585689008 0.809816599 0.0341390818 -0.747809529 0.663026512 -0.0343037546 -0.149865717 0.976456642 -0.155153796 -0.696412086 0.296892494 -0.653349102 -0.787964344 0.610255539 -0.0818556622 -0.0998570696 0.994698584 -0.0245626904 -0.938643098 0.344495267 0.0164980497 -0.259137213 -0.784980178 0.56272018 -0.975865602 0.183328569 -0.118646473 -0.71998769 -0.19390443 -0.666347384 0.37395221 -0.927169502 -0.0227256846 0.111706361 -0.993479669 0.0228011496 0.0725151077 -0.99702841 -0.0259973258 0.950086772 -0.311901689 -0.00724632805 0.937014759 -0.34773162 0.0329563022 0.848074496 -0.529874563 -0.001605356 0.588145435 -0.807938039 0.0363464803 0.718563855 -0.688505709 -0.0981115252 0.944239497 -0.314196765 -0.0984487012 0.830819964 -0.549125254 -0.0905516595 0.545678735 -0.836270988 -0.0537177511 0.00180039299 -0.00284899981 -0.999994338 0.00153633638 -0.00141549704 -0.999997795 0.199424893 -0.978434682 -0.0538073368 0.255083293 -0.966514945 -0.027952645 0.666553795 -0.745386541 0.0102418084 0.000823871989 -0.000811537961 -0.999999344 -0.997367799 -0.0655749738 -0.0309414137 -0.919849098 -0.391377479 0.0264826287 -0.888732553 -0.458150238 0.0159007646 -0.00215095165 -0.00158338062 0.999996424 -0.0011618518 -0.00208693417 0.999997139 -0.301948786 -0.953046858 0.0229926258 -0.489602029 -0.871779621 -0.01703218 -0.153234825 -0.987568676 -0.035032019 -0.674235404 -0.738054335 0.0261236429 -0.684349477 -0.728943765 -0.0175159331 -0.613026261 0.637911081 0.466120452 -0.646539092 0.0316812918 -0.762222707 -0.674739718 -0.550806463 -0.491262257 -0.00285255071 0.00445485441 0.999985993 -0.375481158 0.92665714 -0.0179017633 -0.567023337 0.823117673 -0.0310143754 -0.0029340242 0.0019933423 0.999993682 0.000603276538 -0.0117711267 0.999930561 0.00554818939 -0.00163798174 0.999983251 4.46328122e-05 -0.00134425599 0.999999106 1.19026517e-07 -2.6101894e-09 -1 0 -3.64619557e-10 -1 1.54332312e-07 -6.60224986e-09 -1 1.21668165e-07 -5.51942225e-09 -1 8.99424322e-08 -3.33934729e-08 -1 3.53838885e-07 5.44924248e-08 -1 1.06655961e-07 1.20542524e-07 -1 4.04931555e-09 3.79208913e-08 -1 0 0 -1 3.15855686e-07 -8.42192605e-07 1 2.99091369e-07 -4.78798881e-07 1 3.00029626e-07 -4.99137059e-07 1 3.66835167e-07 -1.94725567e-06 1 -7.62652007e-07 9.44473697e-07 -1 0.186569408 0.98241961 0.00660390593 0.0604702458 0.998168707 0.0015917198 0.0868624896 0.996217191 -0.00250003091 0.197112471 0.980352521 0.00745559065 0.192891285 0.981175721 0.00933615863 0.185520545 0.982589364 0.0100108916 -1.25616552e-07 -8.21711765e-08 1 0 0 1 1.04293456e-07 -1.12458096e-07 1 -1.89133431e-07 -1.68069761e-07 1 -4.85340138e-07 -1.62077725e-07 1 -3.58664806e-07 2.40308765e-07 1 -6.10005984e-08 2.62959531e-07 1 -6.72172931e-08 6.103987e-08 1 -9.16862319e-08 -6.42917755e-08 1 -1.3483168e-07 -9.69225312e-07 1 1.36680364e-06 -3.28971601e-06 1 0 9.36943616e-06 -1 0.0657549724 0.997791946 -0.00935792178 0.0692759529 0.997529626 -0.0116403531 -0.0081797028 0.999182463 0.0395922363 -0.00837785192 0.999072611 0.0422336087 -0.999241352 -0.00265695178 0.0388539955 -0.999094665 -0.00290238974 0.0424432978 -0.999241292 0.0026569285 -0.0388566069 -0.999094546 0.00290237204 -0.0424459912 0.011097989 -0.999418855 0.0322302543 0.070482485 -0.997221589 -0.0241105314 -0.0121271601 -0.999248087 -0.0368271656 -0.0125669846 -0.999036312 -0.0420532636 0.14924778 -0.988210082 0.034146212 0.213837773 -0.976485729 -0.0273681693 0.186398804 -0.982441366 -0.00803125929 0.197117984 -0.980351448 -0.00745547423 0.0869612619 -0.996208429 0.00254235719 0.0605483204 -0.998164237 -0.00145317835 0.00641274825 -0.999979198 0.000682962534 0.00687138783 -0.999975085 -0.00163436763 0.994365215 0 0.106008321 0.994365215 0 0.106008314 0.00654813601 0.999978304 0.000697888609 0.00701766601 0.999970496 0.00312147825 0.876944184 0.3176606 0.360639185 0.861187398 -0.323915899 0.39170754 0.876165569 -0.316606253 -0.363447934 0.863411129 0.331681609 -0.380142808 0.354033887 -0.33278054 -0.874023497 0.343780786 0.336783081 -0.876579702 -0.61175549 -0.406448811 -0.678641677 -0.277530938 0.327495039 -0.903174162 0.325683236 -0.862087011 -0.388247937 -0.303214431 -0.919862449 -0.248825416 -0.663166761 0.618185997 -0.421966672 0.305223554 0.870128453 -0.386930257 -0.24078238 0.907599628 0.343928367 0.323288172 0.861380279 0.391801894 -0.73165983 0.471692443 0.492118031 -0.255434155 0.378975987 0.889455199 0.359170377 0.332583338 0.872000575 -0.921739221 -0.301055938 0.244463041 -0.407065183 -0.613196135 0.676970005 0.330216914 -0.364042759 0.870878637 0.319106609 -0.879091322 0.354075432 -0.00527325692 -0.006122333 -0.999967337 -0.00471657235 4.36004193e-05 -0.999988854 -0.00622944674 -0.0167179294 -0.999840856 -0.00641311985 -0.0187539067 -0.999803543 -0.00954821706 -0.0909170285 0.995812714 -0.0150851626 -0.134333178 0.990821421 -0.00726604741 -0.0730131045 0.997304499 -0.00714437477 -0.0720584244 0.997374833 0.00014435222 0.000206773126 -0.99999994 0.000632318784 -0.00137814425 -0.999998868 0.000231683298 -7.68785394e-05 -1 0.999650657 -0.00178292091 -0.0263700765 0.999721706 0.00143423467 0.0235476661 0.999705136 -0.00164485886 -0.0242278241 0.999668658 0.00157253945 0.0256935451 0.0102281515 0.999936521 0.00473247329 -0.228535891 0.97350508 0.00769466581 -0.201640785 0.979453266 0.00350173493 0.0102965487 0.99993068 0.00571400812 -0.0116285793 0.0417774692 0.99905926 -0.00549091911 -0.0256660786 0.999655485 -0.271805674 0.690175474 0.670655966 -0.174630389 0.763384938 0.621890426 0.00589671917 -0.025535278 -0.999656558 0.0287280064 -0.20579949 -0.978172421 -0.00808199029 0.084490113 -0.996391535 -0.00889736693 0.0908999145 -0.995820284 0.000708995562 0.000349789538 0.999999702 -0.000210596918 0.00334599987 0.999994397 4.405867e-05 0.00251628552 0.999996841 0.00085434824 -0.000123799677 0.999999642 -0.15696083 0.945049167 0.28678453 -0.297161043 0.944564223 -0.139619961 0.000784740201 -0.00187321042 -0.999997914 -0.00661711348 0.0662864745 0.997778714 -0.0086027896 0.0813543573 0.996648133 -0.00845055003 0.0801992491 0.996743023 0.000656936958 0.0110570788 0.999938667 -0.00386889465 0.00374032138 -0.999985516 -0.00854979083 0.0449832529 -0.998951137 -0.00799533539 0.040095266 -0.999163866 -0.00283727818 -0.00534212822 -0.999981701 -0.0209277812 0.999717593 0.0112582874 -0.118413843 0.991832078 -0.0474059246 -0.0657198802 0.995949745 -0.0613593422 -0.014253349 0.997671068 -0.066702731 -0.013863517 0.997965872 -0.0622244701 -0.998574853 0.0126732355 0.0518427417 -0.999966264 0.00495921541 -0.00655145803 -0.999983072 0.00563044753 -0.00147638738 -0.998293459 0.0133342361 0.0568535738 -0.00453784969 -0.0476765595 -0.998852491 -0.00847493764 -0.0773294792 -0.996969581 -0.00819406193 -0.0752144083 -0.997133732 0.0101608532 0.0631364062 -0.997953176 -0.00316968118 -0.00678865146 0.999971926 -0.00698826695 -0.0407724194 0.999144018 -0.00651791506 -0.0365851335 0.999309301 -0.00225121132 0.00138159737 0.999996483 -0.0685449615 -0.993165493 0.0944661647 -0.0121080996 -0.999310017 0.0351132862 -0.0120788636 -0.999321997 0.0347800925 -0.028081296 -0.998531759 0.0463221073 -0.19253245 -0.981043696 0.0220114086 -0.131819874 -0.990090132 0.048425179 -0.308310926 -0.94118309 0.138270512 -0.399867892 -0.915925205 0.0344485715 -0.211680427 -0.977228999 0.0146591058 -0.222611442 -0.974810362 0.0137449587 0.0107309818 -0.99993521 -0.00380099751 0.0108190775 -0.999928713 -0.00505614234 0.289847761 0.673229337 -0.680257678 0.392020166 -0.625673652 -0.674427688 -0.245489359 -0.571217 -0.78322804 -0.339630276 0.31994316 -0.884470284 -0.000643352629 0.367027551 -0.930209816 0.00351362024 0.931386113 -0.364015818 0.87427187 0.224526867 -0.430390924 0.664992809 0.657493353 0.35424161 0.2777839 0.475735962 0.834572613 -0.320411146 0.338855565 0.884598017 -0.339550197 -0.320221692 0.884400189 -5.05111057e-05 -0.396240473 0.918146789 0.628596842 -0.388960272 0.673480511 0.00740062771 -0.920546234 0.390563458 0.249501646 -0.892065585 0.376786232 0.00235483935 -0.923095345 -0.384563893 -0.663686037 -0.651804864 0.366975754 -0.00232648361 -0.999350429 -0.0359623916 -0.652477503 0.663315415 0.36645022 -0.663850963 0.651644468 -0.366962314 -0.901554704 -0.00482023647 -0.432638317 0.00598735036 0.891744494 0.452499568 0.894079506 -0.243960723 -0.375639468 0.999817252 0.0186052825 -0.00439320272 0.999993742 0.00117434782 -0.0033311313 0.999993324 0.00237909961 -0.00278103026 0.946886897 -0.29689315 -0.123529956 0.109939016 -0.316735208 0.942121148 0.119452685 -0.211000577 0.970159709 0.00250623841 -0.520097315 0.854103327 0.00243912986 -0.565792084 0.82454437 -0.00714016892 -0.108726002 -0.994046092 -0.00153909484 -0.0321797244 -0.999480903 -0.0515131019 -0.362216413 -0.930669487 -0.972849369 -0.0335772708 0.228990629 -0.976098299 -0.114553608 0.184687838 -0.606619477 -0.782403111 0.140919104 -0.469158202 -0.652891517 -0.594662249 0.014242609 -0.364210725 -0.931207657 0.933484912 -0.197756335 -0.299162686 0.0250373129 -0.000201027346 -0.99968648 0.00311963656 0.00128678454 -0.999994278 0.979529083 -0.198246717 -0.0349434242 0.985808015 -0.130486041 0.10562177 0.951315343 -0.25832969 -0.168121681 0.0665001869 -0.798050404 0.598910093 -0.815528512 -0.55078274 0.177627802 -0.694423378 -0.656614304 0.29433614 -0.88649857 -0.449765831 0.108770318 -0.00117226515 -0.0229383521 -0.99973619 0.0115807038 -0.995371938 0.0953973383 -0.00389847835 -0.252227426 0.967660129 0.00198665471 -0.407910138 0.913019896 -0.00616359804 -0.109320015 0.993987501 -0.000102356178 -0.00472258963 -0.999988854 -0.00102227775 0.00092970609 -0.999999046 0.00463273982 0.00199237885 -0.999987304 0.999812484 -0.00527475402 -0.0186328311 0.998873174 -0.00408906955 -0.047283195 0.000230561214 0.990633786 -0.1365453 0.0005166193 0.73410064 -0.679040492 -0.000666253618 0.93282932 -0.360318005 0.000111218666 -0.0653625056 -0.997861564 -0.00297631486 -0.828582764 0.55985862 0.00020338266 -0.988045514 -0.154162318 0.000216212444 -0.988251686 -0.152834997 -0.00172053743 -0.936896026 -0.349603832 0.00158858846 -0.9995929 -0.0284870248 0.000670080015 -0.826780617 0.56252414 0.947566748 -0.224877715 0.227040187 0.910750151 -0.295658112 0.288306236 0.853340864 -0.484605938 0.192266762 -0.000142386183 -0.0124504762 -0.999922454 -0.000787085737 -0.00465946924 -0.999988854 -0.436790794 -0.652645886 0.619085789 -0.899049222 -0.437846929 -0.000733906811 -0.909327626 -0.412697017 0.0529566072 -0.512206972 -0.805777907 0.29726404 0.517289042 -0.702679217 0.488522261 0.451758504 -0.303491086 0.838932335 -0.00194484019 -0.00165604742 -0.999996722 0.00121129001 0.00921737123 -0.999956787 -0.00153841113 0.0230584443 -0.999732912 0.00481107784 0.0204019789 -0.999780297 0.999461889 0.0177004673 -0.0276149828 0.996816874 0.0485498793 0.0632377639 0.999994755 5.10839925e-07 -0.00324131013 0.999399006 -0.0229623392 -0.0259692371 -0.652687848 0.742689848 -0.149700999 -0.883993924 0.351763874 -0.307923526 -0.929449379 0.134023666 0.343746334 0.348771423 0.785297573 0.51153326 0.0154989483 0.674731016 0.737900972 0.0114618707 0.923250675 0.384027123 -0.794874072 0.590566456 0.139307186 -0.631322026 0.76737088 -0.112136088 -0.861234367 0.470059991 0.193181232 0.0226843171 0.895387888 0.444708824 -0.00434711482 0.0354775935 0.999361038 0.00329849217 0.421117485 0.907000124 0.00316216983 0.422113538 0.906537473 0.00384259783 0.995374978 0.0959892124 0.00420623878 0.834352076 0.551215887 0.00434531597 0.822019696 0.569442511 -0.131911695 0.799080133 -0.586575031 -0.0307830609 0.0739024505 -0.99679029 -0.0359432027 0.21171841 -0.97666955 0.908481956 0.324456096 0.263417423 0.932369351 0.28244853 0.225632846 0.983491898 0.147458225 0.104879737 -8.23167502e-05 -0.991580963 -0.129488036 -0.000284717622 -0.729314268 -0.684178829 -6.45216642e-05 -0.735336959 -0.677701712 -0.000591731805 0.0257531852 0.999668181 0.0160053577 0.291802824 0.956344545 -0.595182955 0.464450061 0.655776918 0.510024667 -0.856167257 0.0827796385 0.80868727 -0.570291042 0.144197702 0.601747155 -0.466781914 0.648085654 0.0342218652 -0.0905981734 -0.995299399 -0.00203111977 -0.0427010134 -0.999085844 -0.475478083 -0.715719819 0.511532784 0.00754964491 -0.876932025 0.480555177 -0.37838006 -0.603769243 0.701634705 -0.0121565964 -0.0404027663 -0.999109507 -0.00285250065 -0.0205865707 -0.999783993 0.000942615792 0.00389941852 -0.999991953 -0.57332927 -0.427512258 0.698946953 0.00159694161 -0.445130169 0.89546448 -0.00595126115 -0.19070816 0.981628716 -0.00375776971 0.0630085468 -0.998005927 0.000642279105 -0.28569001 -0.958321869 0.0170816649 0.181615263 -0.983221292 -0.00116594334 0.0026680287 -0.999995768 -0.0012364377 -0.0938698277 -0.995583713 -0.00682550902 -0.000765302218 -0.999976397 -0.00609938428 -0.199529633 -0.979872823 -0.980004787 -0.184457242 0.0746065751 -0.980811715 -0.166463137 0.101481289 -0.903303206 -0.428269982 -0.0250623748 0.947186172 0.268485576 -0.175367683 0.928206027 -0.306203991 0.211359069 0.807228506 -0.483026057 0.339216739 0.679746687 -0.607226372 0.411364198 -0.914946854 -0.403567344 0.00237581902 0.0298570655 -0.0208445732 -0.999336839 0.687629104 -0.60433954 0.40241763 0.92274189 -0.304527223 0.236242712 0.958844721 -0.23560068 0.158458665 0.751272559 -0.658251584 -0.0479004458 0.00738661643 -0.146204144 -0.989226878 -0.0101114064 -0.986141324 0.165598884 -0.001606595 -0.762224078 0.64731127 -0.00289468328 -0.734689355 0.678397477 -0.99991852 0.00992973428 -0.00802487042 -0.999839842 0.00354359997 -0.0175414551 -0.999997854 -0.000600870524 -0.00198745495 -0.999983311 -0.000314357341 -0.00577036571 -0.999970138 -0.00146855752 -0.00758764893 0.449117303 0.613696158 0.649361789 -0.000454184483 -0.404125661 -0.914703369 3.635342e-05 -0.414236724 -0.910169184 0.440591455 0.786919534 0.432014763 -0.42681852 0.754714072 0.498229444 -0.000187022029 -0.992245078 -0.124296904 3.3440524e-06 -0.996645987 0.0818335861 -0.659525633 0.551803648 0.510429859 0.43244499 0.719333291 0.543645978 -0.514584661 0.679753065 0.52262646 -0.00023032719 0.148062527 -0.988977969 -0.00165433413 0.142678455 -0.98976773 -0.93685174 0.196069345 -0.289595664 0.00112886005 0.000220623464 -0.999999344 0.000178919858 0.000633479794 -0.999999762 0.520203829 0.828633726 0.206770703 -0.496486306 0.838808596 0.223386303 -0.00508387666 -0.0013631871 -0.999986172 -0.000869526644 0.149836391 -0.988710403 1.3165456e-05 0.102928661 -0.994688749 -0.00287475204 0.00249291863 -0.999992788 0.0025184406 0.44868347 0.893687189 0.0170439705 0.669992805 0.742171884 -0.0072193807 0.884544611 0.46639967 0.843289316 0.45355618 0.288357347 0.592523813 0.461928546 0.659952641 0.787989616 0.580132782 0.206199542 -0.867582798 0.496914029 -0.0194044597 -0.628050625 0.72247076 -0.289116532 -0.900557637 0.433664292 0.030515559 -0.944609523 0.204121456 0.256996572 -0.948473632 0.215321913 0.232452571 -0.000147527302 0.0146584157 -0.999892533 0.015880473 0.919117987 0.393662244 0.0064891763 0.0479385555 -0.998829186 0.0144466888 0.294496566 0.955543339 -0.999863625 -0.00842596777 -0.0142042236 -0.999333322 0.0349685438 -0.0104908161 -0.999988079 -0.00353258965 -0.00336326798 0.999722958 0.0075380737 -0.0222965758 0.0053925151 0.000885707268 -0.999985039 -0.972645044 0.0245619006 -0.230994314 0.918874681 -0.297159702 -0.259548515 0.000449028274 0.400547147 -0.916276038 -9.00264131e-05 0.41140613 -0.911452115 -0.683695972 -0.660998702 0.309258014 0.000658912351 -0.00972476788 -0.999952495 -0.00173195102 -0.936470687 -0.350741595 -0.00759745995 -0.99554199 0.0940126628 0.821075737 -0.543262601 0.175215244 0.653819084 -0.754853368 -0.0521253943 4.0914133e-06 7.46025853e-06 1 8.33958964e-08 -2.74247668e-07 1 2.34781737e-06 4.09553968e-06 1 -0.000369060901 0.566251397 -0.824232519 -0.000574190635 0.997576714 0.0695729777 -0.012008328 -0.245936945 0.969211459 -0.0810175538 0.989867628 0.116611637 -0.386064917 0.679300725 -0.624102831 0.999046624 -0.0343390331 -0.0269577932 0.413907081 0.553945839 0.722374499 -0.0266604517 0.933030307 0.358808607 -0.202339739 0.00253739697 -0.979312122 0.0543314144 0.879703939 0.472407728 0.0212842021 -0.056801118 -0.998158634 0.00168703031 0.241584167 -0.970378399 -0.00443148986 0.0696597397 -0.997560978 0.00841765571 0.0392662771 -0.999193311 0.0303963833 0.184123442 -0.982433021 0.790539145 0.612202048 -0.0160156786 0.88708967 0.417161524 0.197605997 -0.916903079 0.270599782 0.293367445 -0.978725374 0.113532364 0.170900673 0.000298991625 0.00117590348 -0.999999285 -0.0107490402 0.00271711918 -0.999938548 0.00225132867 -0.0600155368 -0.998194933 0.00147831009 0.960899591 -0.276893049 0.00109470042 0.971815705 -0.235739291 0.00109226769 0.971879125 -0.235477641 0.00833122712 0.000334698736 -0.99996525 0.003951238 0.99552083 0.0944595858 -0.0118371723 0.00180863042 -0.999928296 -0.00768705085 0.997128129 0.0753422827 0.874982417 0.373684585 0.307840198 -0.00250318809 -0.0409459509 -0.999158204 -0.916986763 0.309327811 0.251895934 -0.911114454 0.290854067 0.292017698 0.463169634 -0.878456235 -0.117424436 -0.813154995 -0.577900589 0.0693527386 -0.906697035 -0.28546527 0.310499638 -2.69758875e-05 0.999269843 0.0382067524 0.0138449688 -0.992570579 -0.120880112 0.041251868 -0.642630577 0.765064836 -0.00993700884 -0.379514933 0.925132275 0.00974130351 -0.329468518 0.944116294 -0.665652037 -0.72024107 -0.195346311 -0.000209948645 -0.00380723877 -0.999992728 0.00191242504 -0.955938935 0.293559432 0.639211476 -0.76673162 -0.0594242066 -0.998492181 0.0514207967 -0.0192173626 -0.999841094 0.0126700262 -0.012540061 -0.999110997 0.00873036403 -0.0412426554 0.0500237718 -0.0612242334 -0.996869683 0.171846718 -0.977584839 -0.121641114 0.0932660103 -0.995144069 -0.0314595401 -0.020583814 0.0010446161 -0.999787569 -0.00748166256 0.000294441823 -0.999971986 -0.945007205 0.299840271 -0.130602956 0.0015707236 0.00494440971 -0.999986529 0.00456692092 0.0263088029 -0.999643445 -0.839110911 0.543957472 -0.00179397536 -0.599087536 0.762550116 -0.244154543 0.878584802 0.473862052 0.0595270358 0.888671517 0.444101781 0.114177458 -1.66076507e-06 -3.64005768e-06 1 -0.000700951321 -0.0803645626 -0.996765316 -0.000278990163 -0.99470222 0.102798142 0.00148059928 0.96082902 -0.277137965 -0.0140786171 0.997619808 -0.06750229 -0.00221576635 -0.0391308591 -0.999231637 -0.0745420307 0.427814245 -0.900787652 0.142891139 0.984874129 0.0980057567 0.974987745 0.148437336 0.165424332 0.971954405 0.122630052 0.200665221 0.96901083 0.105866797 0.223182052 0.96210146 0.076690577 0.26168552 0.956087351 0.241789892 0.16563417 0.662081718 0.627731204 0.409391463 0.884544194 0.388226807 0.258575916 0.0411015525 -0.98556006 -0.164261952 0.0060354271 -0.403647631 -0.91489464 0.0629420206 -0.68185401 -0.728775322 0.203930795 0.827354491 0.52335155 0.286310434 0.956477284 -0.0563698933 0.00162900018 0.98553592 -0.169458792 -0.000139084892 -0.999643087 0.0267151594 0.00206634752 0.171353236 0.985207498 0.516484559 0.508072317 0.689279497 -0.0796917006 -0.995869935 -0.043500375 -0.157410994 -0.653318465 0.74053812 0.0460325181 -0.970951676 0.234805942 0.00377173419 -0.137979537 0.990427911 6.02979435e-06 0.142626539 0.989776552 0.00248879311 -0.11212413 0.993691087 0.000540514768 -0.132281974 0.991211951 -0.00354421325 -0.740447223 -0.672105193 0.00166616775 -0.101022691 0.994882703 -0.00032848565 0.00296441768 0.99999553 0.00168928877 -0.102227174 0.994759619 -0.00657401374 0.0178708192 0.999818683 0.00193169608 -0.358066469 0.933694124 0.264631301 -0.829103947 -0.492500722 0.0125976549 -0.975775242 0.218412429 -0.441344798 -0.646582246 -0.622210741 0.00363575364 -0.74969542 0.661773026 -0.00505350437 0.101512223 0.994821429 2.8977187e-05 0.0441772342 -0.999023736 4.78909715e-05 -2.18433415e-05 -1 0.000992319197 0.991476715 -0.130280346 -0.984479368 0.15832454 0.0757214352 0.355827957 -0.407639205 -0.840961814 0.0017225442 -0.382534206 0.923939705 6.49918138e-06 0.989112675 -0.147160292 -0.00765549066 -0.9653669 -0.260783821 0.00226787548 0.0737737194 -0.997272432 -0.00132006349 -0.467756271 -0.883856535 -0.000150415319 0.0502991043 0.998734176 -0.563410461 0.529305279 0.634353638 -0.00455688825 -0.999986649 -0.0024368919 -4.14711894e-06 0.999996662 -0.00258285832 -4.19061826e-06 0.999996662 -0.00258115749 -1.30116246e-06 0.999996364 -0.00269413926 -0.000151607121 0.000236571999 -0.99999994 -0.123783231 -0.969426692 -0.211871639 -0.419401467 -0.863950729 -0.278731942 -0.248178825 -0.924557626 -0.289137363 -0.507259011 -0.783617437 -0.358652979 -0.00572638679 -0.999382913 -0.03465496 -0.000138819814 -0.0725653172 0.997363627 0.0989685655 -0.913088679 -0.395568341 -0.00130089361 -0.991312087 -0.13152431 0.0741077363 -0.841416657 -0.535281301 -0.00545141054 -0.0512384884 -0.998671591 0.00264959713 0.0278323796 0.999609113 0.0058569056 0.0454706475 0.998948514 -1.57398099e-05 0.00290635857 -0.999995768 -0.000982646015 -0.99968797 0.024960842 0.0091131581 -0.998464942 -0.0546326973 -0.0582709983 -0.941643596 -0.331529588 0.548809946 -0.65514791 -0.519219458 -0.00130978471 0.0187552292 0.999823272 -0.00502597634 -0.722448468 -0.691406548 -0.000106242638 0.00244248798 -0.99999702 0.00304846489 -0.999547422 -0.0299269352 -0.0031233558 -0.990846872 -0.134954512 -0.0686919838 -0.335341156 0.939589143 -0.159092382 0.804284871 0.572551668 -0.00183643436 0.168502599 0.985699475 -0.179213867 -0.656217456 0.732980967 0.269051731 -0.829709232 -0.489074349 0.834067285 -0.226175189 -0.503166556 0.0030310289 -0.99920851 -0.0396635942 4.53342363e-06 0.0028955373 -0.999995828 -0.491852343 -0.30220437 0.816549897 -0.00730782514 -0.144199371 0.989521682 -0.598479867 -0.234008864 0.766199529 -0.0049726693 -0.999973595 -0.00529745175 -0.00300409133 -0.999985874 0.00437816884 -0.993219733 0.0706643984 0.0923098624 -0.993392587 0.0977388099 0.0601522475 -0.994741619 -0.0933066979 0.0422246903 0.853514373 -0.508846819 0.11219655 0.999541223 0.019065544 0.0235330798 0.00384920696 -0.141522765 0.98992753 0.050190568 -0.201354146 -0.978231788 0.978543222 -0.094821237 -0.182926595 -0.00346153975 -0.990287244 -0.138993487 0.000704477017 -0.995307505 -0.0967597216 -0.234453231 -0.514969289 0.824523091 -0.582837224 -0.299015552 -0.755572975 0.000524433213 -0.283708453 -0.958910465 -0.00035509179 0.00435251137 0.999990463 0.00227555912 0.0750416145 -0.99717778 0.731506586 -0.438508213 -0.522119343 -0.0052753333 0.419070959 0.907938182 9.19276499e-05 0.98855418 -0.15086624 -1.24876931e-06 0.999996364 -0.00269618793 -0.00572575303 0.999960542 0.00679423939 0.00278342725 -0.0301953908 0.99954015 -0.000126341663 0.00694083516 -0.99997592 0.00583921 0.979968131 -0.199068666 0.00138762384 -0.0176242776 -0.999843717 -0.22134614 -0.76943177 0.599149883 -0.796772599 0.219753131 -0.562904954 0.5709126 0.415712476 0.707984447 0.21807988 -0.78895849 0.574443758 0.990816534 -0.101133548 0.0897471681 0.708669186 0.704719245 0.0340406895 0.987159371 -0.115815923 0.110013917 0.990796447 -0.118656494 0.0651385933 0.590404272 0.207893461 0.779873788 0.42604658 0.84992516 -0.31001851 0.156609446 0.983467102 -0.0909175128 0.0151685262 -0.453524023 0.89111495 0.0103531517 -0.577453375 -0.81635803 0.0168529768 -0.967272997 0.253177702 0.0107628899 -0.570337474 -0.821339965 -0.350563467 0.46349439 -0.813804746 -0.277279466 0.883714497 -0.377047509 -0.174334168 0.663336039 -0.727731347 0.488976836 0.861688793 -0.135624975 0.26791355 0.905299544 -0.329628646 0.00240902882 0.184174016 0.982890725 -0.00157642644 0.0552962646 0.998468757 -0.000215635213 -0.88428241 -0.466952443 -0.194191605 0.977222323 -0.0855928883 0.000103515835 0.119500913 0.992834091 0.00216674223 0.0456118323 0.998956919 -0.00108987512 0.0667495355 0.997769177 -0.0235723704 -0.103162259 -0.994385183 -0.0218888912 -0.0959693193 -0.995143592 -0.00239498611 -0.012668672 -0.999916852 0.249334797 -0.17624712 -0.952244222 -0.721121192 0.507705569 0.471401364 -0.289072007 0.957281947 0.00697589945 -0.54254806 0.839738071 0.0219453927 0.0705922171 0.947018445 -0.313325495 -0.00259062788 0.206204757 -0.978505433 -0.0666527599 0.857787013 -0.509665489 0.316309154 0.721696198 -0.615713537 0.348829985 0.922911286 -0.16294919 0.000284650538 -0.00789720751 0.999968767 -0.00177976605 0.251632899 0.967821121 0.00625847513 -0.722497463 -0.691345215 0.000648212677 -0.852436423 -0.522830486 8.92342632e-06 0.00198718999 -0.999998033 -0.000220249611 -0.00264582736 -0.999996483 2.04794724e-05 0.00222080876 -0.999997556 -5.10895006e-05 -0.022030998 0.99975729 -5.743363e-05 -0.0223595127 0.999750018 0.000462954864 0.00459451135 0.999989331 0.735714316 0.676283479 -0.0369468369 -0.0938980356 -0.0925851911 -0.991267443 0.000204979209 0.996420026 -0.084540233 0.00228301249 0.976395071 -0.215980336 -0.0026213231 0.994510531 -0.104603902 -0.808167219 0.587081671 -0.0469128974 -0.378875464 0.881857574 -0.280678779 -0.477546215 0.825351775 -0.301237524 -3.03595448e-06 -0.999997437 -0.00226660538 -3.65931123e-06 -0.999997377 -0.00229134317 3.69320514e-05 -0.999999762 -0.000680485216 -0.595656574 0.400431812 0.696310043 0.000251975755 0.0437118448 0.99904412 0.00123885821 -0.112176053 0.99368757 -0.00607797969 -0.439504236 0.898219943 -0.980593503 0.188378274 0.0543141626 -0.00763211027 -0.75537765 -0.655245245 0.00651415763 -0.967467487 -0.252911538 -0.000279280095 -0.94228816 -0.334802896 -0.000296270358 0.224928394 0.974375248 -0.613361776 0.343642563 0.711123884 -0.00946927071 -0.431791872 0.901923597 0.0300257504 -0.318583876 -0.947418988 0.000347625464 -0.00540471682 -0.999985337 -9.31336108e-05 -0.000840739405 -0.999999642 0.0104685072 0.787207305 -0.61659956 0.0184846055 0.996891022 0.0765940249 0.00170147454 0.977495074 -0.210951388 0.0172319859 0.41776979 -0.908389509 -0.950643063 0.165901229 -0.262210906 -0.732901335 0.655803919 -0.18104367 -0.189306036 -0.821090043 0.538492739 -0.994719505 -0.0825828463 0.0609357543 -0.996109366 -0.0820486248 0.0321577154 -0.699965239 0.713995099 0.0161143281 0.493859798 0.270998865 0.826233685 0.00417524762 0.650421083 -0.759562373 -0.00267054862 0.99351263 -0.11369025 -1.66821774e-05 -0.00250456901 -0.999996841 0.747656822 0.374067277 -0.548710227 -0.001115639 0.0655738041 0.99784708 0.00116892753 0.756453454 -0.654046535 -0.00517438678 -0.261445552 0.965204358 0.000469300896 0.00492329849 0.999987781 -0.00340559846 0.788676083 -0.6147995 0.713610888 0.67054826 0.202791706 0.0337084197 -0.522065282 0.852239132 -0.00318226987 -0.982511938 -0.18617253 -0.000697748386 -0.012299181 -0.999924123 3.76886564e-05 -0.999999762 -0.000650459318 0.745066226 0.66670078 -0.0196573548 -0.072937198 0.983804047 -0.163736716 -0.834486961 0.550587595 0.0220182501 0.0309343413 -0.328165799 -0.944113493 0.00220336183 0.0438500755 0.999035716 0.00842796173 -0.137189314 0.990508974 0.735857308 0.541669011 -0.406335622 0.64520812 0.763760865 0.0193847176 0.733947515 0.491235912 -0.469050437 0.59264195 0.0709967092 -0.802330971 -0.995966494 -0.0845899582 -0.0299215876 -0.296392262 0.776084542 0.556636691 0.00125318544 0.624468625 -0.781048894 -7.78276953e-05 -0.000903805601 -0.999999583 -0.00467351126 0.0568630733 0.998371065 -0.000382099621 -0.00212660711 0.999997675 0.00150281482 -0.0153186247 0.999881506 -0.313547194 0.813253462 -0.490211099 0.321473897 0.814215899 -0.483432502 0.28903687 0.525790274 -0.800001383 -0.00159551098 0.0962472335 0.995356202 -0.0020999941 0.303372443 0.952869773 0.00422000745 -0.0514104143 0.998668671 0.75746882 0.176260784 -0.628627956 0.843247354 -0.461746186 -0.275180489 0.681638181 -0.21169661 -0.700395584 -0.370900452 0.495401531 -0.78549999 -0.459996909 -0.469926834 -0.753373504 -0.721775711 0.0133170132 -0.691998899 0.245549232 -0.548137546 -0.799531579 -0.841432333 0.453271955 -0.294170231 -0.639142275 -0.703918159 -0.309832931 -0.338625759 -0.820930839 -0.459788114 0.839278817 0.463644296 -0.283980608 -0.0151672428 0.159989476 0.987002194 0.318440497 -0.827829659 -0.461837351 -0.232325882 0.528084815 -0.816793203 0.236449301 0.518757284 -0.821573257 0.26902017 -0.53364259 -0.801781595 0.0588586815 0.922645211 -0.381131768 0.729316235 0.189345434 -0.657454312 0.60746485 0.73788631 -0.294126242 -0.589065552 0.716862738 -0.372974038 -0.734062672 0.199938878 -0.648981035 -0.715670109 -0.185255378 -0.673421621 0.284227341 -0.828008652 -0.483338863 -0.270234406 -0.536993504 -0.799131572 0.747864723 -0.203039289 -0.63203907 0.824213028 -0.486537129 -0.289749026 -0.900311828 -0.379972458 -0.212272257 -0.00750561152 -0.00463993847 0.999961078 -0.131752789 -0.015398412 0.991163015 -0.0330138728 -0.00736468052 0.999427736 -0.340562612 -0.818437636 -0.462792575 0.00951308571 -0.00446795719 0.999944746 0.02991952 -0.00516569288 0.999538958 0.00224479567 -0.00355385873 0.999991179 0.708852053 0.178743005 -0.682334006 0.902440608 0.373452336 -0.214789018 0.892532051 -0.3884103 -0.229180962 0.00377706112 0.151943177 0.988382041 0.000209446051 0.0611186661 0.9981305 0.00157654518 0.053945858 0.998542607 0.000830567209 0.18672663 0.982411563 0.259246349 0.538430274 -0.801800549 0.21423699 -0.53142792 -0.819565058 -0.863784432 0.440332621 -0.244915441 -0.549913466 0.418446988 -0.722839713 -0.709357977 -0.208621681 -0.673266888 0.00355379423 -0.0663309991 0.99779135 -0.00593794975 -0.191328749 0.981508076 0.00784257706 -0.207537442 0.978195667 0.706253946 -0.212931886 -0.675178051 0.377462476 -0.797087193 -0.471353441 -0.196086779 -0.53085959 -0.824462295 -0.301640183 -0.810808957 -0.501599431 0.377197385 0.798248768 -0.469596714 -0.308293104 0.826472759 -0.471060604 -0.0252188183 -0.704781413 0.70897609 -0.821624815 -0.47782293 -0.310834229 0.675082386 0.224226549 -0.70284158 0.277917922 -0.525962174 -0.803819239 -0.491835922 -0.427969664 -0.758247554 0.862726986 -0.427448809 -0.270166039 0.744312882 -0.196888342 -0.638148308 0.583403587 0.720080495 -0.375665277 0.227621451 0.680453598 -0.696542442 -0.324375093 0.823486447 -0.465457737 -0.22689271 0.538449705 -0.81153661 0.00564857759 -0.0745154917 0.997203887 -0.00254387804 -0.0114366282 0.999931335 0.0169671569 -0.243498802 0.969752789 -0.00167501939 0.00130155333 0.999997735 0.346934199 -0.812580466 -0.468347818 -0.226162836 -0.868942916 -0.440214276 -0.630914629 -0.716894746 -0.29666242 -0.0149706751 0.00397622725 0.999880016 -0.0420531519 0.00546447374 0.999100447 -0.706436574 0.190360829 -0.681696534 -0.867461205 0.428362429 -0.25301531 -0.935410202 -0.306346744 -0.176520437 0.501568675 0.657869816 -0.561815083 0.713103831 0.299459279 -0.633882582 0.63913852 -0.40202269 -0.655652106 -0.476180822 0.651530921 0.59055841 0.247617722 0.948160529 -0.199191004 -0.228584349 0.946514606 0.22772631 -0.709472656 -0.0108187795 -0.704649866 -0.710191667 -0.00251891394 -0.70400387 -0.709177494 -0.00371570466 -0.705020189 -0.704743028 0.00362471538 -0.709453344 0.706981897 -7.25980572e-05 0.707231641 0.708670676 -0.000242758062 0.705539405 0.709620357 -7.35923891e-07 0.704584181 0.714519978 4.41466073e-05 0.699615002 0.71282357 -8.40703506e-05 0.701343358 0.612128496 -0.451001108 -0.649535775 0.200327799 -0.95380193 -0.223898783 0.219408453 -0.947424829 -0.232907906 0.70600456 -0.000397366704 0.70820713 -0.703716397 0.00277873641 -0.710475564 -0.704344094 0.0104846796 -0.709781289 -0.0478451438 -0.994200289 0.0963154584 -0.0522136092 -0.995127261 0.0836387202 -0.686184466 0.321603745 0.652473748 -0.749532104 -0.00579811726 0.661942601 -0.756516039 -0.00708390493 0.653936744 0.999897659 0.00791909173 0.0119171822 0.999986351 -0.00220485148 -0.00473978836 0.999972105 0.00481400359 0.00571470335 0.00282940431 0.0427704677 0.999080896 0.00867332332 0.253569484 0.967278302 0.0907684788 0.501781762 0.860218644 0.00258863973 0.0110851619 0.99993521 0.00118100212 0.999996305 0.00245524175 0.00062012783 0.999999583 0.000692297879 -0.0011018418 0.999988258 -0.00472018123 -0.000123658625 4.0628609e-05 -1 0.000275807804 -0.000358067249 -0.999999881 0.000276693463 -0.00035895122 -0.999999881 -0.99999541 0.000751144718 0.00293336809 -0.999996901 0.000515183434 0.00243192329 -0.999999404 0.000207707941 0.00107079116 -0.999999464 2.42924625e-06 0.00104857876 -0.000677455741 0.0157384463 0.999875903 -0.00165860238 0.999977708 -0.00647017686 0.999990284 0.00123277144 0.00422659889 0.999990106 -0.00351026794 -0.00273712911 0.887846947 -0.287819505 0.359009385 0.990951598 -0.0866703689 0.102484941 0.766000211 -0.4039931 0.5000332 0.137744576 0.00856125914 -0.990430772 0.999885082 0.00132903736 0.0151018864 0.000344014145 -0.999418139 -0.0341065526 0.000723506673 -0.999508023 -0.0313559175 0.000765011588 -0.999517381 -0.0310550649 0.0702144653 -0.393122643 -0.916801214 -0.021724958 -0.0913740322 -0.99557966 -0.011291923 0.18298009 -0.983051777 -0.999999881 -0.000284051377 0.00044729482 -0.999995708 -0.00244122045 -0.00160745345 0.000588176597 -0.00538602751 -0.999985337 5.37998239e-05 -0.00360618136 -0.999993503 0.000467509904 -0.00498412456 -0.999987483 0.000303660199 -0.999408126 -0.0343990251 -6.5481705e-05 -0.00320888893 -0.999994874 -0.999981344 -0.005670432 0.00226600585 -0.999944866 -0.0028119036 -0.0101199802 -0.999991059 0.00340138702 -0.00250325887 0.999735594 -0.000815662206 0.0229793545 0.999851465 -0.00942365825 0.0144325346 0.999764919 -0.00492323702 0.0211146343 0.191274285 -0.339587778 0.920920372 0.00145974616 -0.221624807 0.975130916 0.258103728 -0.302486151 0.917542696 -0.999968767 0.00770848291 0.00175165979 -0.999998987 0.00142769248 -0.000185606259 0.989653707 0.087990731 -0.113327637 0.955848396 -0.098488763 -0.27686426 0.99730134 -0.0546606928 -0.0490129292 -0.00184195372 0.00359233306 -0.999991834 -0.00360910292 0.00182668096 -0.999991834 -0.00183748489 0.00359679875 -0.999991834 -0.000144309815 -0.999976456 -0.00685629807 -0.000314585748 -0.999972641 -0.00738983601 0.000387314649 -0.99998647 -0.00519050704 -7.51515909e-05 0.00535760541 -0.999985635 0.00700087752 -0.212357745 0.977166891 -0.0111110592 -0.0356891565 0.999301195 -0.999999881 -0.000261851907 0.000352082105 -0.999996781 -0.00129393663 0.00217196904 -0.999993443 -0.00179006509 0.00314699346 0.000676491298 -0.00075797789 -0.999999464 0.00168965349 -0.996565342 0.0827929527 0.000814804807 -0.780604541 -0.625024676 0.106520794 -0.848829091 -0.517824769 0.0887528807 0.492091686 0.866007328 8.30716453e-05 0.241079092 0.970505476 0.999869764 0.010319341 0.0124094887 -0.99881196 -0.0241613556 -0.0423185714 -0.99996531 0.0073379064 -0.00393692125 0.844986677 -0.157707706 0.511004627 0.999844015 -0.0165640749 0.00613487791 -0.00572719472 0.998831034 0.0479980111 0.118515484 0.476117581 -0.871358812 0.0776966587 0.79098624 -0.606880486 0.00101536384 0.997972667 -0.0636356473 0.953439295 -0.02092712 -0.300857991 0.0332294069 0.637093544 -0.770069838 0.0512848347 0.446356386 -0.893384516 0.0876071751 0.729837239 -0.677984238 0.0005589801 -0.999989033 -0.00465260632 0.471641868 -0.486216158 -0.735627472 0.997026742 -0.0770478025 -0.00115764828 0.00261321315 -0.0144449174 0.999892235 0.999988914 0.00163143931 0.00441986741 0.999999344 0.000321537605 0.00110557606 0.999993563 0.00117345434 0.00338319596 0.000805637392 -0.00682937028 -0.999976337 0.0023877304 -0.00525382906 -0.99998337 0.00239828951 -0.00524331303 -0.99998337 0.999999881 0.000444082223 2.17976722e-05 -0.000119032302 0.99999094 -0.00425552018 0.00128704123 0.999999166 0.000197403497 -0.000569170574 0.999983728 -0.00568105513 0.00633614836 0.0291396715 0.99955529 -0.220748454 0.317505419 0.922204137 0.0149312625 0.290985912 0.956610799 -0.999657452 0.0260897968 -0.00207067281 -0.999664605 0.0186134987 -0.01800742 -0.972567618 0.106158577 -0.20698455 -0.998832285 -0.0299971215 -0.0378708988 -0.929889262 0.162295401 -0.330100298 -0.383233279 0.507489264 -0.771742761 -0.205719531 0.317316592 0.925737381 0.00400197227 -0.00364623195 -0.999985337 0.0303296689 -0.557753265 -0.829452455 -0.0135112377 -0.286588162 -0.957958579 0.0123558361 0.0811119676 -0.996628404 -0.194622129 -0.9804672 0.028396083 -0.999990642 0.00260699727 0.00344767259 -0.999926925 0.0115769031 -0.00348705123 -0.999952912 0.00658207666 0.00712854043 -0.0330008119 -0.36941129 0.928679824 0.00715818023 0.262294978 0.964961171 -0.999884009 0.00725150667 0.0133914566 -0.873996079 0.334818155 0.352175623 0.999993205 -0.00363571662 0.000585815695 0.999931633 -0.00842207391 0.00811314024 -0.999961078 -0.00645270012 0.00601291237 -0.999991655 0.00211664476 -0.00349309877 -0.97746861 -0.00246288115 -0.211066455 -0.98840344 -0.000158117909 -0.15185076 -0.00267738057 0.201352477 -0.979515195 0.00184390217 0.223594591 -0.974680483 0.999799728 -0.00493831933 -0.019395167 0.999944866 0.00906615052 -0.00530042965 0.998753309 -0.00411371375 -0.0497480892 0.999398768 0.0346688107 0.00037105009 0.999618709 0.0249372758 0.011857246 -0.0337691493 0.987525523 0.153795227 -0.00480379444 0.999968052 -0.00638489006 -0.0300939437 0.990602314 0.133421853 -0.0589067899 0.207909867 -0.9763726 -0.0711569712 0.249992982 -0.965629458 -0.0135341156 0.0519460663 -0.998558164 -0.0212776158 -0.447513431 0.894024014 -0.00839608256 -0.266546726 0.96378541 0.00615199376 -0.143242165 0.989668548 -0.000492726918 -0.0014521702 0.999998808 -0.00650243647 -0.0111878775 0.999916255 -0.99998951 -0.00144520041 -0.00434676791 -0.999994099 -0.00241865078 -0.00245129946 0.00173855631 0.999997139 0.00162733463 -0.000208137659 0.0204360522 0.999791145 -0.0983272344 -0.635808885 -0.765557885 0.0154914474 -0.647876978 -0.761587441 -0.0182997249 -0.977130651 -0.211850882 -0.999897838 -0.0033582584 0.013892577 -0.806517422 0.275308996 0.523196518 -0.0497581773 -0.566712141 -0.822411954 0.0663923547 -0.51666981 -0.853606701 -0.00324903312 0.109347813 -0.99399823 -0.988221347 0.105560519 0.110794932 -0.740536094 0.465771973 0.484420091 0.996358275 0.0396802165 -0.0754692852 0.000268252596 0.999184549 -0.0403749235 -0.000611231895 0.00749853253 -0.999971688 -0.456928492 -0.00772930169 -0.889469862 -0.00871764589 -0.254793465 0.966956198 -0.00131110649 0.999670386 -0.0256405324 0.999995232 0.00227896892 0.00207465305 0.999996364 -0.000554624246 0.00264839036 -0.000283433852 -0.999997675 -0.00213283929 -0.000309562718 -0.999997854 -0.00205038185 -0.000391352718 -0.999998331 -0.00179226813 -1.97255486e-06 5.4001488e-05 -1 0.0317326672 0.0316734947 -0.99899441 0.0315667801 0.0315082148 -0.9990049 0.999997497 -2.79007199e-05 0.00224033324 0.0631192923 0.0629461259 -0.996018946 0.999998033 8.4543979e-05 0.00199441635 -0.000417507981 -0.99999845 -0.00170972722 -0.011563994 0.140655994 -0.989991009 0.0127352364 0.520878971 -0.853535533 -0.0100277988 0.306931406 -0.951678813 0.999998033 0.00198738556 -5.29009048e-05 0.999998152 0.00118884991 0.00150157686 0.985251427 0.0661776587 0.157797799 0.999762416 -0.0172935259 -0.0132687828 0.978908181 0.0706914216 0.191680849 0.734288156 0.272686779 0.621661305 2.63246147e-05 0.0103929797 -0.999945998 0.00483571133 0.018044319 -0.999825478 0.000174818779 4.40656841e-05 1 -0.000139345066 -0.000274378282 0.99999994 0.000176504676 4.577453e-05 1 -0.999987125 0.00185463007 -0.00472225808 -0.999998927 0.00015636305 -0.00147630856 -0.99999392 -0.00234890869 0.00257337699 -0.99999547 -0.000483116426 0.00297599798 -0.000738383911 0.999997437 -0.00214915583 0.000615093682 0.999997556 0.00212629908 -0.00117327867 0.999993086 -0.00352293113 0.0202492643 -0.996736825 0.0781390816 0.0110389702 -0.999772787 0.0182361268 0.0193779692 -0.997182786 0.0724637806 0.0664284974 -0.172536001 0.982760668 0.0343864858 -0.547058105 0.836388052 0.0232532863 -0.443145126 0.896148264 0.92229557 -0.386478752 -0.00225898623 0.999956787 0.00827268045 0.00423830561 0.99990952 0.00170094927 -0.0133446818 0.999136627 0.0304982495 -0.0282109007 0.926753104 0.373128921 -0.0436296798 -0.999991655 -0.00399967749 0.000831921818 -0.999884188 -0.0127296364 -0.0083399117 0.0305255149 0.493889362 -0.868988752 -0.0121973008 0.271573782 -0.962340355 0.0317418054 -0.559777498 0.828034818 -0.999633849 -0.0149462316 0.0225567836 0.0142473085 0.572991371 0.819437563 -0.0123532666 -0.279253244 0.960138023 -0.015071705 0.54250437 0.839917779 0.940555513 0.338835388 -0.0233637597 0.529384792 0.846910954 0.0499358959 0.9255054 -0.210363969 0.31493932 0.984901309 -0.0839948654 0.151374608 0.813769639 -0.272216707 0.513494909 0.991188109 0.112623706 0.0697279125 0.0290831439 -0.359198987 -0.932807744 0.0234851185 -0.487887681 -0.872590423 0.00908621587 -0.25834924 -0.966008842 0.0444953889 -0.145765826 0.988318026 0.0105466377 -0.0271646287 0.999575317 0.0530070215 -0.175525174 0.983046889 -0.999644876 0.00853588525 0.0252445806 -0.999962747 0.00748275267 -0.00429743575 -0.999439359 0.0115133887 -0.0314398333 -0.999822199 0.0138992323 0.0127421971 -0.999996901 -0.000428192259 -0.00245061656 0.0114197563 0.999883831 0.010092726 0.00371677941 0.999515414 -0.0309049096 0.0125778317 0.999788642 0.0162640065 0.00472064922 -0.238800541 -0.971057177 0.00287014968 -0.228115514 -0.973629832 -1.28995134e-05 -0.000784521108 -0.999999702 0.00931425951 -0.0148334932 -0.999846578 0.990151405 -0.0884027779 0.108559474 0.999975145 -0.00253258366 0.00658211252 0.999985039 -0.00379495928 0.00394552387 0.000462946802 -0.999992549 0.0038371759 0.000113969778 -0.999987841 0.00493609859 0.000574710721 -0.999993742 0.00348523119 0.00068797468 4.9830338e-05 0.999999762 0.000391214009 0.000345859531 0.999999881 0.000392849208 0.000344228407 0.999999881 9.56663644e-05 0.000640678569 0.999999762 -0.999972641 -0.00246194704 -0.00697848387 -0.999982715 -0.00180159428 -0.00559384143 0.00104876165 0.999993324 0.00349619705 0.000494737236 0.000368342735 0.999999821 -0.999975145 0.00256286468 -0.00657051383 0.0171697978 -0.00741023244 0.99982512 0.49782002 -0.867253184 -0.00686415099 0.949846566 -0.312696993 0.00347620016 0.0100413067 -0.999880433 0.0117592188 0.000713327376 0.00716078095 0.999974132 -0.0197346117 0.907013595 0.42063871 0.00170978974 0.943618953 0.331029177 0.00275109615 0.999346614 -0.036038354 2.44703756e-06 -0.999985993 0.00528728031 -0.999997258 0.000169241874 -0.00234228163 0.999995291 5.33832608e-05 -0.00307701086 0.999994695 -1.93669512e-05 -0.0032618898 0.999986529 0.000167252147 -0.00518388674 0.00323194102 -0.00330196647 0.999989331 0.00321311248 -0.00328293955 0.99998945 0.00714771962 -0.00725901127 0.999948084 -0.000512329745 0.999998271 0.0017732603 0.000104335464 0.999993026 0.00372747285 -0.000709205342 0.999999106 0.00114935858 -0.999990404 0.00203108531 0.00388293853 -0.999993682 0.00329658482 0.00135202578 -0.985667229 0.0835656822 0.146550104 -0.125028625 -0.479711115 0.868472874 -0.0141686574 -0.998804629 0.0467820503 -0.0288361479 -0.658790767 0.751773357 -0.951291859 -0.308287919 0.00152649241 -0.584669948 -0.808469415 0.0673667192 -0.940491438 -0.339560688 -0.0132041676 -0.999487579 -0.0181668885 -0.0263545085 -0.0716171265 -0.640764773 0.764389575 0.999995589 0.0014881473 -0.00256282394 -0.00216311077 -0.520659626 0.853761613 0.0149226245 -0.543512464 0.839268446 -0.0190185048 -0.524839699 0.850988567 0.00421131123 0.399175465 -0.916864872 -0.0139950011 0.227968067 -0.973568022 -0.0218541101 -0.479516745 -0.877260566 0.999999225 0.000968801149 -0.000807144854 0.999995947 0.000766631623 0.00273958547 -0.999934137 -0.0089860037 -0.00714024669 -0.905083477 0.425146073 -0.00864220411 -0.999961615 -0.00623942958 0.00614785962 -0.890417516 0.454000115 -0.0322567411 0.00410321308 0.999651015 0.0260955729 -0.110516876 0.466883868 0.877385616 -0.0172096789 0.660817742 0.750349104 -0.338603228 -0.412320018 0.84577775 -0.652621329 -0.500763595 0.56861335 -0.705268621 -0.507951319 0.494551957 -0.412851334 0.910144746 -0.0345010124 -0.305326194 0.946252823 -0.106683969 0.991087139 -0.0256395899 0.130724445 0.999979973 0.00566880312 0.00280556316 0.0114006512 0.0923008844 0.995665908 0.0399135388 0.0580069162 0.997517943 0.0117621217 0.25096494 0.967924714 0.999991775 0.00359850447 0.00188608898 0.999999762 0.000675544317 0.000110672845 0.0133145535 -0.28000477 -0.95990628 0.0121184215 -0.310258776 -0.950574875 0.999991834 -0.00202816143 -0.00350248767 0.999982953 -0.00273916218 -0.00516172405 0.0182353072 -0.177585244 -0.983936429 -0.00366484514 -0.0158284791 -0.999867976 -0.000752007472 -0.0112473425 -0.999936461 -0.992890179 0.0145713659 0.118138902 -0.999996066 -0.00206509628 0.00189483678 -0.99989742 -0.00119945232 0.0142738828 -0.999990523 -0.00395750161 -0.00182513706 0.999997437 0.000311311655 -0.00223770435 -0.00534369284 0.203262165 -0.979109764 -0.0095890779 0.0190470144 -0.999772608 -0.0193436816 0.231372312 -0.972672939 0.000291791803 0.00351212546 -0.999993801 -0.00443110475 0.461417079 -0.887172282 -0.993008077 0.0735476315 0.0923345461 -0.941650331 0.188140348 0.279101968 -0.000736739603 0.000708538864 0.999999464 -0.815297186 0.285604417 0.503706872 0.000300869666 0.999990463 0.00435028691 -0.995262563 -0.0814031586 0.0531596467 0.00145140057 -0.526050985 -0.850451827 0.00621944154 0.952187061 0.305452317 -0.0263738185 0.796838939 0.60361582 0.0608844012 0.99786377 0.0236844923 -0.0032262546 0.580225229 0.814449668 0.999674737 0.0207771976 -0.0147913322 0.999856532 0.0139262779 0.00964447018 8.89759467e-05 -0.99999696 0.00245684618 0.000183662371 -0.999997675 0.00215753051 0.000478302129 -0.999999106 0.00122613646 0.00600897335 0.00552616594 0.999966681 0.00590703171 0.00562799163 0.999966741 0.000129701933 0.0113983797 0.999935031 0.0118519384 -0.000310573931 0.999929726 0.00057271996 -0.999999404 0.000927669345 -0.985834181 0.0213628747 0.166356772 -0.877529442 -0.476503909 0.0537223555 0.367073357 0.550049424 0.750135183 0.555388868 0.13887918 0.819912076 0.75107646 0.483005255 0.450100094 -0.210490555 -0.6962834 -0.686209261 -0.687155962 -0.602029622 -0.406665742 -0.454394877 -0.0600989573 -0.888770759 0.605140269 0.791875005 0.0820932463 0.478985369 0.874059916 0.0811929628 0.302032799 0.283042163 0.910309494 0.23451601 -0.0214411635 0.971875787 0.00565374736 0.28757894 0.957740247 -0.0316891223 0.276374161 0.960527539 -0.942764282 0.330173254 -0.0467022657 -0.812667072 -0.581623852 -0.0358591117 -0.83731693 0.546710908 -0.00273982272 0.980683684 -0.132859647 0.143554196 0.975551903 -0.157639042 0.153128728 0.714648843 -0.697529793 -0.0522418059 0.607435882 0.788893878 0.0931022912 0.445165455 0.853589118 -0.270579517 0.404242814 0.899523795 -0.165664315 -0.721254587 0.666273952 0.189395934 -0.225203127 0.524652302 -0.82098937 -0.733603358 0.33619073 -0.590594471 -0.321550995 0.0290620085 -0.94644618 0.089666076 0.0544143543 0.994484305 0.0372408442 0.0148674343 0.999195695 0.0701950714 0.024617536 0.997229457 -0.135170862 0.990805507 0.00576842157 -0.138538852 0.990338802 0.00600071857 -0.190817356 0.981578469 0.00961181149 0.371989787 -0.599164546 0.708960831 0.819540262 -0.444971114 0.361046404 -0.33929944 0.528788209 -0.777983844 -0.65232569 0.643332362 -0.40074265 -0.192238063 0.981083453 0.0227993354 -0.750536144 0.377986163 0.542053461 -0.351148099 -0.739336252 0.57452327 0.295801669 -0.773694754 0.560265779 0.108150572 0.72504586 -0.680155873 -0.345366567 -0.750309408 0.56370002 -0.237874135 -0.568379939 -0.787629485 -0.213940904 -0.940593481 0.263653517 0.26374951 -0.906282067 -0.330286354 -0.245074764 0.72313863 0.645762205 0.14711307 0.988806307 -0.0248962007 0.969670475 -0.208314791 0.127844334 0.932404935 -0.354096383 0.0723653361 0.813985527 0.54219383 0.208454892 0.613185048 -0.766352117 -0.191594765 0.623729885 -0.779744387 0.0544029512 0.98924607 -0.115183681 -0.0901386365 0.410346061 0.873033106 0.263494432 0.995396852 0.00306767086 0.0957899988 0.994211316 -0.0158293024 0.106269807 -0.957876384 0.247057498 0.14640826 -0.0676945969 0.00572186196 -0.997689664 0.0304210745 -0.00291760359 0.999532938 -0.970722139 0.23514764 0.049032066 -0.401212543 0.441517055 0.802552879 -0.148052409 0.811527193 0.56524694 -0.465276182 0.833990276 -0.296611428 0.468473822 -0.0720650926 -0.880533338 -0.317609727 0.905249357 0.282219291 -0.989778459 0.115551054 -0.0835854039 0.661516368 -0.177167147 -0.728702903 0.16345647 -0.97009778 0.179421946 0.166320354 -0.985348642 0.0377570018 -0.164143443 0.986271739 -0.0180281065 -0.0072434484 -0.000163239529 0.999973774 -0.00355277234 -0.00312099513 0.999988794 -0.789594769 0.578130364 0.205682576 -0.692426741 -0.676947832 0.249573216 -0.812799811 -0.451875478 0.367648035 -0.442789614 -0.824529946 -0.352260947 -0.371325999 -0.366426438 0.853140473 0.0097338818 -0.00615403708 0.99993366 0.636327684 0.0647957474 -0.768692791 -0.051400438 0.0316976644 0.998174965 -0.0149130197 -0.120060198 0.992654622 0.983747303 0.00766342133 -0.179395005 -0.999667227 -0.0182890836 -0.018192498 -0.55813694 -0.802375257 0.211369574 -0.836399913 -0.356623709 0.416238785 0.995856524 -0.0904199854 -0.00969347451 0.423844755 0.00992237683 -0.905680537 0.765551448 -0.0301050134 -0.642669916 -0.995452523 0.026295051 -0.0915578231 -0.995615005 0.0600545891 -0.0717229396 -0.932305336 0.00844440423 -0.361573607 -0.997857153 0.00910121296 -0.0647940859 -0.999992669 -0.00371410768 -0.000923533691 0.993260741 -0.0416851938 0.108145252 0.352099717 0.295164704 -0.888202429 -0.442681879 -0.330913454 0.833384097 0.833613336 0.362514049 -0.416740119 0.38738215 -0.389153272 -0.835759997 0.884782493 -0.330888122 -0.328135669 0.830151916 -0.485077888 -0.274858564 0.274077922 -0.929492414 -0.246830091 -0.0588859506 0.0273019541 -0.997891307 0.00914044958 -0.292877138 -0.956106424 -0.121715851 -0.0402361751 0.991749108 -0.268443316 0.504930437 0.820355713 -0.0529409312 -0.998533845 -0.0112902084 0.974402547 0.122090429 0.188768715 -0.999637783 0.0268114544 0.00232243235 0.255998224 -0.825733244 -0.502622664 -0.953860998 -0.0155598102 0.299845189 -0.990077436 -0.0196628328 0.139140323 -0.990472794 -0.0802875161 -0.11188183 -0.000380267767 0.0188527294 0.999822199 0.413471997 0.899603426 0.140551075 0.214905366 0.976426482 -0.020175295 -0.842223346 0.420278728 0.337676793 -0.229911163 -0.960431099 -0.157203615 0.289762825 0.800082743 0.525266647 0.195847303 0.869152069 -0.454112858 -0.554002345 0.765162647 -0.328035802 0.995384336 -0.0188171323 0.0941058621 0.702845931 -0.697173774 -0.141266748 0.621527016 -0.486974269 -0.613645077 -0.989641309 -0.0867891088 -0.114357866 -0.938714683 -0.342570573 -0.0382119119 -0.724279463 -0.668272078 0.16979903 0.533059061 0.828662872 0.170780182 -0.996194959 -0.0829605684 0.0267043132 -0.998085618 -0.0590973422 0.0182368718 -0.999995887 0.000346889545 -0.00284823589 0.00973498821 0.00427085208 -0.999943495 0.169534549 -0.965163052 0.199294493 -0.95781821 0.0404349156 -0.284515917 0.142749548 0.988316238 0.0534184761 0.990308523 0.0217451025 -0.137172118 0.00304350536 -0.00122091558 -0.999994636 0.154235318 0.98473978 0.0806162357 -0.128687873 -0.95189178 -0.278103262 0.000282171968 -0.999999821 -0.000545421964 0.999841571 0.00921582617 0.0152276875 0.99996233 -0.00242803222 0.00833451375 0.999943733 0.0012825625 0.0105313836 -0.999623477 0.0248894654 -0.01155042 -0.193692431 0.981013238 0.00981069915 0.999704957 0.0153254764 0.0188438911 0.211669415 0.977287769 -0.0102283927 -0.786262393 0.014569724 0.617720902 1.7827854e-07 3.74113256e-07 -1 2.98275859e-06 0 -1 -2.46033119e-06 1.23185671e-07 -1 1.80723731e-07 -1.85642776e-07 -1 4.95160975e-07 -1.01277493e-07 -1 -6.440996e-07 2.83039952e-07 -1 -4.74009653e-07 2.34582259e-07 -1 9.36389632e-09 -2.2894487e-07 -1 -1.32622617e-07 -4.53028832e-07 -1 4.40227836e-07 2.64880413e-07 -1 5.1461916e-07 1.51971801e-06 -1 0 3.37518441e-06 -1 0.983931422 -0.176607728 0.0262425411 0.987432957 0.152556807 0.0412622876 0.901320875 -0.028191587 0.432233691 0.623180747 0.0795051977 0.778026104 0.409680724 0.305844873 0.859430432 0.175649032 0.750464559 0.637142301 -0.0601731241 0.397446841 0.915650129 -0.259062648 0.712418616 0.652185798 -0.388382912 0.208662689 0.897562623 -0.469291419 0.0319882594 0.882463753 -0.385090828 -0.226113483 0.894750118 -0.302454233 -0.674011946 0.673965335 -0.040207848 -0.582410634 0.811899722 0.485249072 -0.604480922 0.63177222 0.396713167 -0.255325973 0.881718397 0.836302102 0.309566796 0.452512145 0.56237036 0.693424284 0.450446844 0.801005721 0.598420203 -0.0168265067 0.351012141 0.93628943 -0.0123513313 -0.156381428 0.918701947 0.362672865 -0.127523944 0.991828322 0.00376910996 -0.566997886 0.823714197 0.00289679738 -0.752912164 0.536641479 0.380971342 -0.966928959 0.253856659 0.0246005766 -0.999818921 0.0076874136 -0.0174085367 -0.757398903 -0.0259747189 0.652435601 -0.804783404 -0.476668864 0.353709638 -0.967946529 -0.250993252 0.00905292109 -0.574545741 -0.818439484 0.00734955631 -0.228304893 -0.852390945 0.470432371 -0.125272587 -0.992108345 -0.00527628465 0.148005724 -0.878519773 0.454199702 0.358678192 -0.933306694 -0.0169859603 0.800018966 -0.599971652 0.00189815252 0.894835293 -0.296475738 0.33372429 0.889034748 0.449188173 -0.0885844454 0.956624031 0.203322679 0.208639175 0.983680546 0.113612078 0.139516428 -0.998615026 -0.047928039 -0.0217010751 -0.993205786 -0.115435712 -0.0147246802 -0.998965561 0.0205053687 -0.0405870192 -0.975191832 0.0327933952 0.218918964 -0.979276776 -0.0342223644 0.199614123 0.832373559 0.503440559 -0.231736571 -0.00231468701 -0.054572247 0.998507142 -0.98740989 0.104874484 0.118419111 -0.997805834 0.0662068129 -0.0004823872 -0.997595191 0.0670210049 0.0176644493 -0.974786997 -0.103400245 -0.197734028 0.770115018 -0.596759975 -0.225389287 0.844932914 -0.525735259 -0.0984421745 0.529998064 -0.839923799 -0.11674799 -0.974104643 0.084866263 -0.209565848 -0.994916439 0.100076109 -0.0112261148 0.992264688 -0.106117271 -0.064419575 0.956246376 -0.193635657 0.219312742 0.997841656 -0.0553167574 -0.0353850164 -0.999871731 -0.00353104738 -0.0156219564 0.998139024 0.0579183996 -0.0190774966 0.999203861 0.0385649018 -0.0102146966 0.764284492 -0.252268761 -0.593489408 0.0466593988 0.998771966 -0.0166580752 0.094427146 0.995519757 -0.00489591481 0.105782837 0.994387031 -0.00208962942 0.442873925 -0.563400805 -0.697454095 0.983027875 -0.0673388317 -0.170650706 0.0379744954 -0.999268651 -0.00447768858 0.0110540129 -0.999868751 -0.0118422387 0.0446160212 -0.999000669 -0.00265900441 -0.00420445902 -0.14608258 -0.989263475 -0.999839365 -0.00583456596 -0.0169456024 -0.99618113 0.0831512585 -0.0266285874 -0.997023046 0.075479582 -0.0157457795 0.0286056083 -0.999546647 -0.00939529855 0.0258828159 -0.999614179 -0.0100756716 0.0133377612 -0.999823809 -0.0132087534 0.999330044 0.0154113881 -0.0331958681 0.992681623 -0.0822228268 -0.0884451494 -0.709798813 0.703799307 -0.0291932505 -0.000400242308 0.999617159 -0.0276648309 -0.497465938 0.866701066 -0.0368356444 0.917702436 0.368973255 -0.147244602 0.107859738 0.0202882737 -0.993959069 -0.848253012 -0.32795921 0.415823996 -0.914071083 0.331023932 0.234301493 -0.0244419761 0.0311931446 0.99921447 0.141474068 -0.0230719876 -0.989673078 0.999346316 0.0339652374 -0.0123794479 0.00410851697 -0.999897182 -0.0137404157 0.999752998 0.00367566757 -0.0219179057 0.0365507193 0.999148548 -0.0191384461 0.999771416 0.00589334965 -0.0205527041 -0.992293417 0.123749919 -0.00629870174 -0.998676181 -0.0514378063 -0.000105389197 -0.999768734 -0.0126937833 -0.0173601881 0.0103001064 -0.999849379 -0.0139669795 0.986078382 -0.106705338 -0.12752822 -0.0100407954 0.9996261 -0.0254331697 -0.586349726 -0.466804385 -0.662033021 -0.381276131 -0.877114952 -0.292058051 -0.945635617 -0.146747753 -0.29023847 0.0255566798 -0.240162179 -0.97039628 0.653686643 0.704854727 -0.275451481 0.181358233 0.944354177 -0.274416387 -0.00631253468 0.998547673 -0.0535047203 0.987940669 -0.00482432544 -0.154757693 0.601333499 -0.324376106 -0.730190456 0.945109069 0.0246465933 -0.325824082 -0.00157497253 -0.00197462481 0.999996781 0.0119181955 -0.0150698237 0.999815404 -0.00269493181 -0.0122981854 0.999920726 -0.00565706659 0.99895978 -0.0452475064 -0.00554460706 0.998994052 -0.0444988273 -0.999905348 0.0134082502 -0.00308328751 -0.999884486 0.0121361287 -0.00914779585 -0.998983741 0.0046398812 -0.0448321179 0.511281431 0.490166247 -0.705923736 0.989908755 -0.0445122495 -0.134533629 0.982735276 -0.0591296032 -0.175314292 0.96302253 0.208505765 -0.170625106 -0.898378134 0.0568882227 -0.435523242 -0.460097551 0.070688203 -0.885049939 -0.0325005464 -0.0182843599 0.999304473 -0.109265693 -0.00601085089 0.993994415 0.113419071 0.895240843 -0.430905968 0.235614851 0.959256709 -0.15592362 -0.10245464 -0.988554776 -0.110736281 -0.136061579 -0.972999215 -0.186439574 -0.0354980417 -0.998659551 0.0376701988 0.219566092 -0.823337913 -0.523359716 -0.00626366539 -0.994814813 0.10151016 0.143083155 -0.988917589 -0.0396134555 -0.998632073 0.00309059164 -0.0521960966 0.0831468552 0.0411507711 -0.995687306 -0.0311933178 -0.68445617 -0.728386402 0.0521847457 -0.901163995 -0.430325627 -0.0516691245 -0.998113334 -0.0331680402 -0.996522963 -0.0380614847 -0.0741167367 -0.96786052 -0.0539024845 -0.245643198 -0.973282695 -0.0389423333 -0.226283535 -0.0923351869 0.989668846 -0.109680444 -0.0209650882 0.999760389 0.00629467191 -0.134106413 0.972655714 -0.189621687 -0.999458969 6.08677219e-05 0.0328896567 -0.999258578 0.00127689482 0.038478978 -0.997334719 0.0086715417 0.0724445581 0.129437372 -0.677379012 -0.724157155 0.103947468 0.700791121 -0.705752611 0.00416302728 -0.00328010204 0.999985933 0.00667677447 -0.000854141021 0.99997735 0.00424583629 -0.00320018618 0.999985874 0.00173666747 -0.00562164327 0.999982715 -0.0273899212 0.167269647 -0.985530674 0.99895978 -0.0443792865 0.0104774907 0.73594892 -0.662502289 -0.139534473 0.988074541 -0.0827823505 -0.129829943 0.997563303 -0.0555616729 0.0421937928 -0.0528331101 0.414678067 -0.908433139 0.0519973151 0.926948547 -0.371567905 0.4482283 -0.878848433 -0.163452759 -0.102195188 -0.993282616 -0.0542752109 -0.0344356149 -0.997469902 0.0621932596 0.948765159 0.024433054 -0.315035999 0.885342121 -0.00584418932 -0.464903384 0.874343157 -0.0101411492 -0.485202163 0.0516433604 0.996362627 -0.067783013 0.0430083908 0.997812808 -0.0501984656 0.0823163763 0.993367434 -0.0802813619 -0.999006569 -0.0280596726 -0.0346189626 0.223729596 -0.970058024 -0.0945116282 -0.99678719 0.0101964846 0.0794441029 -0.970388114 0.000863437075 -0.241549626 0.191515669 0.973755002 -0.122975536 0.9563061 0.0290887915 -0.290916622 -0.146121562 -0.980475903 -0.131588191 -0.560181022 -0.431677133 -0.707002163 -0.0791157186 -0.822705746 -0.562935174 -0.196411699 -0.937603533 -0.286918283 0.999635756 0.0202127937 -0.0178818163 0.999868751 0.0161418393 0.00137188612 0.994836807 -0.00510182278 0.1013593 0.00147940859 0.00452772155 0.999988675 0.000341828942 0.00341045135 0.999994099 0.000294257072 0.00336372852 0.999994278 0.00355393882 -0.0801777393 -0.996774256 0.0607243031 0.99806565 -0.013323687 0.0884396434 0.993234456 -0.0752577335 0.00914061535 0.994497716 0.104358651 0.888581574 0.0438359417 -0.456619382 0.989718139 -0.0185036026 -0.141829461 0.98182112 -0.0208189655 -0.188663453 0.106862307 0.450989783 -0.886108756 0.846128821 0.0700202957 -0.528358936 -0.996340036 -0.0504689254 -0.0689881295 -0.990563214 -0.0504343286 -0.127439991 -0.995621681 -0.0455184467 -0.0816429406 -0.108485274 0.994057059 0.00902647898 -0.0411096476 0.983338594 0.17707397 -0.327122629 0.0458540544 -0.943868756 -0.982168555 -0.019883085 -0.18694815 -0.732061923 0.0762651637 -0.67695564 0.0643219277 -0.985737801 -0.155511096 -0.00967152603 -0.996047974 0.0882889405 0.0354430862 -0.993917167 -0.104270995 -0.0194332618 -0.999600649 0.0205156021 -0.0203954466 -0.999715507 0.0123642851 -0.987624168 -0.0624092221 -0.143887267 0.993096054 -0.00844053458 0.116999827 -0.146880209 0.986370385 -0.0741600618 0.0208995361 0.138254881 -0.990176141 0.0842840597 -0.974764287 -0.206714109 0.201510116 0.839308679 -0.504930317 -0.000891020522 0.00219960348 0.999997199 0.992419958 0.0224914774 -0.12081708 -0.978521049 -0.106483825 -0.176515713 -0.585824728 -0.336711496 -0.737180233 -0.857747674 0.0620791093 -0.510308802 -0.426099956 0.035702683 -0.903971314 0.201791644 -0.254447669 -0.94579941 0.273860693 -0.27039668 -0.922976673 0.642362237 -0.559601486 -0.523657262 0.745566785 0.655181289 -0.121932745 0.956462741 0.291826904 0.00400468428 0.96522212 0.261247426 0.00980269816 -0.990038276 0.00023675742 0.140798122 -0.768016517 -0.0431702472 -0.638973415 -0.993032396 0.00626226468 0.11767526 0.0447825231 0.713360608 0.699364781 -0.143771276 0.80188328 0.579925001 0.0966551453 0.605730712 0.789777279 0.0640135109 -0.985492647 -0.157183021 0.0278121829 -0.995941222 -0.0856010839 0.0921850204 -0.972337186 -0.214621305 -0.00386531698 0.000328921713 -0.99999249 0.998258233 0.0236023217 0.0540685952 0.998682797 0.0211513154 0.046747148 -0.0369482227 -0.997576058 -0.0589643158 -0.049784366 -0.996636808 -0.0650894642 0.0298673734 0.998413563 -0.0477316491 -0.112465583 -0.989621699 -0.0894445702 -0.988497019 0.00256945612 -0.151218459 -0.473959684 0.00579831377 -0.880527437 0.158644274 0.981289446 0.109101109 -0.806580901 -0.461648643 -0.369198918 0.00285655609 -0.00039151957 0.999995828 0.070862785 0.350650698 -0.933821499 -0.302178979 -0.856886804 -0.417651683 -0.0938421711 0.994072914 -0.0548882931 -0.210755229 0.91676271 -0.339305788 -0.000625917397 -0.00374589511 0.999992788 0.995380282 -0.0133097367 -0.0950839743 0.99466753 -0.014785626 -0.102067932 0.998107374 -0.00615137676 -0.0611870028 0.998537004 -0.00460849935 -0.053875953 -0.0232543573 -0.0720376372 -0.997130811 -0.447878122 0.842778921 0.298544586 -0.392993063 0.764347255 0.511204123 -0.316798389 0.946885049 -0.0552040935 0.992719471 0.0994147137 -0.068005614 0.992075384 0.124544725 0.0165827144 0.902796447 0.005639398 -0.43003118 -0.728516757 0.554927886 0.401644588 -0.635615826 0.0778657869 0.768068671 -0.559886098 0.205415145 0.802703083 -0.293830127 -0.134619683 0.946330488 -0.933848083 -0.268175274 0.236663967 -0.501946807 -0.0697493479 0.862081468 -0.374451041 -0.0474051647 0.926034093 0.620719433 -0.595577896 -0.509896338 -0.267986655 -0.959256947 -0.0894947425 0.620795488 -0.783927739 0.00838306453 -0.720151484 0.661545217 -0.209140643 -0.686528683 -0.552436709 0.472749442 0.587593377 0.492382824 -0.642100573 0.788336277 0.490754455 -0.371060669 0.533511639 0.844133735 -0.0529488921 -0.44287464 -0.47015667 0.763423026 0.548862934 -0.465036511 -0.694615364 0.322091192 -0.0520404391 -0.945277214 0.88758409 0.460285008 0.0182249937 -0.871037304 -0.490079761 -0.0334037207 0.831523955 -0.552076459 0.0614773296 0.866353095 -0.431809366 0.250944078 -0.809933662 0.586482227 0.00678846566 -0.998506844 0.0243947413 -0.0488768481 -0.881669581 -0.000601207663 -0.471866876 0.925490201 -0.155034825 0.345589519 -0.970295131 0.136226237 -0.199924305 0.99950695 -0.0313897021 -0.00071844348 0.790429533 0.385396808 0.476120263 0.709821224 0.419281304 0.566000879 0.889458418 0.402144432 0.217125684 -0.871399701 -0.245807618 -0.424548268 0.952779114 0.28817609 0.0957416072 0.998233318 -0.0253677983 -0.0537285283 -0.725403965 -0.372946203 -0.578532875 0.39379546 -0.509814918 0.764862001 -0.725306392 -0.632078946 -0.272776246 0.649498522 -0.757831693 0.0619898662 0.997549176 0.0582698025 0.0387329981 -0.977025926 0.00385377603 0.213085711 -0.858662844 0.507897556 0.0688345879 0.996576011 0.0604115091 0.0564510152 0.321854651 0.922550559 -0.212861717 -0.410580546 -0.911347687 0.0294797868 0.884938717 -0.464312017 -0.0360256359 0.541822433 -0.80782938 0.232034758 -0.500751853 0.847792923 -0.174627423 -0.00323091238 -0.715637267 -0.698464692 0.0012479237 -0.82378757 -0.566897273 -0.00689715473 -0.869808972 -0.493340492 0.658974648 0.736671507 0.151879862 0.999998569 4.25001126e-05 -0.00167836912 0.999999642 -0.00041637721 0.00077525212 -0.687909663 0.649717689 0.323492348 0.289432764 0.868145049 0.403178424 -0.0959451124 0.883885384 0.457756609 -0.495797098 0.687623978 0.530432343 0.659357011 0.453881294 0.599366426 0.504356682 0.704562545 0.499215305 0.999948263 0.00413810182 0.00929341279 0.676155806 0.0933727846 0.730817914 0.483062416 0.25957188 0.83622551 0.99999851 0.00116247777 0.00126525736 -0.999961555 0.00407137489 0.00776809128 -0.999974906 0.00671912497 0.00224215793 -0.999700606 0.0244571231 0.000709189684 -0.999867141 0.0156950224 0.00439757528 -0.999995589 -0.00208324799 0.00212854985 -0.999999702 -0.00054558547 0.000527682307 0.00389926182 -0.934177458 -0.356787384 0.00678275479 -0.99581486 -0.0911411569 -0.00469597615 -0.969503462 -0.245032713 -0.999996543 -0.00191975269 -0.00178651058 -0.999747396 -0.0208580252 -0.00837162044 -0.661476016 0.326821685 0.675008893 0.000326375128 -0.693722486 -0.720242321 -0.000580917695 -0.901299 -0.433197111 -0.000243585644 -0.899688363 -0.436532617 -0.999996543 0.000266424147 -0.0026130178 -0.104950428 0.865139544 0.490427285 -0.999959409 -0.00303310156 0.00848667882 0.656910181 0.737709939 -0.155734152 0.999998868 0.00113738375 -0.0010069178 0.999994278 -0.00326709496 -0.000872120494 -0.0041872724 -0.903292775 0.429004282 0.000730389322 -0.829553366 0.558426976 -0.00410761638 -0.745293558 0.666723788 -0.0244781431 0.788094938 -0.615066826 -0.0621447973 0.859676421 -0.507044852 0.317662895 0.83848244 -0.442761272 0.656351984 0.531891227 -0.53506434 -0.0615391657 0.758310139 -0.648982763 0.921846569 0.32606855 -0.2094713 0.999692261 -0.0243907124 0.00452105561 0.69274056 0.0614672974 -0.718562663 0.527305424 0.206565857 -0.824184179 -0.292688757 0.174023718 -0.940238833 -0.678480744 0.388838947 -0.623272121 -0.0098535018 0.875294745 0.483489454 -0.0104528796 0.877993882 -0.478557736 -0.999838412 0.00803772733 0.016078379 -0.999690413 -0.0235373378 0.00806357339 -0.00147349341 -0.976939678 0.213510543 0.00319272187 -0.984325051 0.176334754 0.000148316496 -0.919326901 0.393494695 -0.764531136 0.561405957 -0.316726148 -0.0544697382 0.697039723 -0.714960635 -0.00188054238 -0.99999696 -0.00158102403 -0.00167219923 -0.900943756 0.433932602 8.43581147e-05 -0.905377328 0.424607933 -0.000220815375 -0.999999464 0.00100006978 -0.999963224 0.00543820625 -0.00663364679 -0.999964118 -0.000489674101 -0.00845711026 -0.698071182 0.00399573566 -0.716017187 -0.0138199236 0.849522889 0.527370691 0.999999583 0.000883655448 4.30655309e-05 -0.0518200919 0.676586926 0.734537125 -0.0117789777 0.176353216 0.984256446 9.6550968e-05 -1 0.000187829617 -9.58664532e-06 -0.999999881 0.000491659215 -0.999576211 -0.0206934791 0.0204733852 0.999998868 0.00144857157 -0.000399915676 0.304838449 0.441888571 -0.843687177 0.000450122898 -0.999999464 -0.000927192683 -0.999931931 0.0114710312 0.00213249633 -0.000120244338 -0.704709768 0.709495723 -0.493200243 0.723440051 -0.48310253 0.152637929 -0.895010114 0.419116348 -0.0943647102 -0.865381241 0.492148966 0.652146399 -0.74102062 0.159979686 0.660802543 -0.61272192 0.433487982 -0.0112345181 0.974270284 -0.225102514 -0.00793620199 0.992052078 0.125577241 -0.00318149757 0.999920428 0.0122056007 -0.00522394944 0.858690381 -0.5124681 0.00339412712 0.914865911 -0.403743505 0.999996006 -0.00282588066 -2.62659469e-05 0.999994874 -0.00163593434 0.00276280195 0.696949065 0.00118293555 0.717119694 0.399038047 -0.129904941 0.907685697 0.67783922 -0.295532048 0.673197389 0.999980748 0.0031442889 0.00534406817 0.999995947 -0.000684415514 0.0027554112 -0.514795244 -0.29903397 0.803470314 0.255045801 -0.62959832 0.733864844 -0.616266429 -0.5264045 0.585759282 -0.0707955956 -0.790896297 0.607841313 -0.0208570603 -0.753002703 0.65768683 -0.00962636247 -0.865978539 0.499988467 -0.0559347682 -0.668001711 0.742054582 -0.00314400415 0.982264638 -0.187473491 -0.999997377 -0.00153665047 0.00171235797 -0.99995023 -0.00904285349 0.00421550451 -0.77421397 -0.556494474 0.301507384 -0.999575138 0.0251986478 -0.0146462545 -0.999893606 -0.0024587384 -0.0143779516 -0.999820769 -0.00520441448 0.0182033069 -0.999706388 -0.016363807 0.0178701393 -0.686733842 -0.115717135 0.717639327 0.00440228824 0.91574496 -0.401735991 -0.00125134841 0.70868808 -0.705520868 0.00708674733 0.777317166 -0.62906903 -0.999827981 0.0179678835 -0.00460465439 0.999996185 0.00105098577 0.00254480541 0.999945939 0.0103838528 -0.000589574222 0.695949733 -0.519740641 -0.495503396 0.999995232 -0.00217927364 0.00217752578 0.660816133 -0.73858434 -0.13347359 -0.0447082594 -0.752113223 -0.657515645 0.195457622 -0.89193821 -0.407728463 -0.000625740155 0.829434633 0.558603406 7.25781638e-06 0.922035813 0.38710463 -0.000389229594 0.923554778 0.383466274 0.999954343 -0.00933470018 -0.00203218521 0.519630492 -0.271742582 -0.810024798 0.192034274 -0.581457078 -0.790588737 -0.671307623 -0.4913297 -0.554924488 0.00547846314 0.920372427 0.391004503 -0.000665142026 0.901093125 0.433625162 -0.00045552518 0.999999881 0.000224313771 -0.444384754 -0.322900862 -0.8356179 -0.274784923 -0.873312414 -0.40226686 0.356807649 -0.803477585 -0.476562768 -0.999991119 -0.00119121466 0.00403562095 -0.999973893 -0.00572436117 -0.00441185851 -0.0117262034 -0.871070802 -0.491017491 -0.0593909621 -0.682495952 -0.728472352 -0.000176799906 0.703807116 0.710391104 -0.669271946 -0.131804213 -0.731233716 -0.999979377 -0.00444906065 -0.00463535823 -0.771292925 -0.564265609 -0.294468164 -0.720166206 -0.586225748 -0.371079534 8.63160603e-05 0.900559664 -0.434732497 0.000100279831 0.999999821 -0.000572883175 -0.999774218 0.0189965479 -0.0095207924 -0.000462750904 0.999999344 0.00104749389 -0.565190494 -0.712647021 0.415564656 0.9999488 0.00537414337 -0.00857307576 0.996261656 -0.0206635166 -0.0838794857 -0.998735845 -0.0119501147 -0.0488247834 0.00530609256 0.801946282 0.597372591 -0.999968886 -0.0026670238 0.00742642255 0.00194989401 0.977088571 0.212824166 7.39317984e-05 -0.109106407 -0.994030058 -0.000677648874 0.999999702 -0.000408950611 0.0424148142 0.614484489 0.787787914 0.0371354185 0.753192723 0.656750858 0.771592557 0.534096062 0.345523238 0.0122687332 0.858574867 0.512541413 -0.651372552 0.74101007 0.163149685 4.83899612e-06 -0.706419945 -0.707792997 -0.00119587721 -0.836025298 -0.548689604 -0.000424284517 -0.834273994 -0.551349938 0.00505101541 -0.992629349 -0.12108437 -0.00498917932 -0.999486268 -0.0316592678 -0.00325583457 -0.943736613 -0.33068198 0.99998486 0.0026940424 0.00479697669 0.68890959 0.470338762 0.551529765 0.999998569 0.00152161217 0.00074574782 0.99995321 0.00860680174 0.00441013137 0.999646842 0.0257657655 -0.00650396384 0.999952197 0.0097785946 0.00011615143 0.35493651 0.282300889 0.891249835 -0.459842414 0.169923335 0.871591091 0.675740719 0.0769594461 0.733110964 0.999969244 -0.00532508688 0.00575775467 0.999992669 0.00362350023 0.00122637767 0.475155175 0.769146502 0.427365482 0.0861309767 0.87849921 0.469915539 0.0010697695 -0.932247162 -0.361820579 -0.000448447943 -0.711517513 -0.70266825 -0.873485148 0.433770895 0.221057802 -0.999983668 -0.00571144326 0.000180446936 -0.999955118 0.000526093412 -0.00945983082 -0.269011378 0.832507968 0.484317362 -0.65508604 0.503822803 0.563049614 -0.259369075 0.423877507 0.867787719 0.0657080263 0.765819728 0.639689505 -0.701604962 0.0166709796 0.712371051 0.000737534021 -0.90268904 -0.430292875 -0.999929547 -0.000566416362 0.0118544931 0.613125026 0.704661548 -0.357113153 0.960572541 0.144029588 -0.237814799 -0.0713620931 0.713141739 -0.697378218 -0.272764891 0.716181874 -0.642403901 0.0798052549 0.86305213 -0.498770595 0.999388099 0.0137437424 -0.0321648233 0.999963641 0.00652780291 -0.00549083622 0.9999547 -0.00913512707 -0.00266542565 0.999997437 0.00220634695 0.000478579663 -0.000552457932 -0.711751401 0.702431262 -0.00730000203 -0.924764752 0.380469263 -0.00984450895 -0.832661688 0.553694546 -0.387753129 0.83009398 -0.400738746 0.724869251 0.601434767 -0.33591783 -0.376334935 0.780567527 -0.499085516 0.420431167 0.635644972 -0.647451282 0.63726598 0.276814967 -0.719211757 0.999612749 0.017033603 -0.022004595 -0.374983013 0.535722196 -0.75656426 -0.148138598 0.957685232 -0.24676691 -0.00144357386 -0.939062417 0.343743652 -0.0023972909 -0.858506858 0.512796521 0.00547162071 -0.988708735 0.149750143 -0.00502285268 -0.964879096 0.262646288 -0.746370912 0.662868083 -0.0594674088 -0.9999547 -0.00188641215 0.00933069363 -0.999942124 -0.00818308443 0.00698275352 -0.999976575 -0.00535620749 -0.00426454004 -0.999975622 0.00584625127 -0.00381479971 -0.741128087 0.489071727 -0.459932595 -0.490972251 0.259358793 -0.831672549 0.00602765055 0.11785832 -0.99301213 -0.688697457 0.0654047877 -0.722092807 -0.999998808 -7.49676765e-05 0.0015300035 -0.999979198 -0.00469784252 -0.00442365371 0.000438409596 -0.902464986 -0.430763066 8.98703511e-05 -1 0.000200996117 0.000303981826 -0.999999881 -0.000411358051 -0.999994516 -0.00184713595 0.00275233737 0.000303238863 -0.999999821 0.000469627004 0.000256934873 -0.999999762 0.000602273038 0.000716695911 -0.901216507 0.433368593 0.78181833 -0.518574238 0.346180439 0.0675188377 -0.828034043 0.55659759 0.0499810502 -0.588620782 0.806862712 0.999997973 0.00149696262 -0.00133761601 0.999914825 -0.0129849352 0.00131142465 0.999920607 -0.0125967963 -0.000332276453 7.87129284e-06 0.97837317 -0.206847683 0.000301798049 0.999932051 0.0116554927 0.000944866333 0.999947846 0.0101715066 0.999992251 -0.00392981526 -4.18709533e-05 -0.646340549 -0.744894981 0.165455207 0.0252030604 -0.858514309 0.512169898 -0.00620017201 0.926549196 -0.376122445 -0.00892264955 0.835873783 -0.548849165 0.00350890844 0.74858582 -0.663028598 0.695574343 -0.562963188 0.446372926 0.295650691 -0.853667855 0.4287678 -0.165922612 -0.89057982 0.423482329 -0.649227977 -0.626959562 0.430609763 0.00460748468 0.899392068 -0.43711862 -0.00648128614 0.962863624 -0.269910425 -0.996883273 0.0693307146 -0.0376437306 -0.99980402 -0.015634777 0.0121435849 -0.652622342 -0.74028933 -0.161418289 -0.999982834 -0.00585471699 0.000124746628 0.343796462 -0.253802985 0.904095113 -0.38443321 -0.414429098 0.824899733 0.677208722 -0.435346693 0.593179286 -0.691776395 -0.0606469586 0.719560504 -0.999942303 0.00945686363 0.0050990358 -0.670423567 -0.497049004 0.55088526 0.00124343694 0.908300221 -0.418317109 -0.45981735 -0.21029976 0.862752557 -0.999979973 0.00478424877 0.00414658012 0.999991596 0.00171915384 0.00371613633 0.999998391 0.000381900376 0.00175710092 0.783276081 -0.517266095 -0.344839603 0.999994159 -0.00175617973 -0.00293956557 0.999948263 0.0095942691 -0.00337157794 0.999272466 -0.0381368659 -0.00032825282 0.999128044 -0.0417506918 0.000100883481 0.00380733283 0.974486649 0.224413186 0.0312392712 -0.728865385 -0.683943927 0.0822907463 -0.860200584 -0.503272474 0.043523971 -0.584081054 -0.810527623 0.99996388 -0.000371511996 -0.00849337503 0.678931713 -0.51199764 -0.526222587 0.320734769 -0.846305847 -0.425318301 0.000138278891 0.900535345 0.434782833 -5.51892335e-05 0.901193798 0.433416426 3.0191426e-05 0.999999702 -0.000788557343 0.00252911658 0.975871265 0.218332112 -0.00299733412 0.923178613 0.384359479 0.00062059093 0.885523498 0.464594215 -0.999997914 -0.000844411261 0.00187463115 -0.999995053 -0.00171699026 0.00264492189 0.00245690881 0.707130551 0.707078695 -0.000503413903 0.718014777 0.696027637 -0.000410381763 0.831025481 0.556234181 0.0119463792 -0.845183849 -0.53434211 -0.999946773 0.0102907941 0.000779170543 -0.997765601 -0.019058669 -0.0640354976 -0.871009231 -0.361816049 -0.332313299 -0.386785328 -0.815205693 -0.431087971 0.042578768 -0.654254675 -0.755074739 -0.29424417 -0.658562899 -0.692614853 -0.527836502 -0.293522716 -0.797015071 0.0885163248 -0.826058865 -0.556589246 0.999989748 -0.00265283789 0.0036775812 0.699230313 -0.0577382632 0.712561071 0.999899685 0.013760034 -0.0033672119 -6.55365948e-05 1 -0.000179657975 0.000414619251 0.999998689 -0.00156456477 0.449243277 -0.295967638 -0.842961252 0.673086882 -0.107115768 -0.731765211 0.000428200176 0.999999821 0.000341531646 -0.00308805285 -0.0989224985 -0.995090365 -0.999217391 0.0388764031 0.00729993079 0.543781281 0.628720105 0.555889308 0.985970736 -0.0208747275 -0.165607899 0.76017344 0.021474639 -0.649365187 0.468133152 0.880930543 -0.0693739653 0.0366793685 0.00291874306 -0.999322832 0.368941486 -0.680791974 -0.632775247 0.662069201 -0.735828578 -0.142199695 0.0249049794 -0.945519328 -0.324612051 -0.0283973794 0.998531759 -0.0461288504 0.022428561 0.98906368 0.145773619 0.00884533115 0.0214487966 -0.999730825 0.00342484866 -0.0209506769 -0.999774635 0.817805827 -0.215617105 -0.533575535 0.838311195 0.505957723 -0.203078941 0.960652053 0.0890657902 -0.263087392 0.0336542763 -0.812071443 -0.582586765 0.0515368842 -0.988378286 -0.143011421 -0.00945970602 -0.0880303681 0.996072888 -0.0130604701 -0.0724091902 0.997289479 -0.00144902954 -0.238047332 0.971252501 -0.617904723 0.551841676 0.56005764 -0.00135872408 -0.0198399536 0.999802232 0.182504997 -0.721117318 -0.668342471 -0.165336311 -0.922018766 -0.350064635 -0.544883072 0.802114606 -0.244365603 -0.791230083 0.394224346 -0.467484891 -0.153845102 0.620493531 -0.768972993 -0.999669909 0.00325427623 -0.0254843365 -0.999396443 -0.0347286314 -0.000792104925 -0.847022355 -0.480701089 -0.226891279 -0.995221615 -0.0972641185 -0.00858037267 0.999943614 0.00471128616 -0.00951930322 0.998903811 -0.00524539268 0.0465150289 0.999898314 -0.0135358544 0.00448365184 0.990411758 0.138129056 -0.00221996941 0.998647571 0.0313767381 -0.041454684 0.99880892 0.0257176887 0.0414650701 0.875504971 -0.481812328 -0.0367149003 0.996383727 -0.0426093824 -0.0735116228 -0.999872804 0.010568196 0.0119469259 -0.996389449 0.0823878869 0.0205009393 -0.99946779 0.0318607762 0.00699980231 0.996303737 -0.0399909802 0.0760237649 0.9946841 -0.00307969842 -0.10292758 0.997558355 0.00854424387 -0.0693129972 -0.999997139 -0.000549298769 -0.00233098748 -0.999993622 -0.00147812278 -0.00325951562 -0.999997139 -0.000548957963 -0.00233064662 -0.999998927 0.000378995581 -0.00140298565 0.998299122 0.0404782295 0.0419570468 0.344639361 0.930795252 0.121835358 0.820561469 0.562930822 0.0989331007 0.69798857 -0.716107965 0.00118911103 0.626381934 0.575765789 0.525489628 0.290839016 0.929231942 0.227904901 0.637559831 0.33931607 0.691651642 0.0481015854 0.993338883 -0.104709513 0.70784384 -0.00139342481 -0.706367552 0.707822382 0.001056312 -0.706389666 0.707803786 0.000965466839 -0.706408381 -0.704485714 0.000122589889 0.709718108 -0.707533658 -0.00053624541 0.706679463 -0.700943172 0.000375206 0.71321702 0.532314539 -0.635462165 0.559311211 -0.706648588 -0.000304003595 0.707564652 -0.668871045 0.407894611 -0.621476829 -0.552434862 0.539171934 -0.635695934 -0.681701779 -0.321670562 -0.657123029 0.708380163 -0.0101973303 -0.70575738 0.708016992 -0.00395612232 -0.706184328 0.709167361 -0.394547075 0.584306598 0.173540741 -0.971258163 0.162914768 -0.224922866 -0.950927734 -0.212476343 -0.707175195 -0.000693450856 0.707037985 -0.707697451 -0.000644036219 0.706515372 -0.479214519 -0.647663176 -0.592356145 -0.707877636 -0.000640904938 0.706334829 -0.196017921 0.946098864 -0.257825255 0.709766269 -0.0444573909 -0.70303303 -1.80748282e-06 1.36056305e-11 -1 6.95025975e-08 2.84738377e-07 -1 7.55243335e-08 9.69473035e-08 -1 7.48622639e-08 3.70849911e-08 -1 7.24505114e-08 9.24866406e-09 -1 2.83689747e-06 -1.10959757e-08 -1 -1.44284832e-06 -3.34444188e-08 -1 -4.06252502e-06 -6.33319033e-08 -1 4.66726442e-06 -8.07287748e-08 -1 -3.75685113e-06 0 -1 -5.42155931e-06 0 -1 7.00408179e-07 0 -1 -6.07621678e-06 0 -1 -1.119632e-05 0 -1 -1.51738623e-05 0 -1 2.71488298e-05 0 -1 0.991443098 -0.130539611 0 0.991443038 -0.130540073 0 0.991442382 0.130545035 0 0.991442263 0.130545929 0 0.866033494 -0.499985963 0 0.866024256 -0.500001967 0 1.71182876e-06 2.05656097e-08 1 -2.53948474e-05 0 1 -3.19957417e-06 0 1 -1.88994943e-06 0 1 -1.11928944e-06 -2.06468412e-10 1 1.13694068e-05 8.09619394e-08 1 -3.39675262e-06 6.33423767e-08 1 -5.06300921e-06 3.33916041e-08 1 -2.88892522e-07 1.10588605e-08 1 -7.22475093e-08 -9.23720211e-09 1 -5.93948748e-08 -3.69778057e-08 1 -4.69380019e-08 -9.64562545e-08 1 -2.40148296e-07 -2.80980061e-07 1 -6.36454433e-06 6.23652952e-08 1 -2.58718155e-05 0 1 5.4318305e-05 0 1 0.499942839 -0.866058409 0 0.499959141 -0.866048992 0 0.130450636 -0.99145478 0 0.1304508 -0.99145478 0 -0.130423605 -0.991458356 0 -0.130436689 -0.991456628 0 -0.499967813 -0.866043985 0 -0.49995777 -0.866049767 0 -0.866045535 -0.499965161 0 -0.866057336 -0.499944687 0 -0.991442561 -0.130543754 0 -0.991445839 -0.130518571 0 -0.991442621 0.130543202 0 -0.991442561 0.130543679 0 -0.866049051 0.499958992 0 -0.866039574 0.499975413 0 -0.500050247 0.86599642 0 -0.500066996 0.865986705 0 -0.1305397 0.991443098 0 -0.130540073 0.991443038 0 0.130554497 0.991441131 0 0.500037313 0.866003871 0 0.5000543 0.865994036 0 0.866033375 0.499986202 0 0.866023779 0.500002861 0 -0.940479577 0.0294898506 0.33856827 -0.998519659 -0.0447226278 0.0309583675 -0.995469987 -0.0309202205 0.0899080634 -0.919426382 0.042704545 0.390936553 0.00630862312 -0.999823332 -0.0177056752 -0.000580525666 -0.999960423 -0.00887514185 0.0162349101 -0.999405146 -0.0304270983 0.731771529 -0.00198561372 0.681547165 0.37209636 -0.061217349 0.926173151 0.552029192 -0.125330687 0.824351847 -0.0370977335 0.0023061519 -0.999309003 -0.0253413618 0.00946488325 -0.999634027 -0.0131230298 0.0168999117 -0.999771059 0.531733871 0.0154515794 0.846770525 0.322896987 -0.0274182111 0.946036875 0.301375747 0.0262293201 0.95314461 0.0100540482 0.999944091 -0.00328288018 0.999543309 0.00763275567 -0.029239485 -0.013523614 -0.999878764 0.00771861384 -0.0489092991 -0.00489094015 -0.998791277 0.00638051191 0.999881208 0.0140314875 0.0235932544 -0.988760173 0.14763689 0.999702811 0.0243762825 -0.000279426982 0.999883711 -0.0125216804 0.00870498456 0.999907672 0.00986917224 0.00934150536 0.999052584 0.0421618 0.0107871974 0.933476627 0.343145102 -0.104273051 0.975367486 0.216248944 -0.0435279869 -0.994508028 0.0603191257 -0.0855298415 -0.93624872 -0.351328135 0.00263031013 -0.937377751 0.348307163 0.00226344215 -0.999299824 -0.0264497735 0.0264617912 -0.999153614 -0.0278147906 0.0303048603 -0.999379039 -0.0256366823 0.0241729915 -0.994484127 0.057434503 0.0877646804 0.998979211 0.0449797176 0.00416278373 -0.9982692 -0.0329329073 -0.0487236381 -0.998541713 -0.0387388617 -0.0376004614 -0.997622907 -0.0247891434 -0.064296037 -0.996138036 -0.0129686734 -0.086837627 -0.993978322 -0.0598483235 0.0917890817 -0.994255424 -0.0609590448 -0.0879778117 -0.216259062 0.00377841853 0.976328731 -0.999466538 -0.0246574227 0.0214168187 0.999994874 -0.00061111321 -0.00314080738 0.99999696 7.00699893e-05 -0.00245961151 0.99999696 7.00970268e-05 -0.0024595845 0.999998152 0.000751027372 -0.00177863892 -0.73446995 -0.297444046 -0.609984338 -0.733052254 0.0146247204 -0.680015087 0.235920936 0.0148333376 -0.971659064 -0.435302407 -0.900275409 -0.00399844209 -0.459172875 -0.888088584 0.0214230735 -0.0248380806 -0.998115003 0.056120608 0.220945045 -0.0653292462 -0.973095775 -0.224119991 0.951972365 0.208611682 -0.283240825 0.894689143 0.345406979 -0.232227206 0.945821643 0.226918474 -0.193227217 0.971115649 0.139991671 0.562865853 -0.0333021991 -0.82587713 0.403760999 0.068718113 -0.912280023 0.110765696 -0.0283950511 0.993440807 0.0713138208 -0.0175706763 0.997299135 0.0263958927 0.0194207858 0.999462903 0.102354772 -0.0146903554 0.994639456 0.207412109 -0.0695218444 0.975780189 -0.923420191 -0.301083267 -0.23800008 -0.976059735 0.0759371743 -0.203815833 0.00495529966 0.939683259 0.342009902 0.0146002835 0.821646631 0.569810152 0.0186770111 0.952176094 0.3049784 0.977914691 0.137642756 0.157281041 0.576146781 0.454013318 0.679651976 0.904393315 0.144207135 0.401593089 0.0183251984 -0.405295551 -0.914002001 0.18898204 -0.63603133 -0.748164415 0.968441963 -0.200790122 -0.147659898 0.992423832 -0.119992845 -0.0263934042 0.989360809 -0.133065581 -0.0588113479 -0.999808252 -0.0195417162 -0.00126886473 0.601971209 0.235225409 0.763085663 -0.00132123171 0.428996474 0.903305233 0.746452451 0.657163024 0.10462077 -0.000424131955 0.992138088 0.125147462 0.00458581746 0.986403763 0.164276004 0.47398755 0.88053143 0.00043021547 -0.000114564951 0.921585262 0.388175964 0.00459562801 0.922798812 0.3852548 0.0154268714 0.967741907 0.251470864 0.0017909396 -0.787913501 -0.615783274 -0.00105627696 -0.882814229 -0.469721168 -0.0019142637 0.87834692 0.478019863 0.00156082888 0.971258938 0.238020241 -0.00124449749 0.99413687 0.108121708 0.000963402737 0.995192051 0.0979382396 0.974675953 -0.2234644 0.00839204621 0.991155863 -0.131569818 0.0173059516 0.730600178 0.673096359 -0.114737645 0.990592539 -0.128153935 0.0479899496 0.416823953 -0.602133989 0.680949628 0.904823422 -0.167133167 0.391613364 0.972786605 -0.189916685 0.132732451 0.550901413 0.403184384 -0.730718851 0.983739436 -0.155611023 0.0896770731 -0.00637729606 0.958156407 0.286174148 0.00301669561 0.937099695 0.349048883 0.0009871074 0.986645699 0.162878007 0.000431079447 -0.996994317 0.0774737746 0.000422755431 -0.997062504 0.0765907615 0.00200362387 -0.969814241 0.243836612 0.00529759098 0.946511149 0.322627544 -0.00180373783 0.972101748 0.234552577 -0.00563434511 0.99379313 0.111101046 0.00886734296 0.981780589 0.189810991 -0.0724880248 -0.643139899 0.762310028 -0.0116434051 -0.405695736 0.913933992 -0.00151207624 -0.983907759 0.178670809 0.00119925418 -0.951032758 0.309087843 -0.00126081205 -0.931513608 0.363704354 0.000984616578 -0.876658618 0.481111884 0.62163204 0.182877794 -0.761662185 -0.623959124 0.216032386 -0.751002669 -0.00438290415 0.902194262 0.431307703 0.000284111971 0.950776279 0.309877992 -0.00459386455 0.983536661 0.180650413 -0.0020893449 0.99301219 0.117993265 -0.0104700867 0.759877861 0.649981499 0.000553432794 -0.92311269 -0.384529114 -0.000726230501 -0.94639045 -0.323024184 0.000920989434 0.970971704 0.239192665 -0.000213829859 0.989745915 0.142838821 -0.0127358269 0.99960351 -0.0251130722 -0.000315213518 0.983773708 -0.179413348 0.000993642258 -0.958378613 -0.28549853 -0.000346335059 -0.989448369 -0.144885495 -0.000338697864 -0.9893291 -0.145697594 0.000645112421 0.936163902 -0.351563334 0.000951264112 0.787671506 -0.616094768 -0.00180870993 0.826568365 -0.562833488 -0.000695312046 -0.119471058 -0.992837429 0.00103057199 -0.390388459 -0.920649648 -0.0030413135 -0.200188622 -0.97975266 0.00424883654 0.900056124 0.435753345 -0.003250384 0.919050932 0.394125432 -0.00569957262 0.966682196 0.255916178 -0.00819420349 0.992818654 0.119348362 -0.995945692 0.0832146257 0.0341688655 -0.979596198 0.0817309693 0.183606371 -0.955376804 0.0818483084 0.283823907 -0.983549297 -0.16703482 -0.0687763095 -0.984773874 -0.164814651 -0.0552855358 -0.982003033 -0.169083163 -0.0841482654 -0.980289161 -0.162428617 -0.112472475 -0.982673049 -0.134788677 -0.127223209 -0.0153233837 0.925601304 0.378189653 -0.98795855 -0.152129918 -0.0281856321 -0.97794497 -0.20885925 0.001189025 -0.986495614 -0.163195625 -0.0139131499 -0.00058531441 0.942100406 -0.335330486 -0.994933605 -0.0960353985 0.0297372062 -0.995265663 -0.0905797556 0.0352353342 -0.989693105 -0.141859457 0.0195819177 -0.989436567 -0.144191504 0.0149707086 -0.992848158 -0.109675109 0.0471577756 -0.989715457 -0.12009155 0.0777261853 -0.545722425 0.46342504 -0.698157728 -0.158248588 -0.553714097 0.817531705 -0.906062722 0.167570725 -0.388549089 -0.993522644 -0.0014243772 -0.113625303 0.97804749 0.0216161963 0.207258031 -0.999519289 -0.0293498989 -0.009988009 0.977493048 0.00666218763 -0.210862428 0.000285682676 -0.108445533 0.994102359 0.00276109925 -0.199413612 0.979911506 0.00201357924 -0.969549537 0.24488689 0.000588524155 -0.960988224 -0.276588738 -0.000768287689 -0.980334997 -0.197339073 0.00143371557 -0.989806652 -0.142410323 -0.00138495874 -0.999527931 -0.0306921601 0.00100302277 -0.958088815 -0.286469519 -0.000509232981 0.210160241 0.977666795 0.000536386913 0.968490183 0.249051154 -0.000360305974 -0.998529375 -0.0542125106 0.00102107099 -0.999689698 0.0248888452 0.000743814686 -0.985862434 0.167554945 -0.952888131 0.0850880146 0.291142911 -0.00975904334 0.979711354 0.200176015 -0.0161099862 0.99600637 0.0878166407 -0.986414313 0.164230987 0.00387241622 -0.987966061 -0.123225369 0.0934801698 -0.960051179 0.202421442 -0.193202794 -0.999847591 0.0161490291 -0.00663225772 0.0121219354 -0.762594461 0.646763325 0.00575300539 -0.907622159 0.419748634 0.013982499 -0.925198436 0.379225969 -0.00221732585 0.227006227 -0.973890781 0.838908255 0.225631788 -0.495301157 0.00144458737 0.253126919 -0.967432022 0.0184440222 -0.981935322 0.188315883 0.00281493063 -0.969443321 0.245299146 0.00868105423 -0.995318592 0.0962574854 0.0012425239 -0.410242498 0.911975622 -0.0205463804 -0.763056338 0.646005332 -0.00330001232 -0.911020935 0.41234684 -0.00023072779 -0.976076841 0.217425764 -0.00511882734 -0.960614145 0.277838618 0.000826372474 0.0721240416 -0.997395337 -0.000931265822 0.981573462 0.19108279 0.00119198172 0.991460562 0.130401433 -0.000875162194 0.998523653 0.0543111935 0.98401165 0.160720631 0.0767457709 0.979762375 0.200144887 -0.00278023304 0.993700683 0.109947316 0.0216911044 0.965708911 -0.0649751946 -0.251365244 0.978276849 -0.0697813481 -0.195204899 0.997551322 -0.0551969446 0.0429498665 0.000643298612 -0.190512866 -0.981684506 0.00124933384 -0.373534501 -0.927615464 -0.00115468528 -0.388839811 -0.921304643 0.979864895 0.106857784 0.16866 0.988826871 0.118291847 0.0907111689 -0.994720817 0.0962366462 0.0356231928 0.999449492 0.0288236607 0.016430473 0.0115669174 -0.999216378 -0.0378529765 -0.00113374204 -0.986038029 -0.166516542 0.00165543519 -0.970699131 -0.240292326 -0.000565397029 0.946905255 0.321512163 0.000833134633 0.958715022 0.284367472 0.00271079806 -0.940757811 0.339068413 0.00122246181 -0.163615346 0.986523449 -0.00102707103 -0.227394432 0.973802209 0.00998564344 -0.902326763 0.430936992 -0.0072338637 -0.943341076 0.331745833 -0.00497778878 -0.867346585 0.497679681 -0.000807314587 0.934352577 -0.356349051 2.83578429e-05 0.978197396 -0.207677305 -0.000282223831 0.980319321 -0.197418138 -0.000404343213 0.996975422 -0.0777162686 0.000993022113 0.998991251 -0.0448944755 0.0016778264 -0.943736911 0.330692917 0.00404904038 -0.979375958 0.202005669 -0.0020510566 -0.977116942 0.212692991 -0.000304222951 -0.995602727 0.093675375 -0.00247397623 0.775939763 0.630802155 0.000522179645 0.999968469 -0.00792232342 -0.0073051909 0.390305907 0.920656264 -0.00297964993 0.463628143 0.886024892 0.000426139391 0.705445051 0.708764434 -0.00186566205 0.57055217 0.82125926 -9.16478675e-05 0.892881393 0.450291961 -0.00034897658 0.999416411 -0.0341570117 9.34296409e-08 0.999961317 0.00879335124 -0.000350544724 0.999409795 -0.0343499966 0.00210142136 -0.995870411 0.0907617956 -0.00597053254 -0.968894005 0.247404039 -0.00410689414 -0.982518733 0.186118543 0.00198450661 0.641943753 -0.766749203 0.511478424 0.58997035 -0.624759853 0.00132401683 0.879262865 -0.476334989 0.00701620663 -0.959131241 0.282874644 0.0104319397 -0.972436249 0.232935533 -0.00566338655 -0.97219795 0.234092012 -0.000353474868 -0.71222043 -0.701955736 0.00126751326 -0.878764451 -0.477254093 -0.000276282575 -0.860016644 -0.510265887 0.00020871716 0.87418443 0.485594034 -0.0118915411 -0.907935739 0.418940604 -0.00146496249 -0.966899276 0.255154073 -0.00612700125 -0.97401756 0.226389527 4.85801647e-05 0.949212074 -0.314636946 -0.00319948536 -0.995314896 0.0966333225 0.00410337327 -0.994878888 0.100990817 -0.0148516158 -0.999798596 0.0135000618 -0.995922387 0.0773287266 -0.0464638881 -0.997543633 0.0650576353 -0.0259655919 -0.982927859 0.146368206 -0.11148636 -0.997943401 0.061963778 -0.0164155401 -0.998348415 0.051236961 -0.0259851553 -0.970257998 0.216896132 -0.107496463 -0.967554212 -0.118973359 0.222899586 -0.999975383 -0.000408529857 -0.00700717047 -0.966503799 -0.0662702248 0.247948796 -0.957634926 -0.135838285 0.253935575 -0.968374252 -0.0691393614 0.239731297 -0.00519942958 -0.905485153 0.42434603 -0.0223578829 -0.956068814 0.292288423 -0.008826131 -0.982252419 0.187355891 -0.985759676 0.16684708 0.02097518 -0.998735964 -0.0488761514 0.0117323883 -0.00105502189 -0.147177055 -0.989109576 -0.986647487 0.157960638 0.0396889634 -0.986428916 0.158371016 0.0433195718 -0.982331336 0.186867431 0.0102810422 -0.000954597839 -0.942361593 -0.334594876 -0.986753166 -0.0600398891 -0.150709793 -0.995539308 -0.093667388 -0.011310217 -0.989893019 -0.106728621 -0.0933849812 -0.966101825 0.162105009 0.20092091 -0.974254131 0.170315355 0.147721201 0.964402199 -0.0627288967 0.256891876 0.962245286 -0.0622390509 0.26497224 0.972375631 -0.0954425633 0.213017106 0.984416425 0.147743717 -0.09537334 0.98811388 0.151253089 -0.0274495762 0.995792449 0.0812436789 -0.0423890129 0.00334320217 -0.995417178 0.0955693126 0.987377644 0.156759679 -0.0226239227 0.998667359 -0.0512137339 -0.00637767417 0.98130089 0.192409754 -0.00520416675 -0.992926419 0.115612388 0.0270353314 0.00119863555 -0.683667898 -0.729792297 2.52822133e-06 0.999958634 0.00909287576 6.65780535e-05 -0.110323258 0.993895769 -0.000386765518 -0.992187917 0.12475168 -0.00076011708 -0.491532207 0.870859087 -0.956445098 0.291824549 0.00715498999 -0.984713912 0.138218328 0.105991326 -0.988652349 0.127743885 0.0790448189 -0.99999994 0.000205592994 -0.000159114599 -0.999993145 0.0032310707 -0.00179342832 -0.997614503 0.0357753932 0.0590370111 0.999714255 0.020187445 -0.0128015252 0.998958945 -0.00359538337 -0.0454769395 0.991723657 -0.0184659529 -0.12705566 -0.999062121 0.0106659969 -0.0419657305 0.993934155 0.088598147 0.0651558414 0.998979628 0.0372194573 0.0255815592 -0.998482227 0.0472600907 -0.0282799546 -0.998918295 0.0399061851 -0.0238699019 -0.996550381 -0.0727556273 0.0399239399 -0.995898664 -0.0776441172 0.0464456417 -0.996108711 -0.0761228055 0.0444156602 -0.996833205 -0.0704604089 0.036863219 0.99851352 0.0467747934 -0.0279792696 0.997063875 -0.0765745044 0 0.998770833 -0.0491724648 -0.00623969734 -0.999742329 -0.019478403 0.0116551854 -1 0 0 -0.998514473 -0.046755977 0.027977122 0.99848181 -0.0472710282 0.0282768589 0.951828957 -0.306629479 0 -0.998280287 0.0300936829 0.0503080189 0.999349654 -0.021782916 -0.0287365299 0.99853009 -0.0538676754 0.00599004701 0.992073596 -0.123759612 0.0217617024 0.969618797 0.11788097 -0.214344308 0.996896148 0.0306914486 -0.0724988431 0.998944938 0.0429478772 -0.0162620973 0.987415433 0.149821132 -0.0506399758 0.999759138 0.0180197693 0.0125273895 0.997516632 -0.0370443463 0.0599019974 -0.995122969 -0.0514892079 -0.084137544 -0.995820343 -0.0480664894 -0.0776620954 -0.995943069 -0.0490986705 -0.0754106939 -0.995909035 -0.0463744029 -0.0775541663 -0.994819403 -0.0521842353 -0.0872420892 0.980430841 -0.0926266015 0.173711479 -0.998782814 -0.0253192596 -0.0423294604 -0.990617573 0.0928734764 0.100256175 -0.996682882 0.041777987 0.0698415935 -0.995510101 0.0544704795 0.0774117932 -0.986062229 0.119328268 0.115939856 -0.71349287 0.0352676958 -0.699774325 -0.498146713 -0.00564242899 -0.86707437 -0.662592232 0.00122375798 -0.74897933 -0.728686094 0.00386802456 -0.684836924 -0.725672305 0.00277458737 -0.688034892 -0.718811393 0.00559498975 -0.695182681 -0.717873812 0.0238042641 -0.695766151 -0.701558769 0.125195861 -0.701527774 0.732670605 -0.00222042203 0.680579841 0.815377116 0.00576186692 0.578901529 0.794730246 0.00714027742 0.606920779 0.737849116 0.00742532499 0.674924791 0.705224216 0.00703239627 0.708949447 0.700672269 0.00570483692 0.713460505 0.680433095 -0.020493893 0.73252362 0.672088921 -0.0764787346 0.736510336 0.318289816 -0.90227443 -0.290847778 0.576042235 -0.706936359 -0.410385519 0.194350168 -0.95404613 -0.228087813 -0.0788584203 -0.99363786 -0.0804058239 0.6744923 -0.738253772 -0.00644190749 0.408100277 -0.912928939 0.00385847408 -0.195888907 -0.980603099 -0.00671710353 0.957379401 -0.288821518 0.00262048165 0.997514784 0.0699039921 -0.00881426223 -0.370054781 -0.929009795 -0.000540488225 -0.866149068 -0.499785423 0.000537396118 -0.959112823 -0.282875657 -0.00916531961 -0.936954737 0.349339128 0.00883341208 -0.634010553 0.773275197 -0.00872626156 -0.12877433 0.991611063 0.0111679528 0.445918411 0.895024061 -0.0094202552 0.812756181 0.58257246 0.00605877303 -0.00468118303 -0.00808694586 0.999956369 -0.0637242794 -0.0458789356 0.99691242 -0.0158204399 -0.0225386601 0.999620795 0.00428396044 -0.00560253719 0.999975145 0.00826853793 -0.00261920295 0.999962389 0.00704472652 -0.00107119791 0.999974608 0.00554734375 0.00945303403 0.999939919 -1.19384126e-07 0 -1 -6.46608385e-07 0 -1 -1.23467956e-07 0 -1 0.44540754 -0.895316422 -0.00454371143 0.999928772 0.00852590427 -0.00835308991 0.942830503 -0.333272576 1.95339271e-05 -0.653016388 -0.757338583 -0.00281658676 0.365051925 -0.93098712 0.000239417437 -0.617924213 -0.786237657 0.000188802718 0.94319725 0.332233161 -0.000181475756 0.479771376 0.877393365 -0.000521262235 0.367915362 0.929859281 9.86917294e-05 -0.414211005 0.910180748 0.000449078885 -0.615870714 0.787840068 0.00335976039 -0.973020792 0.230646402 -0.00572891021 -0.99999249 -0.00248017162 0.00298178103 0.00151504192 0.000360399601 0.999998808 -0.00786476675 -0.0316287875 0.999468744 0.00743182376 -0.00846028421 0.999936581 0.0116650974 -0.000968145265 0.999931514 0.0116742179 0.000969215471 0.999931395 0.00727763958 0.00867089815 0.999935925 -0.00865123235 0.0329133645 0.999420762 -3.30162209e-07 0 -1 -1.14632473e-06 0 -1 -3.35677413e-07 0 -1 -0.422454 -0.906382263 0.00194720598 -0.955454171 -0.29507193 -0.00631327881 -0.196255907 -0.980529666 -0.00672581559 0.408088654 -0.912934124 0.0038583742 0.674504936 -0.738242269 -0.00644182228 0.957372785 -0.288843304 0.00262021553 0.997511923 0.069944486 -0.00881551858 0.809305251 0.587354481 0.00630210945 0.435038716 0.900355697 -0.0100472867 -0.0798048228 0.996772408 0.00871313643 -0.656057358 0.754681051 -0.00672671478 -0.834456265 0.551064551 0.00326262601 -0.958894193 -0.283763796 0.000229722238 -0.00573514262 0.00270428509 0.999979913 -0.00722771976 -0.0357965641 0.999332964 0.00632770406 -0.00674019242 0.999957263 0.00925765838 -0.00316594006 0.999952137 0.00694109919 0.000423813821 0.999975801 -0.00657226425 0.0148277273 0.999868453 -0.0487386696 0.042652145 0.997900486 3.36916742e-07 0 -1 1.90839705e-06 0 -1 -6.71113753e-07 0 -1 -1.06107798e-07 0 -1 6.63909532e-07 0 -1 0.862932205 0.505233169 -0.00935033336 0.382974148 0.923736036 0.00652647391 0.94616878 0.323653638 -0.00360122835 -0.0704716742 0.99747777 -0.008472763 -0.824628294 0.565651655 -0.00513125071 -0.596227646 0.802794576 0.00578320259 -0.959733427 -0.28087464 -0.00460582832 -0.999682307 0.024693517 0.00504586333 0.701898277 -0.712235868 -0.00766828516 0.945018351 -0.327007443 -0.00254479283 0.352433294 -0.93580395 0.0078550959 -0.357068688 -0.93405956 -0.0058943457 -0.636597991 -0.771169245 0.00640786672 0.0028042777 -0.000782197574 0.999995768 -0.00589555921 -0.0286530573 0.999572039 0.00797695294 -0.007628683 0.999939084 0.0116248531 -0.00101851858 0.999931931 0.0116555179 0.000782319927 0.999931753 0.00784707349 0.0075073787 0.999941051 -0.005358906 0.0278819203 0.999596834</float_array>
          <technique_common>
            <accessor source="#normals_array" count="2696" stride="3">
              <param name="X" type="float" />
              <param name="Y" type="float" />
              <param name="Z" type="float" />
            </accessor>
          </technique_common>
        </source>
        <vertices id="vertices">
          <input semantic="POSITION" source="#positions" />
        </vertices>
        <triangles material="qmat_10a888b1b30808ba" count="2486">
          <input semantic="VERTEX" source="#vertices" offset="0" />
          <input semantic="NORMAL" source="#normals" offset="1" />
          <p>0 0 1 1 2 2 0 0 2 2 3 3 3 3 2 2 4 4 3 3 4 4 5 5 6 6 0 0 3 3 6 6 3 3 7 7 7 7 3 3 5 5 7 7 5 5 8 8 7 7 9 9 10 10 7 7 10 10 6 6 8 8 11 11 9 9 8 8 9 9 7 7 12 12 13 13 14 14 12 12 14 14 11 11 12 12 11 11 8 8 12 12 8 8 5 5 12 12 5 5 4 4 12 12 4 4 15 15 12 12 15 15 16 16 12 12 16 16 17 17 11 11 14 14 18 18 11 11 18 18 9 9 13 13 19 19 18 18 13 13 18 18 14 14 9 9 18 18 20 20 9 9 20 20 10 10 20 20 18 18 19 19 20 20 19 19 21 21 21 21 19 19 22 22 21 21 22 22 23 23 24 24 22 22 19 19 24 24 19 19 13 13 25 25 22 22 24 24 25 25 24 24 26 26 27 27 23 23 22 22 27 27 22 22 25 25 23 23 28 28 29 29 23 23 29 29 21 21 30 30 28 28 23 23 30 30 23 23 27 27 28 28 30 30 31 31 28 28 31 31 32 32 28 28 32 32 33 33 28 28 33 33 34 34 28 28 34 34 35 35 28 28 35 35 36 36 28 28 36 36 37 37 28 28 37 37 29 29 31 31 30 30 27 27 31 31 27 27 38 38 38 38 39 39 32 32 38 38 32 32 31 31 39 39 40 40 33 33 39 39 33 33 32 32 41 41 42 42 40 40 41 41 40 40 39 39 43 43 41 41 39 39 43 43 39 39 38 38 44 44 40 40 42 42 44 44 42 42 45 45 34 34 33 33 40 40 34 34 40 40 44 44 44 44 46 46 35 35 44 44 35 35 34 34 46 46 44 44 45 45 46 46 45 45 47 47 46 46 48 48 36 36 46 46 36 36 35 35 47 47 49 49 48 48 47 47 48 48 46 46 50 50 51 51 48 48 50 50 48 48 49 49 36 36 48 48 51 51 36 36 51 51 37 37 52 52 53 53 51 51 52 52 51 51 50 50 37 37 51 51 53 53 37 37 53 53 54 54 29 29 37 37 54 54 29 29 54 54 55 55 29 29 55 55 56 56 29 29 56 56 57 57 29 29 57 57 58 58 29 29 58 58 59 59 29 29 59 59 60 60 29 29 60 60 61 61 55 55 54 54 53 53 55 55 53 53 62 62 56 56 55 55 62 62 56 56 62 62 63 63 63 63 1 1 57 57 63 63 57 57 56 56 64 64 2 2 1 1 64 64 1 1 63 63 65 65 64 64 63 63 65 65 63 63 62 62 15 15 4 4 2 2 15 15 2 2 64 64 64 64 65 65 16 16 64 64 16 16 15 15 65 65 52 52 17 17 65 65 17 17 16 16 50 50 12 12 17 17 50 50 17 17 52 52 62 62 53 53 52 52 62 62 52 52 65 65 49 49 66 66 12 12 49 49 12 12 50 50 66 66 67 67 68 68 66 66 68 68 69 69 66 66 69 69 70 70 66 66 70 70 71 71 66 66 71 71 26 26 66 66 26 26 24 24 66 66 24 24 13 13 66 66 13 13 12 12 67 67 66 66 49 49 67 67 49 49 47 47 68 68 67 67 47 47 68 68 47 47 45 45 45 45 42 42 69 69 45 45 69 69 68 68 70 70 69 69 42 42 70 70 42 42 41 41 71 71 70 70 41 41 71 71 41 41 43 43 43 43 25 25 26 26 43 43 26 26 71 71 38 38 27 27 25 25 38 38 25 25 43 43 58 58 57 57 1 1 58 58 1 1 0 0 59 59 58 58 0 0 59 59 0 0 6 6 6 6 10 10 60 60 6 6 60 60 59 59 10 10 20 20 61 61 10 10 61 61 60 60 21 21 29 29 61 61 21 21 61 61 20 20 72 72 73 73 74 74 72 72 74 74 75 75 76 76 77 77 78 78 76 76 78 78 79 79 76 76 79 79 75 80 76 76 75 80 74 81 76 76 74 81 80 82 76 76 80 82 81 83 73 73 80 84 74 74 73 73 82 85 80 84 82 85 81 83 80 84 82 85 83 86 81 83 83 86 84 87 81 83 84 87 76 76 81 83 84 87 85 88 76 76 76 76 85 88 86 89 77 90 76 76 86 89 72 91 87 92 88 93 72 91 88 93 89 94 72 91 89 94 90 95 72 91 90 95 86 96 72 91 86 96 85 97 72 91 85 97 84 98 72 91 84 98 83 99 72 91 83 99 82 100 72 91 82 100 73 101 77 90 86 89 90 102 78 103 77 90 90 102 78 103 90 102 89 104 79 105 78 103 89 104 79 105 89 104 88 106 79 105 88 106 87 107 75 75 79 105 87 107 87 107 72 72 75 75 103 123 104 124 105 125 100 119 104 126 99 118 97 115 99 118 106 127 106 127 103 128 107 129 107 129 103 123 108 130 98 116 97 115 95 113 113 137 107 129 108 130 108 130 114 138 115 139 116 140 95 113 113 137 112 136 115 139 117 141 109 142 118 142 119 142 117 141 114 138 118 143 118 143 114 138 120 144 104 126 102 121 128 153 129 154 127 152 130 155 105 125 131 156 132 157 133 158 132 159 131 160 105 125 128 161 131 156 123 147 133 158 121 145 133 158 105 125 132 159 119 172 118 143 134 162 109 133 119 173 134 162 114 138 105 125 120 144 123 147 140 169 133 158 120 144 105 125 142 174 139 168 105 125 140 169 103 128 99 118 104 126 104 126 100 119 102 121 103 128 106 127 99 118 108 130 103 123 105 125 95 113 106 127 107 129 95 113 97 115 106 127 113 137 95 113 107 129 114 138 108 130 105 125 115 139 144 177 108 130 112 136 144 177 115 139 143 176 116 140 113 137 144 177 113 137 108 130 144 177 143 176 113 137 115 139 114 138 117 141 109 133 117 141 118 143 124 148 128 153 102 121 104 124 128 161 105 125 128 153 126 150 129 154 128 153 124 148 126 150 131 160 129 154 130 155 130 155 121 145 133 158 130 155 133 158 131 160 128 153 129 154 131 160 129 154 126 150 127 152 134 162 118 143 120 144 134 162 120 144 136 164 136 164 120 144 142 174 139 168 142 174 105 125 139 168 141 171 142 174 141 171 136 164 142 174 133 158 140 169 105 125 145 182 146 183 147 184 145 182 147 184 148 185 145 182 148 185 149 186 145 182 149 186 150 187 145 182 150 187 151 188 145 182 151 188 152 189 145 182 152 189 153 190 145 191 153 192 154 193 145 191 154 193 155 194 145 195 155 195 156 195 157 196 158 197 151 198 157 196 151 198 150 199 157 196 150 199 149 200 159 201 157 196 149 200 160 202 161 203 162 204 160 202 162 204 158 205 160 202 158 205 157 206 160 202 157 206 159 207 160 202 159 207 163 208 160 202 163 208 164 209 160 202 164 209 165 210 160 202 165 210 166 211 160 202 166 211 167 212 160 213 167 213 168 213 163 214 159 201 149 200 163 214 149 200 148 215 147 216 164 217 163 214 147 216 163 214 148 215 146 218 165 219 164 220 146 218 164 220 147 221 145 222 166 223 165 224 145 222 165 224 146 225 166 223 145 222 156 226 167 227 166 223 156 226 167 227 156 226 155 228 168 229 167 227 155 228 160 230 168 229 155 228 160 230 155 228 154 231 154 231 153 232 161 233 154 231 161 233 160 230 161 234 153 235 152 234 161 234 152 234 162 235 158 197 162 236 152 237 158 197 152 237 151 198 169 238 170 239 171 240 169 238 171 240 172 241 172 241 171 240 173 242 172 241 173 242 174 243 174 243 173 242 175 244 174 243 175 244 176 245 173 242 171 240 177 246 175 244 173 242 177 246 175 244 177 246 178 247 175 244 179 248 176 245 180 249 174 243 176 245 180 249 176 245 179 248 181 250 182 251 180 249 181 250 180 249 179 248 183 252 181 250 179 248 182 251 181 250 183 252 182 251 183 252 184 253 182 251 184 253 185 254 184 253 183 252 186 255 184 253 186 255 187 256 186 255 183 252 179 248 186 255 179 248 175 244 178 247 187 256 186 255 178 247 186 255 175 244 188 257 187 256 189 258 185 254 184 253 187 256 185 254 187 256 188 257 189 258 187 256 178 247 189 258 178 247 177 246 177 246 171 240 170 239 177 246 170 239 189 258 189 258 170 239 188 257 185 254 188 257 170 239 185 254 170 239 169 238 169 238 182 251 185 254 172 241 180 249 182 251 172 241 182 251 169 238 174 243 180 249 172 241 190 259 191 260 192 261 190 259 192 261 193 262 190 263 193 264 194 265 190 263 194 265 195 266 190 267 195 268 196 269 190 270 196 271 197 272 198 273 197 272 196 271 196 274 199 275 200 276 196 274 200 276 198 277 198 278 200 279 201 280 198 278 201 280 202 281 198 282 202 283 203 284 198 282 203 284 204 285 198 286 204 287 205 288 198 286 205 288 197 289 201 280 206 290 202 281 201 280 200 276 199 275 201 280 199 275 207 291 196 269 195 268 208 292 196 293 208 294 209 295 196 293 209 295 210 296 196 297 210 298 207 299 196 297 207 299 199 300 203 301 206 290 210 302 203 301 210 302 209 303 206 290 203 301 202 281 209 303 208 304 204 305 209 303 204 305 203 301 208 306 195 307 205 308 208 306 205 308 204 309 197 310 205 311 211 312 197 310 211 312 212 313 197 314 212 315 213 316 197 314 213 316 214 317 211 318 205 319 195 320 211 318 195 320 194 321 194 321 193 322 212 323 194 321 212 323 211 318 193 322 213 324 212 323 193 322 192 325 213 324 192 325 191 326 214 327 192 325 214 327 213 324 197 328 214 327 191 326 197 328 191 326 190 329 206 290 207 291 210 302 206 290 201 280 207 291 215 330 216 331 217 332 215 330 217 332 218 333 215 330 218 333 219 334 220 335 215 330 219 334 221 336 215 330 222 337 223 338 224 339 225 340 223 338 225 340 226 341 223 338 226 341 227 342 223 338 227 342 222 337 227 342 226 341 228 343 227 342 228 343 229 344 229 344 228 343 230 345 229 344 230 345 216 331 228 343 231 346 232 347 228 343 232 347 230 345 231 346 228 343 226 341 231 346 226 341 225 340 231 346 233 348 234 349 231 346 234 349 232 350 233 348 231 346 225 340 233 348 225 340 224 339 218 333 217 332 232 350 218 333 232 350 234 349 234 349 220 335 219 334 234 349 219 334 218 333 233 348 235 351 220 335 233 348 220 335 234 349 224 339 223 338 235 351 224 339 235 351 233 348 223 338 222 337 235 351 235 351 222 337 215 330 235 351 215 330 220 335 217 332 230 345 232 347 216 331 230 345 217 332 216 331 236 352 227 342 216 331 227 342 229 344 222 337 227 342 236 352 222 337 236 352 221 336 221 336 236 352 216 331 221 336 216 331 215 330 237 353 238 354 239 355 239 355 238 354 240 356 241 357 242 358 243 359 244 360 241 357 243 359 245 361 246 362 244 363 244 364 243 365 245 366 243 365 247 367 245 366 243 368 248 369 247 367 245 361 240 370 249 371 240 356 247 367 248 369 250 372 246 373 251 374 241 357 250 375 242 358 252 376 242 377 253 378 248 369 243 368 242 379 246 380 250 375 244 360 252 381 254 382 242 383 255 384 253 385 251 386 240 356 238 354 256 387 240 356 256 387 257 388 237 389 239 390 258 391 248 369 242 379 254 392 259 393 254 382 252 381 260 394 261 395 262 396 253 397 259 393 263 398 259 399 264 400 254 401 265 402 255 384 266 403 267 404 268 405 255 406 265 407 267 404 255 406 269 408 270 409 267 404 271 410 265 402 266 403 254 392 268 411 272 412 255 384 249 371 273 413 257 388 256 387 274 414 275 415 256 387 276 416 276 416 256 387 277 417 249 418 278 419 273 420 279 421 280 422 281 423 282 424 283 425 281 426 278 427 280 422 279 421 284 428 285 429 281 430 286 431 287 432 288 433 289 434 285 435 290 436 285 437 291 438 288 439 292 440 293 441 277 442 294 443 295 444 290 445 271 446 269 408 267 404 270 409 266 447 272 448 269 408 266 447 270 409 260 449 254 392 296 450 297 451 298 452 299 453 296 450 272 412 300 454 297 455 266 403 301 456 297 451 299 453 296 457 299 453 302 458 303 459 296 450 303 460 302 461 299 453 303 459 296 457 260 449 296 450 302 461 260 449 302 461 304 462 305 463 306 464 307 465 260 449 304 462 308 466 305 467 309 468 306 469 298 470 301 471 302 472 302 472 301 471 310 473 309 468 304 474 306 469 302 461 310 475 304 462 306 464 266 403 307 465 301 471 306 476 310 473 301 456 266 403 306 464 311 477 312 478 313 479 260 449 308 466 313 480 312 481 311 482 309 483 314 484 260 485 315 486 314 484 316 487 317 488 295 444 318 489 290 445 293 441 319 490 276 491 320 492 321 493 318 489 293 441 292 440 322 494 256 495 322 494 292 440 323 496 324 497 325 498 323 499 275 500 326 501 266 403 327 502 328 503 328 504 327 505 324 497 307 465 266 403 329 506 266 403 328 503 329 506 330 507 331 508 326 501 307 465 329 506 332 509 330 510 333 511 334 512 329 513 331 514 335 515 331 514 329 513 324 497 324 497 329 513 328 504 329 516 335 517 330 518 332 519 329 516 334 520 307 465 332 509 336 521 337 522 334 512 333 511 336 521 332 509 337 523 338 524 333 511 330 510 317 488 293 525 322 526 317 488 319 527 293 525 262 528 239 355 248 369 248 369 239 355 240 356 246 362 245 361 249 371 249 371 240 370 257 529 240 356 245 366 247 367 253 378 263 530 252 376 244 360 250 375 241 357 242 531 250 372 251 374 261 532 239 390 262 533 251 386 246 362 249 371 251 534 253 378 242 377 255 384 251 386 249 371 253 385 255 384 264 535 263 398 259 393 252 381 248 536 260 394 262 396 260 449 248 369 254 392 253 397 264 537 259 393 254 401 255 538 268 539 254 401 264 400 255 538 238 540 314 541 256 542 339 543 258 391 239 390 258 391 238 544 237 389 267 404 270 409 268 545 265 407 271 446 267 404 268 545 270 409 272 448 249 418 257 546 274 547 275 415 274 414 256 387 277 417 256 387 292 548 340 549 273 550 278 427 274 547 275 551 278 419 249 418 274 547 278 419 280 422 278 427 275 552 278 427 279 421 340 549 283 553 279 553 281 553 281 554 280 555 275 500 282 556 273 413 340 557 282 556 255 384 273 413 283 558 282 559 279 421 279 421 282 559 340 549 282 424 281 426 286 560 286 560 281 426 287 561 255 384 282 556 286 562 341 563 266 403 255 384 277 442 293 441 276 491 285 435 284 564 290 436 319 565 275 566 276 567 291 568 255 384 286 562 281 430 285 429 288 433 281 430 288 433 287 432 284 564 281 554 290 436 290 436 281 554 275 500 291 569 286 431 288 433 341 563 255 384 289 570 255 384 291 568 289 570 323 499 290 436 275 500 318 489 321 493 290 445 320 492 341 571 321 493 285 437 289 572 291 438 294 573 290 436 323 499 289 574 321 493 341 575 289 574 290 445 321 493 272 448 266 447 300 576 269 408 271 446 266 447 296 450 254 392 272 412 266 577 296 577 300 577 297 451 296 457 266 578 314 579 238 544 258 391 339 543 239 390 261 532 299 453 298 452 302 458 297 451 301 580 298 452 309 483 308 581 304 582 309 483 313 583 308 581 306 469 304 474 310 584 312 585 305 463 307 465 305 586 312 481 309 483 313 479 312 478 307 587 314 484 258 588 339 589 314 484 339 589 260 485 260 485 339 589 261 590 314 484 315 486 316 487 315 591 260 449 313 480 309 483 311 482 313 583 307 587 315 592 313 479 307 587 316 593 315 592 316 594 307 465 342 595 317 488 316 487 342 596 327 502 266 403 343 597 266 403 341 563 343 597 343 597 341 563 320 598 343 599 323 496 325 498 327 505 343 599 325 498 343 599 295 600 323 496 295 601 343 602 318 489 318 489 343 602 320 492 256 542 314 541 317 603 295 604 294 573 323 499 256 495 317 605 322 494 326 606 275 566 319 565 331 508 323 499 326 501 323 496 331 514 324 497 324 497 327 505 325 498 337 522 332 607 334 512 330 507 335 608 331 508 338 609 330 507 326 501 329 516 330 518 334 520 342 596 338 609 326 501 342 596 336 610 338 609 342 595 307 465 336 521 338 611 336 612 333 613 333 613 336 612 337 614 342 596 326 501 317 488 317 488 326 501 319 527 344 615 345 616 346 617 347 618 348 619 349 620 350 621 349 622 351 623 347 618 352 624 348 619 350 621 351 625 347 626 353 627 352 628 354 629 355 630 356 631 357 632 352 628 358 633 354 629 353 627 354 629 359 634 346 635 360 636 349 637 352 628 359 638 358 633 356 631 361 639 357 632 353 627 359 634 362 640 362 640 363 641 348 642 364 643 365 644 359 638 366 645 348 619 363 646 367 647 349 622 360 648 362 640 359 634 365 649 356 631 368 650 361 639 367 647 369 651 351 623 370 652 361 653 368 654 369 655 371 656 347 626 347 618 371 657 352 624 355 658 344 659 372 660 366 645 363 646 373 661 373 662 363 663 364 664 365 665 364 664 363 663 356 666 370 652 368 654 352 628 374 667 364 643 375 668 376 669 373 662 364 664 377 670 375 668 364 664 378 671 377 670 374 667 377 672 378 673 372 674 366 645 373 661 371 657 379 675 352 624 356 666 380 676 370 652 381 677 382 678 376 669 374 667 383 679 377 672 356 666 384 680 380 676 373 661 382 681 372 674 380 676 385 682 346 683 374 667 386 684 383 679 387 685 371 656 388 686 379 687 386 684 374 667 382 678 386 688 389 689 380 676 384 680 390 690 372 674 382 681 391 691 356 631 390 692 384 693 392 694 390 692 356 631 371 657 391 695 382 696 392 694 385 697 390 692 392 694 372 698 385 697 385 697 372 698 360 648 360 648 391 699 371 656 344 700 355 700 345 700 344 615 346 617 349 701 349 622 350 621 347 626 355 630 357 632 345 702 348 619 344 703 349 620 348 704 352 704 393 704 345 705 357 706 346 683 352 628 353 627 393 707 353 627 348 642 393 708 366 645 344 703 348 619 354 629 358 709 359 634 352 628 364 643 359 638 346 635 385 710 360 636 353 627 362 640 348 642 367 647 351 623 349 622 351 625 369 655 347 626 370 652 357 711 361 653 372 674 344 703 366 645 357 706 370 652 346 683 369 651 367 647 360 648 363 712 362 640 365 649 369 655 394 713 371 656 394 714 369 651 360 648 364 664 375 668 373 662 364 643 374 667 378 673 355 630 392 694 356 631 392 715 355 658 372 660 395 716 394 714 360 648 376 669 375 668 377 670 377 670 381 677 376 669 370 652 380 676 346 683 394 713 395 717 371 656 352 628 379 687 374 667 382 681 373 661 376 718 395 717 388 686 371 656 388 719 395 716 360 648 377 670 386 688 381 677 386 688 377 670 383 720 381 677 386 688 382 678 380 676 390 690 385 682 379 675 371 657 382 696 386 684 379 687 389 721 379 722 382 722 389 722 387 685 388 719 360 648 371 656 387 685 360 648 360 648 372 698 391 699 396 723 397 724 398 725 399 726 400 727 401 728 400 727 402 729 401 728 396 723 403 730 404 731 396 723 405 732 397 724 405 733 406 734 397 735 407 736 403 737 408 738 409 739 408 738 410 740 411 741 402 729 412 742 413 743 406 734 405 733 396 723 404 731 414 744 409 745 414 746 404 747 410 748 403 749 401 750 415 751 410 751 416 751 415 752 416 753 409 754 416 755 410 755 401 755 417 756 418 757 419 758 419 758 416 753 420 759 417 760 421 761 409 745 413 743 422 762 423 763 420 764 401 765 424 766 425 767 426 768 400 769 417 770 419 758 420 759 427 771 420 771 428 771 429 772 430 773 400 774 417 775 428 776 421 777 431 778 424 779 401 780 396 723 432 781 413 782 432 781 433 783 422 784 429 772 400 774 426 785 433 786 434 787 435 788 429 789 431 790 402 729 432 781 434 791 433 783 436 792 424 793 437 794 438 795 436 796 437 797 439 798 421 777 438 795 439 799 437 800 414 744 432 781 440 801 434 791 432 781 396 723 414 744 432 781 425 802 440 801 425 802 424 803 426 785 425 802 441 804 424 803 426 785 424 803 431 790 399 726 396 723 398 725 399 726 398 725 400 727 400 727 442 805 402 729 403 730 396 723 399 726 442 805 412 742 402 729 412 806 442 807 430 773 403 749 399 808 401 750 407 809 404 731 403 730 397 724 406 734 398 725 430 773 442 807 400 774 396 723 413 782 405 732 410 740 408 738 403 737 409 739 407 736 408 738 404 747 407 810 409 745 411 811 412 806 430 773 411 741 443 812 402 729 413 743 423 763 406 734 398 813 425 767 400 769 443 814 411 811 430 773 415 815 409 739 410 740 409 754 416 753 418 757 406 734 423 816 398 725 417 756 409 754 418 757 419 758 418 757 416 753 423 763 422 762 435 788 423 763 435 788 398 817 409 745 421 761 414 746 420 764 416 818 401 765 402 819 431 778 401 780 427 820 417 770 420 759 428 821 420 821 424 821 417 775 427 822 428 776 429 772 443 814 430 773 422 762 433 786 435 788 413 782 432 781 422 784 438 795 421 777 428 776 436 792 428 823 424 793 443 812 429 789 402 729 435 788 425 802 398 817 421 761 439 824 414 746 435 788 434 787 425 802 438 795 428 776 436 796 429 789 444 825 431 790 445 826 439 827 438 828 445 826 438 828 437 829 439 799 445 830 437 800 434 787 440 801 425 802 446 831 444 832 429 772 441 833 437 794 424 793 446 831 429 772 426 785 432 781 414 744 437 800 444 825 446 831 431 790 432 781 437 800 441 804 432 781 441 804 425 802 446 831 426 785 431 790 447 834 448 835 449 836 450 837 451 838 452 839 447 834 453 840 448 835 450 841 453 840 447 834 449 836 448 835 454 842 455 843 449 844 456 845 457 846 458 847 459 848 457 846 456 845 458 847 456 845 460 849 458 847 453 850 459 848 448 851 459 848 461 852 448 851 452 839 451 838 447 853 452 839 447 853 455 843 455 843 447 853 449 844 453 850 450 837 457 846 459 848 453 850 457 846 450 837 452 839 457 846 451 854 450 841 447 834 457 846 452 839 456 845 454 855 448 851 461 852 460 849 454 855 461 852 452 839 455 843 456 845 456 845 454 855 460 849 454 855 456 845 449 844 460 849 461 852 458 847 459 848 458 847 461 852 462 856 463 857 464 858 465 859 463 857 462 856 463 857 466 860 464 858 465 859 467 861 463 857 468 862 465 859 462 856 468 862 462 856 469 863 469 863 462 856 470 864 467 861 465 859 468 862 468 862 469 863 470 864 471 865 472 866 464 858 466 860 473 867 464 858 473 867 466 860 474 868 464 858 473 867 471 865 468 862 470 864 475 869 462 856 464 858 472 866 468 870 475 871 476 872 475 869 470 864 476 873 470 864 472 866 476 873 466 860 467 861 474 868 467 861 466 860 463 857 471 874 468 870 476 872 474 875 467 876 471 874 467 876 468 870 471 874 473 867 474 868 471 865 470 864 462 856 472 866 472 866 471 865 476 873 477 877 478 878 479 879 480 880 481 881 478 882 482 883 481 881 480 880 483 884 477 877 484 885 481 886 485 887 486 888 479 889 487 890 488 891 478 882 487 890 479 889 489 892 479 879 488 893 488 893 490 894 484 885 478 882 481 881 487 890 491 895 486 888 490 894 477 877 480 896 478 878 480 896 477 877 483 884 485 887 483 884 484 885 484 885 477 877 489 892 485 887 490 894 486 888 482 897 480 896 485 887 481 886 482 897 485 887 485 887 484 885 490 894 485 887 480 896 483 884 489 892 477 877 479 879 489 892 488 893 484 885 488 891 487 890 491 898 488 893 491 895 490 894 487 899 481 886 486 888 491 895 487 899 486 888 492 900 493 901 494 902 492 900 495 903 496 904 497 905 498 906 499 907 499 907 498 906 500 908 495 909 501 910 502 911 497 912 501 910 495 909 492 900 496 904 493 901 495 903 502 913 496 904 502 913 493 901 496 904 502 913 503 914 493 901 503 914 502 913 501 915 493 901 503 914 494 902 499 916 504 917 501 910 492 900 498 906 497 905 492 900 497 905 495 903 500 908 498 906 492 900 500 908 494 902 505 918 504 919 499 907 505 918 505 918 499 907 500 908 500 908 492 900 494 902 497 912 499 916 501 910 504 919 505 918 506 920 506 920 505 918 494 902 504 919 506 920 501 915 503 914 506 920 494 902 501 915 506 920 503 914 507 921 508 922 509 923 510 924 511 925 512 926 512 927 507 928 513 929 507 928 509 930 513 929 510 931 514 932 511 933 508 934 511 933 515 935 509 923 515 936 514 937 514 937 516 938 509 923 510 931 517 939 514 932 518 940 509 930 516 941 517 942 518 943 514 937 514 937 518 943 516 938 507 921 511 925 508 922 512 926 511 925 507 921 510 924 512 926 513 944 510 924 513 944 517 945 517 945 513 944 518 946 509 923 508 922 515 936 513 929 509 930 518 940 515 935 511 933 514 932 519 947 520 948 521 949 520 950 522 951 523 952 519 953 522 951 520 950 519 954 521 955 524 956 525 957 521 958 526 959 524 960 525 961 522 962 525 961 526 963 522 962 524 964 522 951 519 953 524 956 521 955 525 965 520 948 527 966 528 967 529 968 527 969 523 970 520 971 523 971 527 971 527 969 529 968 530 972 531 973 528 974 532 975 533 976 530 977 534 978 522 962 526 963 531 979 522 962 531 979 535 980 531 981 532 982 536 983 531 973 526 984 528 974 532 982 537 985 536 983 535 980 536 986 533 987 535 980 533 987 538 988 534 989 529 968 539 990 534 989 539 990 540 991 539 992 538 993 541 994 530 972 529 968 534 989 542 995 543 996 538 988 544 997 541 998 545 999 543 1000 544 1001 545 1002 546 1003 547 1004 545 1005 543 1000 545 1002 547 1006 541 994 548 1007 549 1008 548 1009 547 1010 546 1011 548 1009 543 996 547 1010 521 958 528 1012 526 959 528 967 521 949 520 948 537 1013 527 1014 536 1015 529 1016 535 1017 539 992 523 952 522 951 529 1016 528 967 527 966 537 1018 532 1019 528 1019 537 1019 535 980 531 979 536 986 529 1016 522 951 535 1017 533 976 527 1014 530 977 527 1014 533 976 536 1015 538 988 533 987 550 1020 551 1021 539 992 541 994 540 991 539 990 552 1022 539 1023 551 1023 552 1023 543 1024 552 1025 544 1026 544 997 552 1027 541 998 550 1028 540 1029 542 1030 550 1028 533 976 534 978 535 1017 538 993 539 992 550 1020 542 995 538 988 550 1028 534 978 540 1029 542 1030 540 1029 552 1025 543 1024 542 1030 552 1025 538 988 543 996 548 1009 541 994 538 993 548 1007 549 1031 546 1003 545 1005 552 1027 551 1032 541 998 545 999 541 998 549 1033 549 1008 548 1007 546 1034 553 1035 554 1036 555 1037 555 1038 556 1039 557 1040 555 1037 554 1036 556 1041 558 1042 555 1043 557 1044 558 1045 559 1046 554 1047 558 1048 557 1049 559 1050 559 1050 557 1049 560 1051 559 1050 561 1052 562 1053 559 1046 563 1054 554 1047 557 1040 556 1039 560 1055 564 1056 565 1057 566 1058 563 1059 562 1059 561 1059 561 1060 567 1061 563 1062 563 1054 568 1063 569 1064 563 1062 564 1065 568 1066 554 1036 569 1067 570 1068 571 1069 572 1070 573 1071 573 1071 572 1070 574 1072 566 1058 575 1073 573 1074 565 1075 576 1076 577 1077 577 1077 576 1076 575 1078 575 1078 576 1076 578 1079 573 1080 575 1081 571 1082 578 1083 579 1084 580 1085 568 1063 581 1086 582 1087 574 1088 583 1089 584 1090 572 1070 585 1091 574 1072 574 1072 585 1091 583 1092 558 1042 553 1093 555 1043 553 1094 558 1045 554 1047 559 1050 560 1051 561 1052 556 1095 561 1096 560 1097 563 1062 567 1061 564 1065 568 1066 564 1065 566 1098 563 1054 559 1046 562 1099 561 1096 556 1095 570 1100 556 1041 554 1036 570 1068 569 1064 554 1047 563 1054 570 1100 564 1056 567 1101 564 1056 570 1100 565 1057 561 1096 570 1100 567 1101 565 1075 570 1068 569 1067 566 1058 565 1057 577 1102 568 1066 566 1098 573 1103 581 1104 568 1066 573 1103 572 1105 571 1105 580 1105 580 1106 579 1106 572 1106 571 1107 578 1083 580 1085 566 1058 577 1102 575 1073 581 1108 573 1071 574 1072 565 1075 569 1067 576 1076 569 1064 568 1063 576 1109 571 1082 575 1081 578 1110 576 1109 568 1063 582 1087 579 1111 576 1076 582 1112 578 1079 576 1076 579 1111 586 1113 584 1114 585 1115 582 1087 574 1088 584 1090 582 1087 581 1086 574 1088 585 1116 572 1117 586 1118 579 1111 582 1112 586 1119 572 1117 579 1120 586 1118 586 1119 582 1112 584 1121 584 1114 583 1122 585 1115 587 1123 588 1124 589 1125 590 1126 591 1127 587 1128 591 1127 592 1129 587 1128 587 1128 593 1130 588 1131 590 1132 587 1123 594 1133 595 1134 596 1135 592 1136 595 1137 589 1138 597 1139 595 1137 597 1139 596 1140 595 1141 590 1142 594 1143 592 1144 596 1145 593 1146 587 1128 592 1129 593 1130 593 1147 598 1148 599 1149 600 1150 599 1151 601 1152 601 1152 602 1153 603 1154 597 1139 604 1155 605 1156 589 1125 600 1157 604 1158 598 1148 605 1159 599 1149 597 1139 605 1156 598 1160 605 1159 606 1161 601 1162 601 1162 606 1161 602 1163 607 1164 608 1165 603 1154 607 1166 609 1167 608 1168 602 1153 610 1169 607 1164 603 1170 608 1171 611 1172 610 1173 612 1174 607 1175 605 1156 604 1155 606 1176 606 1176 612 1177 613 1178 606 1176 614 1179 612 1177 614 1179 611 1180 612 1177 615 1181 607 1182 612 1183 614 1184 603 1170 611 1172 609 1185 616 1186 617 1187 608 1171 609 1185 611 1172 618 1188 619 1189 609 1167 609 1167 619 1189 616 1190 619 1191 617 1192 616 1193 615 1194 620 1195 618 1196 618 1196 620 1195 619 1197 611 1180 617 1198 620 1199 595 1141 591 1200 590 1142 591 1201 595 1134 592 1136 595 1137 594 1202 589 1138 589 1125 594 1133 587 1123 593 1147 597 1203 598 1148 599 1149 605 1159 601 1162 588 1204 593 1205 600 1150 589 1125 588 1124 600 1157 600 1150 593 1205 599 1151 593 1146 596 1145 597 1206 600 1150 601 1152 603 1154 597 1139 589 1138 604 1155 604 1158 600 1157 614 1184 603 1154 602 1153 607 1164 607 1166 618 1188 609 1167 610 1173 613 1207 612 1174 614 1184 600 1157 603 1170 606 1176 604 1155 614 1179 606 1161 610 1208 602 1163 613 1209 610 1208 606 1161 615 1181 618 1210 607 1182 619 1191 620 1211 617 1192 611 1172 609 1185 617 1187 612 1177 611 1180 615 1212 620 1199 615 1212 611 1180 621 1213 622 1214 623 1215 624 1216 625 1217 622 1218 626 1219 621 1220 627 1221 626 1222 627 1223 628 1224 622 1225 625 1226 629 1227 629 1228 630 1229 631 1230 629 1228 631 1230 632 1231 622 1225 629 1227 633 1232 623 1215 622 1214 634 1233 629 1227 635 1234 633 1232 633 1232 632 1235 636 1236 631 1237 634 1238 637 1239 633 1240 636 1241 634 1233 638 1242 631 1230 637 1243 638 1242 637 1243 639 1244 639 1244 637 1243 640 1245 641 1246 642 1247 640 1248 640 1249 643 1250 644 1251 640 1245 637 1243 645 1252 643 1253 640 1245 645 1252 636 1241 646 1254 647 1255 646 1256 638 1257 648 1258 647 1255 642 1259 649 1260 637 1239 647 1261 649 1262 649 1260 650 1263 651 1264 644 1265 651 1266 652 1267 640 1268 644 1269 653 1270 644 1269 652 1271 653 1270 621 1213 624 1272 622 1214 628 1273 621 1274 623 1275 627 1276 621 1274 628 1273 628 1273 623 1275 630 1277 626 1222 628 1224 625 1278 625 1278 628 1224 629 1279 624 1216 626 1280 625 1217 629 1279 628 1224 630 1281 626 1219 624 1282 621 1220 635 1283 629 1228 632 1231 632 1231 631 1230 638 1242 630 1277 623 1275 634 1238 630 1277 634 1238 631 1237 634 1233 622 1214 633 1240 636 1236 632 1235 646 1256 633 1232 635 1234 632 1235 637 1239 649 1262 645 1284 646 1256 632 1235 638 1257 638 1285 654 1286 648 1287 639 1288 654 1286 638 1285 634 1233 636 1241 647 1255 648 1289 654 1290 642 1259 647 1255 646 1254 648 1289 637 1239 634 1238 647 1261 654 1286 639 1288 640 1248 647 1255 648 1289 642 1259 654 1286 640 1248 642 1247 651 1291 650 1292 652 1293 644 1265 649 1262 651 1266 642 1294 653 1295 650 1296 649 1260 642 1259 650 1263 645 1284 649 1262 644 1265 642 1294 641 1297 653 1295 650 1292 653 1298 652 1293 641 1299 640 1268 653 1270 643 1250 645 1300 644 1251 655 1301 656 1302 657 1303 658 1304 657 1305 659 1306 660 1307 655 1301 661 1308 662 1309 663 1310 656 1302 664 1311 662 1309 660 1312 665 1313 666 1314 667 1315 668 1316 669 1317 670 1318 661 1308 671 1319 672 1320 671 1319 657 1303 673 1321 657 1322 666 1314 665 1313 674 1323 661 1324 675 1325 668 1326 676 1327 669 1328 675 1329 677 1330 678 1331 656 1302 679 1332 680 1333 656 1302 680 1333 657 1303 681 1334 680 1335 682 1336 683 1337 684 1338 663 1310 684 1338 685 1339 663 1310 686 1340 681 1334 682 1336 685 1341 687 1342 688 1343 688 1343 687 1342 689 1344 686 1340 690 1345 691 1346 673 1347 665 1348 692 1349 679 1332 689 1344 693 1350 694 1351 679 1332 693 1350 695 1352 694 1351 693 1350 680 1335 667 1315 696 1353 697 1354 682 1355 696 1353 697 1356 690 1345 682 1336 674 1323 675 1325 698 1357 669 1328 676 1327 690 1358 674 1323 698 1357 687 1342 690 1345 697 1356 699 1359 700 1360 664 1361 701 1362 702 1363 658 1304 659 1306 664 1364 703 1365 683 1337 702 1363 704 1366 658 1304 658 1304 704 1367 676 1368 701 1362 674 1323 705 1369 676 1327 706 1370 707 1371 700 1360 701 1362 708 1372 708 1372 709 1373 700 1360 684 1338 710 1374 685 1375 685 1341 711 1376 709 1373 676 1327 707 1371 691 1377 702 1363 681 1334 712 1378 703 1379 711 1376 710 1380 703 1379 700 1360 711 1376 700 1360 709 1373 711 1376 683 1337 710 1374 684 1338 704 1366 702 1363 712 1378 706 1381 704 1366 712 1378 708 1372 713 1382 709 1373 672 1320 671 1319 673 1321 714 1383 715 1384 666 1314 673 1385 695 1386 716 1387 672 1388 717 1389 677 1390 666 1314 718 1391 716 1392 673 1385 716 1387 718 1393 672 1320 673 1321 717 1394 715 1384 714 1383 719 1395 717 1394 720 1396 721 1397 720 1396 722 1398 721 1397 719 1399 670 1318 723 1400 678 1401 717 1394 724 1402 717 1394 721 1397 724 1402 719 1395 723 1403 725 1404 716 1392 667 1315 666 1314 698 1405 724 1405 726 1405 673 1347 692 1349 695 1406 695 1407 718 1391 667 1315 689 1344 727 1408 693 1350 726 1409 727 1410 689 1411 723 1403 699 1412 725 1404 728 1413 725 1404 699 1414 696 1353 725 1404 728 1413 693 1350 727 1408 721 1397 696 1353 729 1415 725 1404 722 1398 693 1350 721 1397 671 1319 655 1301 657 1303 657 1305 658 1304 668 1416 655 1301 660 1312 662 1309 661 1308 655 1301 671 1319 656 1302 655 1301 662 1309 662 1309 730 1417 663 1310 664 1364 730 1417 662 1418 664 1361 660 1419 701 1362 660 1419 674 1323 701 1362 660 1419 661 1324 674 1323 658 1304 676 1368 668 1416 714 1420 668 1316 670 1318 661 1324 672 1388 677 1390 657 1305 668 1416 714 1383 666 1314 657 1305 714 1383 673 1347 657 1421 665 1348 675 1325 661 1324 677 1390 681 1334 659 1306 680 1335 659 1306 657 1305 680 1335 680 1333 679 1332 694 1351 685 1422 656 1422 663 1422 663 1310 730 1417 683 1337 702 1363 659 1306 681 1334 679 1332 656 1302 685 1341 679 1332 685 1341 688 1343 679 1332 688 1343 689 1344 686 1340 682 1336 690 1345 698 1423 726 1409 689 1411 665 1313 667 1315 692 1424 682 1336 680 1335 696 1353 692 1424 667 1315 680 1425 695 1406 692 1349 680 1426 695 1352 680 1333 694 1351 687 1342 698 1357 689 1344 690 1358 676 1327 691 1377 698 1427 675 1428 724 1429 703 1379 664 1361 700 1360 683 1337 730 1417 664 1364 705 1430 674 1323 687 1342 676 1368 704 1367 706 1431 708 1372 701 1362 705 1369 708 1372 705 1432 713 1382 685 1341 710 1380 711 1376 712 1378 681 1334 686 1340 685 1341 709 1373 687 1342 712 1433 686 1340 691 1346 683 1337 703 1365 710 1374 707 1434 706 1381 712 1378 713 1435 705 1430 687 1342 707 1436 712 1433 691 1346 709 1373 713 1437 687 1342 666 1314 715 1384 718 1391 670 1318 669 1438 723 1400 723 1439 669 1440 690 1441 675 1428 678 1442 724 1429 678 1331 677 1330 717 1443 720 1396 673 1385 718 1393 719 1399 714 1420 670 1318 717 1394 673 1321 720 1396 723 1439 690 1441 699 1444 715 1384 719 1395 725 1404 720 1396 718 1393 722 1398 729 1415 718 1391 715 1384 667 1315 716 1392 695 1407 699 1414 697 1445 728 1413 728 1413 697 1354 696 1353 718 1393 695 1352 693 1350 696 1353 667 1315 729 1415 718 1391 729 1415 667 1315 715 1384 725 1404 729 1415 726 1409 724 1446 727 1410 722 1398 718 1393 693 1350 721 1397 727 1408 724 1402 731 1447 732 1448 733 1449 731 1447 733 1449 734 1450 731 1447 734 1450 735 1451 731 1447 735 1451 736 1452 731 1447 736 1452 737 1453 731 1447 737 1453 738 1454 731 1447 738 1454 739 1455 731 1447 739 1455 740 1456 731 1447 740 1456 741 1457 731 1447 741 1457 742 1458 732 1459 731 1460 743 1461 744 1462 745 1463 746 1464 744 1462 746 1464 747 1465 744 1462 747 1465 748 1466 744 1462 748 1466 749 1467 744 1462 749 1467 750 1468 744 1462 750 1468 751 1469 744 1462 751 1469 752 1470 744 1462 752 1470 753 1471 744 1462 753 1471 754 1472 744 1462 754 1472 755 1473 744 1462 743 1461 756 1474 745 1463 744 1462 756 1474 745 1463 756 1474 757 1475 757 1475 756 1474 742 1476 756 1474 731 1460 742 1476 756 1474 743 1461 731 1460 742 1476 741 1477 757 1475 746 1464 745 1463 757 1475 746 1464 757 1475 741 1477 747 1465 746 1464 758 1478 741 1477 740 1479 746 1464 758 1478 746 1464 740 1479 758 1478 740 1479 739 1480 748 1466 758 1478 739 1480 748 1466 747 1465 758 1478 749 1467 748 1466 759 1481 759 1481 748 1466 739 1480 739 1480 738 1482 759 1481 760 1483 759 1481 738 1482 750 1468 749 1467 759 1481 750 1468 759 1481 760 1484 751 1469 750 1468 760 1484 751 1469 760 1484 761 1485 761 1485 760 1483 737 1486 738 1482 737 1486 760 1483 737 1486 736 1487 761 1485 752 1470 761 1485 736 1487 762 1488 752 1470 736 1487 736 1487 735 1489 762 1488 753 1471 752 1470 762 1488 753 1471 762 1488 763 1490 763 1490 762 1488 735 1489 754 1472 753 1471 763 1490 754 1472 763 1490 734 1491 734 1491 733 1492 754 1472 764 1493 754 1472 733 1492 764 1493 733 1492 732 1459 755 1473 754 1472 764 1493 755 1473 764 1493 743 1461 744 1462 755 1473 743 1461 743 1461 764 1493 732 1459 735 1489 734 1491 763 1490 752 1470 751 1469 761 1485 765 1494 766 1495 767 1496 766 1497 768 1498 769 1499 770 1500 771 1501 768 1498 772 1502 765 1494 767 1496 771 1503 773 1503 774 1503 772 1504 775 1505 773 1506 770 1500 772 1504 771 1501 774 1507 768 1498 771 1501 776 1508 777 1509 778 1510 768 1498 779 1511 780 1512 767 1496 766 1495 781 1513 781 1513 769 1514 777 1509 776 1508 778 1510 782 1515 781 1513 777 1509 776 1508 783 1516 779 1511 774 1507 775 1517 784 1518 785 1519 784 1520 783 1521 785 1522 785 1519 786 1523 787 1524 783 1525 773 1526 786 1527 785 1519 783 1528 786 1523 783 1516 788 1529 779 1511 775 1505 787 1530 786 1531 775 1517 785 1519 787 1524 781 1532 789 1533 788 1534 789 1535 782 1515 790 1536 791 1537 779 1538 790 1539 768 1498 774 1507 779 1511 772 1502 770 1540 765 1494 766 1497 770 1500 768 1498 765 1494 770 1540 766 1495 771 1501 772 1504 773 1506 772 1541 767 1541 784 1541 777 1542 780 1512 778 1543 769 1499 780 1512 777 1542 780 1512 779 1511 778 1543 769 1499 768 1498 780 1512 781 1513 766 1495 769 1514 779 1544 791 1544 778 1544 789 1545 781 1513 776 1508 784 1518 775 1517 772 1546 773 1506 775 1505 786 1531 774 1547 773 1526 783 1525 783 1548 767 1496 781 1513 784 1520 767 1549 783 1521 788 1550 783 1548 781 1513 791 1537 792 1551 782 1552 778 1553 791 1537 782 1552 791 1537 790 1539 792 1551 788 1534 789 1533 790 1554 789 1535 776 1508 782 1515 792 1555 790 1536 782 1515 790 1539 779 1538 788 1556 793 1557 794 1558 795 1559 793 1557 796 1560 794 1558 797 1561 794 1562 796 1563 798 1564 799 1565 800 1566 801 1567 802 1568 797 1569 801 1570 796 1563 798 1571 801 1572 798 1573 802 1574 799 1565 803 1575 800 1566 804 1576 805 1577 795 1578 793 1557 805 1579 806 1580 797 1569 806 1581 804 1582 803 1575 807 1583 800 1584 806 1580 807 1583 803 1575 797 1569 802 1568 806 1581 802 1585 800 1586 807 1587 794 1562 797 1561 795 1578 799 1565 796 1560 793 1557 796 1560 799 1565 798 1588 801 1570 797 1561 796 1563 793 1557 806 1580 803 1575 795 1578 797 1561 804 1576 806 1589 802 1585 807 1587 804 1590 806 1590 805 1590 793 1557 795 1559 805 1579 799 1565 793 1557 803 1575 802 1574 798 1573 800 1591 808 1592 809 1592 810 1592 811 1593 812 1594 808 1595 808 1596 810 1597 813 1598 814 1599 812 1600 815 1601 814 1602 815 1603 816 1604 811 1593 817 1605 812 1594 817 1605 811 1593 818 1606 814 1607 816 1608 819 1609 820 1610 814 1607 819 1609 811 1593 813 1611 818 1606 820 1612 819 1613 810 1614 809 1615 820 1612 810 1614 818 1606 821 1616 822 1617 810 1614 819 1613 821 1618 819 1613 816 1619 822 1620 815 1621 818 1622 823 1623 808 1624 820 1625 809 1626 812 1600 820 1625 808 1624 814 1599 820 1625 812 1600 811 1627 808 1596 813 1598 815 1628 812 1594 817 1605 816 1604 815 1603 823 1629 818 1606 813 1611 821 1616 821 1618 819 1613 822 1620 813 1598 810 1597 821 1630 823 1631 818 1606 822 1617 815 1621 817 1632 818 1622 822 1620 816 1619 823 1633 824 1634 825 1635 826 1636 826 1637 827 1638 828 1639 827 1640 829 1641 830 1642 825 1635 824 1634 831 1643 827 1644 826 1645 825 1646 831 1647 832 1648 833 1649 831 1643 824 1634 832 1650 834 1651 831 1647 833 1649 834 1652 833 1653 829 1654 829 1655 825 1646 831 1656 824 1634 835 1657 832 1650 826 1658 828 1659 824 1634 824 1634 828 1659 835 1657 830 1660 836 1661 835 1662 837 1663 838 1664 836 1661 829 1654 833 1653 837 1665 828 1639 827 1638 830 1666 829 1655 831 1656 834 1667 829 1655 827 1644 825 1646 832 1650 835 1657 836 1668 828 1669 830 1660 835 1662 832 1650 836 1668 838 1670 830 1660 837 1663 836 1661 830 1642 829 1641 837 1671 833 1649 832 1648 838 1672 837 1665 833 1653 838 1673 839 1674 840 1675 841 1676 842 1677 843 1678 844 1679 844 1680 843 1681 845 1682 846 1683 847 1684 848 1685 849 1686 846 1687 850 1688 851 1689 841 1690 840 1691 843 1678 841 1676 852 1692 852 1693 853 1694 845 1682 848 1695 853 1696 841 1690 852 1697 841 1697 853 1697 848 1695 847 1698 853 1696 844 1699 845 1700 847 1684 849 1686 850 1688 854 1701 839 1674 854 1702 840 1675 843 1678 839 1674 841 1676 850 1688 846 1687 851 1703 839 1674 842 1677 849 1704 839 1674 849 1705 854 1702 846 1687 842 1706 844 1707 846 1683 844 1699 847 1684 846 1687 849 1686 842 1706 842 1677 839 1674 843 1678 851 1703 846 1687 848 1708 854 1709 850 1710 851 1711 854 1709 851 1711 840 1712 845 1682 843 1681 852 1693 851 1689 848 1695 841 1690 847 1684 845 1700 853 1713 855 1714 856 1715 857 1716 856 1717 858 1718 859 1719 855 1714 860 1720 861 1721 858 1722 861 1721 859 1723 861 1721 860 1720 862 1724 859 1723 863 1725 864 1726 860 1727 865 1728 866 1729 855 1714 857 1716 867 1730 855 1714 867 1730 860 1720 861 1721 862 1724 868 1731 860 1727 869 1732 862 1733 869 1732 870 1734 862 1733 864 1726 868 1731 871 1735 856 1736 871 1737 869 1732 862 1733 870 1734 872 1738 862 1724 873 1739 868 1731 867 1740 866 1729 874 1741 867 1730 865 1742 860 1720 865 1742 875 1743 876 1744 865 1742 876 1744 873 1739 877 1745 867 1740 874 1741 865 1742 867 1730 877 1746 874 1741 866 1729 875 1747 874 1741 875 1747 878 1748 877 1745 878 1748 879 1749 865 1742 877 1746 875 1743 870 1734 880 1750 872 1738 881 1751 873 1739 876 1744 881 1752 876 1753 872 1738 877 1746 879 1754 881 1751 878 1748 875 1747 881 1755 877 1746 881 1751 875 1743 879 1754 880 1756 881 1751 873 1739 881 1751 880 1756 855 1714 858 1722 856 1715 860 1727 856 1736 869 1732 858 1722 855 1714 861 1721 857 1757 856 1736 860 1727 859 1723 861 1721 863 1725 856 1717 859 1719 864 1758 866 1729 857 1757 860 1727 857 1757 866 1729 867 1740 866 1759 873 1739 882 1760 866 1759 865 1742 873 1739 863 1725 861 1721 868 1731 856 1717 864 1758 871 1761 864 1726 863 1725 868 1731 870 1734 869 1732 871 1762 871 1735 868 1731 870 1763 872 1738 866 1729 882 1764 882 1764 862 1765 872 1738 873 1739 862 1766 882 1760 875 1747 866 1729 876 1753 877 1745 874 1741 878 1748 870 1763 868 1731 873 1739 870 1763 873 1739 880 1756 876 1753 866 1729 872 1738 878 1748 881 1752 872 1738 872 1738 879 1749 878 1748 879 1749 872 1738 880 1750 883 1767 884 1768 885 1769 886 1770 885 1771 887 1772 888 1773 889 1774 890 1775 891 1776 892 1777 893 1778 893 1778 889 1774 888 1773 894 1779 892 1777 895 1780 892 1777 896 1781 895 1780 886 1770 894 1779 883 1782 897 1783 898 1784 899 1785 900 1786 901 1787 884 1788 901 1789 898 1790 887 1791 902 1792 903 1793 898 1784 885 1769 884 1768 901 1789 892 1777 904 1794 896 1781 905 1795 894 1796 906 1797 900 1786 884 1788 905 1798 888 1773 890 1775 900 1799 891 1776 904 1794 892 1777 894 1796 905 1795 883 1767 900 1786 905 1798 906 1800 907 1801 908 1802 909 1803 908 1804 910 1805 909 1806 911 1807 907 1801 912 1808 913 1809 914 1810 915 1811 913 1809 916 1812 914 1810 916 1812 907 1801 914 1810 909 1803 917 1813 918 1814 907 1801 909 1803 918 1814 919 1815 918 1814 920 1816 921 1817 919 1815 920 1816 897 1818 907 1801 922 1819 897 1783 902 1792 898 1784 902 1792 910 1820 923 1821 902 1792 923 1821 903 1793 924 1822 903 1823 923 1824 902 1792 925 1825 910 1820 911 1807 912 1808 902 1826 926 1827 898 1790 903 1823 909 1806 927 1828 917 1829 927 1828 928 1830 917 1829 910 1820 925 1825 929 1831 925 1825 927 1832 929 1831 921 1817 920 1816 928 1833 897 1818 886 1770 907 1801 930 1834 890 1775 886 1770 887 1791 898 1790 926 1827 926 1835 886 1770 887 1772 901 1789 887 1791 885 1769 885 1771 886 1770 883 1782 900 1799 890 1775 930 1834 890 1775 889 1774 886 1770 889 1774 893 1778 886 1770 886 1770 893 1778 892 1777 891 1776 893 1778 888 1773 886 1770 892 1777 894 1779 897 1818 930 1834 886 1770 930 1834 897 1818 899 1836 900 1786 899 1785 898 1784 900 1786 898 1784 901 1787 900 1799 930 1834 899 1836 883 1767 905 1795 884 1768 895 1780 896 1781 931 1837 895 1838 906 1797 894 1796 895 1838 931 1839 906 1797 891 1776 888 1773 904 1794 904 1794 888 1773 900 1786 904 1794 900 1786 906 1800 896 1781 904 1794 931 1837 931 1840 904 1794 906 1800 907 1801 886 1770 926 1835 908 1804 923 1824 910 1805 924 1822 923 1824 908 1804 907 1801 926 1835 924 1841 924 1822 926 1827 903 1823 908 1802 907 1801 924 1841 912 1808 907 1801 913 1809 921 1817 914 1810 932 1842 913 1809 907 1801 916 1812 925 1825 912 1808 913 1809 915 1811 914 1810 921 1817 914 1810 907 1801 918 1814 919 1815 914 1810 918 1814 918 1843 917 1829 928 1830 932 1842 914 1810 919 1815 921 1817 932 1842 919 1815 922 1819 907 1801 911 1807 897 1783 922 1844 902 1792 902 1826 912 1808 925 1825 922 1819 911 1807 902 1826 909 1806 910 1805 929 1845 925 1825 913 1809 933 1846 933 1846 913 1809 915 1811 920 1816 918 1814 928 1833 909 1806 929 1845 927 1828 933 1846 915 1811 921 1817 925 1825 933 1846 921 1817 925 1825 921 1817 927 1832 927 1832 921 1817 928 1833 934 1847 935 1848 936 1849 937 1850 934 1847 936 1849 938 1851 939 1852 940 1853 941 1854 938 1851 942 1855 938 1856 941 1857 936 1849 941 1857 937 1850 936 1849 943 1858 944 1859 945 1860 946 1861 937 1850 947 1862 946 1861 945 1860 937 1850 945 1860 948 1863 949 1864 948 1863 950 1865 949 1864 949 1864 951 1866 937 1850 951 1866 934 1847 937 1850 952 1867 953 1868 936 1849 954 1869 953 1868 952 1867 942 1855 938 1851 955 1870 956 1871 942 1872 957 1873 955 1874 958 1875 942 1872 942 1872 953 1876 954 1877 950 1865 951 1866 949 1864 957 1873 954 1869 935 1848 959 1878 957 1873 950 1865 960 1879 947 1880 956 1881 960 1882 956 1871 959 1878 961 1883 962 1884 963 1885 964 1886 961 1883 963 1885 965 1887 966 1888 967 1889 961 1890 968 1891 962 1892 963 1885 939 1893 965 1887 939 1893 936 1849 965 1887 963 1885 965 1887 967 1889 969 1894 970 1895 971 1896 972 1897 973 1898 974 1899 975 1900 969 1894 971 1896 969 1894 963 1885 970 1895 967 1889 976 1901 977 1902 977 1902 971 1896 970 1895 963 1885 967 1889 977 1902 968 1903 978 1904 958 1875 965 1887 958 1905 966 1888 966 1888 979 1906 967 1889 964 1907 973 1898 972 1897 980 1908 975 1900 971 1896 978 1904 972 1909 981 1910 980 1908 982 1911 972 1909 980 1908 971 1896 982 1911 972 1909 982 1911 981 1910 935 1848 952 1867 936 1849 955 1870 938 1851 940 1853 939 1893 938 1856 936 1849 956 1881 947 1880 941 1854 941 1857 947 1862 937 1850 946 1861 943 1858 945 1860 960 1879 946 1912 947 1880 944 1859 948 1863 945 1860 943 1858 959 1878 944 1859 960 1879 943 1913 946 1912 945 1860 949 1864 937 1850 936 1849 953 1868 958 1905 935 1848 954 1869 952 1867 956 1881 941 1854 942 1855 957 1873 942 1872 954 1877 955 1874 940 1914 958 1875 953 1876 942 1872 958 1875 959 1915 943 1913 960 1879 934 1847 983 1916 935 1848 951 1866 983 1916 934 1847 948 1863 959 1878 950 1865 950 1865 957 1873 983 1916 951 1866 950 1865 983 1916 959 1878 956 1871 957 1873 983 1916 957 1873 935 1848 944 1859 959 1878 948 1863 962 1884 939 1893 963 1885 965 1887 936 1849 958 1905 973 1917 964 1886 963 1885 974 1918 973 1917 963 1885 969 1894 974 1918 963 1885 977 1902 982 1911 971 1896 970 1895 963 1885 977 1902 977 1902 976 1901 982 1911 978 1904 979 1919 958 1875 978 1904 981 1910 979 1919 978 1920 961 1890 964 1907 984 1921 968 1903 958 1875 962 1892 984 1922 939 1852 984 1922 962 1892 968 1891 940 1914 984 1921 958 1875 940 1853 939 1852 984 1922 978 1920 964 1907 972 1897 961 1890 978 1920 968 1891 979 1906 966 1888 958 1905 967 1889 981 1910 976 1901 980 1908 974 1923 969 1894 972 1897 974 1899 980 1924 981 1910 982 1911 976 1901 980 1908 969 1894 975 1900 967 1889 979 1906 981 1910 985 1925 986 1926 987 1927 986 1926 988 1928 989 1929 990 1930 991 1931 992 1932 988 1928 986 1926 985 1925 993 1933 994 1934 995 1935 995 1935 992 1932 991 1931 995 1936 996 1937 992 1938 985 1939 987 1927 995 1936 988 1940 985 1939 994 1941 995 1936 987 1927 996 1937 997 1942 998 1943 999 1944 996 1937 997 1942 999 1944 996 1937 1000 1945 990 1946 1001 1947 987 1927 1002 1948 1002 1948 986 1926 989 1929 1003 1949 993 1933 995 1935 1004 1950 991 1931 990 1930 1005 1951 991 1952 1004 1953 1001 1947 1002 1948 1006 1954 1006 1954 1002 1948 989 1929 1007 1955 1006 1954 1005 1951 1007 1955 1008 1956 1009 1957 1008 1956 1007 1955 998 1943 998 1943 1010 1958 999 1944 1011 1959 1004 1950 990 1930 1005 1951 1004 1953 1011 1960 1007 1955 1011 1960 1010 1958 1012 1961 994 1941 1013 1962 1014 1963 1013 1964 1015 1965 1015 1966 1013 1962 1016 1967 1013 1962 1017 1968 1018 1969 1019 1970 1016 1971 1018 1972 1012 1961 1013 1962 1014 1963 1020 1973 1021 1974 1022 1975 1015 1965 1021 1974 1020 1973 1023 1976 1021 1974 1024 1977 1021 1974 1016 1967 1025 1978 1021 1974 1025 1978 1024 1977 1026 1979 1023 1976 1024 1977 1022 1975 1021 1974 1023 1976 1027 1980 1014 1963 1015 1965 1028 1981 1029 1982 1018 1972 994 1934 1030 1983 1017 1984 1031 1985 1029 1986 1028 1987 989 1929 1030 1988 993 1989 989 1929 1027 1980 1031 1985 1022 1975 1026 1979 1032 1990 1022 1975 1023 1976 1026 1979 1033 1991 1025 1992 1034 1993 1029 1986 1032 1990 1019 1994 1032 1990 1034 1993 1035 1995 992 1938 996 1937 990 1946 994 1941 985 1939 995 1936 1012 1961 988 1940 994 1941 1003 1949 995 1935 991 1931 987 1927 1001 1947 996 1937 1000 1945 996 1937 999 1944 1011 1959 990 1930 1000 1996 1009 1957 996 1937 1001 1947 999 1997 1011 1959 1000 1996 996 1937 1009 1957 1008 1956 996 1937 1008 1956 997 1942 999 1997 1010 1998 1011 1959 1005 1951 1006 1954 989 1929 1005 1951 989 1929 1003 1999 1003 1999 989 1929 993 1989 1005 1951 1003 1999 991 1952 1002 1948 987 1927 986 1926 1007 1955 1009 1957 1006 1954 1006 1954 1009 1957 1001 1947 1007 1955 1005 1951 1011 1960 998 1943 1007 1955 1010 1958 997 1942 1008 1956 998 1943 1027 1980 1012 1961 1014 1963 1017 1984 1030 1983 1028 1981 1013 1962 994 1941 1017 1968 1017 1984 1028 1981 1018 1972 1016 1967 1013 1962 1018 1969 989 1929 988 1928 1027 1980 1027 1980 988 1928 1012 1961 1021 1974 1015 1966 1016 1967 1024 1977 1025 1992 1033 1991 1016 1971 1034 2000 1025 2001 1016 1971 1035 2002 1034 2000 1031 1985 1032 1990 1029 1986 1030 1988 1031 1985 1028 1987 994 1934 993 1933 1030 1983 989 1929 1031 1985 1030 1988 1031 1985 1027 1980 1020 1973 1018 1972 1029 1982 1019 1970 1032 1990 1020 1973 1022 1975 1031 1985 1020 1973 1032 1990 1027 1980 1015 1965 1020 1973 1016 1971 1019 1970 1035 2002 1033 1991 1026 1979 1024 1977 1032 1990 1026 1979 1033 1991 1019 1994 1032 1990 1035 1995 1032 1990 1033 1991 1034 1993 1036 2003 1037 2004 1038 2005 1039 2006 1038 2007 1040 2008 1041 2009 1039 2010 1042 2011 1043 2012 1036 2003 1038 2007 1037 2004 1044 2013 1045 2014 1046 2015 1047 2016 1048 2017 1049 2018 1050 2019 1036 2003 1051 2020 1037 2004 1050 2019 1049 2018 1052 2021 1050 2019 1053 2022 1043 2023 1041 2009 1051 2020 1044 2013 1037 2004 1041 2024 1042 2025 1054 2026 1053 2027 1044 2013 1052 2021 1053 2027 1054 2026 1044 2013 1052 2021 1044 2013 1051 2020 1055 2028 1056 2029 1057 2030 1058 2031 1059 2032 1060 2033 1059 2034 1046 2015 1048 2017 1061 2035 1060 2033 1056 2029 1058 2031 1060 2033 1061 2035 1059 2032 1048 2036 1060 2033 1056 2029 1060 2033 1049 2018 1050 2019 1052 2021 1051 2020 1062 2037 1063 2038 1064 2039 1065 2040 1062 2037 1064 2039 1066 2041 1039 2006 1040 2008 1038 2007 1045 2042 1067 2043 1042 2011 1039 2010 1066 2044 1066 2041 1040 2008 1063 2038 1063 2038 1040 2008 1064 2039 1068 2045 1069 2046 1064 2039 1040 2047 1068 2045 1064 2039 1070 2048 1065 2040 1071 2049 1064 2039 1069 2046 1072 2050 1073 2051 1070 2052 1074 2053 1075 2054 1063 2055 1076 2056 1075 2057 1076 2058 1054 2026 1042 2011 1066 2044 1075 2054 1076 2056 1065 2059 1077 2060 1076 2056 1063 2055 1062 2061 1044 2013 1054 2026 1067 2062 1065 2059 1070 2052 1073 2051 1073 2051 1077 2060 1065 2059 1077 2063 1078 2064 1079 2065 1069 2046 1080 2066 1072 2050 1081 2067 1082 2068 1083 2069 1084 2070 1082 2068 1081 2067 1082 2068 1084 2070 1080 2066 1038 2005 1037 2004 1045 2014 1041 2009 1043 2023 1039 2010 1039 2006 1043 2012 1038 2007 1043 2012 1047 2071 1036 2003 1045 2014 1044 2013 1067 2062 1057 2030 1085 2072 1055 2028 1085 2072 1057 2030 1049 2018 1047 2071 1085 2072 1049 2018 1046 2073 1085 2072 1047 2071 1036 2003 1047 2071 1049 2018 1036 2003 1050 2019 1037 2004 1058 2074 1085 2075 1059 2034 1059 2034 1085 2075 1046 2015 1053 2022 1047 2016 1043 2023 1048 2017 1047 2016 1053 2022 1060 2033 1048 2036 1053 2027 1053 2027 1041 2024 1054 2026 1060 2033 1053 2027 1052 2021 1055 2028 1061 2035 1056 2029 1057 2030 1056 2029 1049 2018 1085 2072 1058 2031 1055 2028 1055 2028 1058 2031 1061 2035 1049 2018 1060 2033 1052 2021 1067 2062 1054 2026 1068 2045 1063 2055 1075 2054 1066 2044 1040 2008 1038 2007 1067 2043 1068 2045 1040 2047 1067 2062 1071 2049 1084 2070 1081 2067 1086 2076 1074 2077 1071 2049 1083 2069 1074 2077 1086 2076 1074 2077 1070 2048 1071 2049 1072 2050 1084 2070 1071 2049 1071 2049 1065 2040 1064 2039 1071 2049 1064 2039 1072 2050 1081 2067 1086 2076 1071 2049 1078 2078 1073 2051 1074 2053 1069 2046 1054 2026 1080 2066 1076 2056 1062 2061 1065 2059 1076 2058 1079 2065 1054 2026 1042 2025 1075 2057 1054 2026 1076 2058 1077 2063 1079 2065 1068 2045 1054 2026 1069 2046 1078 2079 1074 2077 1083 2069 1083 2069 1086 2076 1081 2067 1079 2065 1078 2064 1083 2069 1073 2080 1078 2064 1077 2063 1084 2070 1072 2050 1080 2066 1082 2068 1079 2065 1083 2069 1054 2026 1079 2065 1080 2066 1080 2066 1079 2065 1082 2068 1087 2081 1088 2082 1089 2083 1090 2084 1087 2081 1089 2083 1090 2085 1089 2083 1091 2086 1089 2083 1092 2087 1091 2086 1092 2087 1093 2088 1091 2086 1087 2081 1094 2089 1095 2090 1096 2091 1090 2085 1097 2092 1098 2093 1096 2094 1097 2095 1090 2085 1091 2086 1097 2092 1097 2092 1091 2086 1099 2096 1100 2097 1099 2096 1093 2088 1092 2098 1101 2099 1100 2100 1102 2101 1101 2099 1088 2102 1098 2093 1099 2096 1103 2103 1088 2102 1101 2099 1092 2098 1099 2096 1101 2104 1103 2103 1087 2081 1090 2084 1094 2089 1089 2083 1088 2082 1092 2087 1092 2087 1100 2097 1093 2088 1095 2090 1094 2089 1090 2084 1102 2101 1087 2081 1095 2090 1096 2105 1102 2101 1095 2090 1096 2105 1095 2090 1090 2084 1102 2101 1096 2105 1103 2106 1096 2105 1098 2107 1103 2106 1087 2081 1102 2101 1088 2102 1102 2101 1103 2106 1101 2108 1100 2097 1101 2104 1099 2096 1099 2096 1091 2086 1093 2088 1098 2093 1097 2095 1099 2096 1104 2109 1105 2110 1106 2111 1107 2112 1108 2113 1105 2114 1107 2115 1109 2116 1110 2117 1107 2115 1111 2118 1112 2119 1108 2120 1107 2121 1113 2122 1104 2109 1106 2111 1108 2120 1104 2109 1108 2120 1113 2122 1106 2123 1105 2114 1108 2113 1104 2124 1113 2125 1105 2114 1113 2125 1107 2112 1105 2114 1112 2119 1109 2116 1107 2115 1109 2126 1112 2127 1114 2128 1110 2129 1109 2126 1114 2128 1114 2130 1111 2131 1106 2132 1106 2132 1107 2115 1110 2117 1110 2117 1114 2130 1106 2132 1114 2133 1112 2119 1111 2118 1115 2134 1116 2135 1117 2136 1116 2135 1115 2134 1118 2137 1118 2138 1115 2139 1119 2140 1116 2141 1120 2142 1117 2143 1117 2136 1120 2144 1115 2134 1116 2141 1121 2145 1120 2142 1122 2146 1119 2147 1123 2148 1119 2140 1124 2149 1125 2150 1124 2151 1120 2144 1126 2152 1120 2144 1127 2153 1126 2152 1122 2154 1123 2155 1121 2145 1119 2147 1125 2156 1123 2148 1121 2145 1127 2157 1120 2142 1119 2140 1115 2139 1124 2149 1121 2158 1116 2135 1118 2137 1121 2158 1118 2137 1119 2147 1122 2146 1121 2158 1119 2147 1124 2151 1115 2134 1120 2144 1124 2149 1126 2159 1125 2150 1126 2152 1127 2153 1125 2156 1121 2145 1123 2155 1127 2157 1127 2153 1123 2148 1125 2156 1128 2160 1129 2161 1130 2162 1128 2160 1130 2162 1131 2163 1128 2160 1131 2163 1132 2164 1128 2160 1132 2164 1133 2165 1128 2160 1133 2165 1134 2166 1128 2160 1134 2166 1135 2167 1128 2160 1135 2167 1136 2168 1128 2160 1136 2168 1137 2169 1128 2160 1137 2169 1138 2170 1128 2160 1138 2170 1139 2171 1128 2160 1139 2171 1140 2172 1128 2160 1140 2172 1141 2173 1128 2160 1141 2173 1142 2174 1128 2160 1142 2174 1143 2175 1144 2176 1141 2177 1140 2178 1144 2176 1140 2178 1145 2179 1142 2180 1141 2177 1144 2176 1142 2180 1144 2176 1146 2181 1144 2182 1145 2183 1147 2184 1144 2182 1147 2184 1148 2185 1144 2182 1148 2185 1149 2186 1144 2182 1149 2186 1150 2187 1144 2182 1150 2187 1151 2188 1144 2182 1151 2188 1152 2189 1144 2182 1152 2189 1153 2190 1144 2182 1153 2190 1154 2191 1144 2182 1154 2191 1155 2192 1144 2182 1155 2192 1156 2193 1144 2182 1156 2193 1157 2194 1144 2182 1157 2194 1158 2195 1144 2182 1158 2195 1159 2196 1144 2182 1159 2196 1146 2197 1146 2181 1159 2198 1143 2199 1146 2181 1143 2199 1142 2180 1159 2198 1158 2200 1128 2201 1159 2198 1128 2201 1143 2199 1157 2202 1129 2203 1128 2201 1157 2202 1128 2201 1158 2200 1130 2204 1129 2203 1157 2202 1130 2204 1157 2202 1156 2205 1156 2205 1155 2206 1131 2207 1156 2205 1131 2207 1130 2204 1155 2206 1154 2208 1132 2209 1155 2206 1132 2209 1131 2207 1153 2210 1133 2211 1132 2209 1153 2210 1132 2209 1154 2208 1134 2212 1133 2211 1153 2210 1134 2212 1153 2210 1152 2213 1152 2213 1151 2214 1135 2215 1152 2213 1135 2215 1134 2212 1151 2214 1150 2216 1136 2217 1151 2214 1136 2217 1135 2215 1149 2218 1137 2218 1136 2217 1149 2218 1136 2217 1150 2216 1138 2219 1137 2218 1149 2218 1138 2219 1149 2218 1148 2220 1148 2220 1147 2221 1139 2222 1148 2220 1139 2222 1138 2219 1147 2221 1145 2179 1140 2178 1147 2221 1140 2178 1139 2222 1160 2223 1161 2224 1162 2225 1163 2226 1160 2223 1162 2225 1164 2227 1161 2228 1165 2229 1166 2230 1164 2231 1165 2232 1160 2233 1165 2234 1161 2235 1163 2236 1162 2237 1164 2231 1167 2238 1163 2236 1164 2231 1163 2239 1166 2239 1160 2239 1168 2240 1166 2230 1165 2232 1164 2227 1162 2241 1161 2228 1166 2230 1167 2238 1164 2231 1160 2233 1168 2242 1165 2234 1160 2243 1166 2243 1168 2243 1166 2244 1163 2244 1167 2244 1169 2245 1170 2246 1171 2247 1172 2248 1173 2249 1174 2250 1175 2251 1176 2252 1173 2253 1170 2254 1169 2255 1177 2256 1178 2257 1175 2251 1173 2253 1172 2248 1177 2258 1171 2247 1177 2258 1169 2245 1171 2247 1171 2259 1170 2260 1173 2261 1173 2261 1172 2262 1171 2259 1179 2263 1178 2257 1173 2253 1175 2251 1180 2264 1176 2252 1179 2263 1173 2253 1176 2252 1174 2265 1176 2265 1170 2265 1174 2266 1170 2254 1177 2256 1180 2267 1175 2268 1179 2269 1175 2268 1178 2270 1179 2269 1180 2264 1179 2263 1176 2252 1177 2258 1172 2248 1174 2250 1181 2271 1182 2272 1183 2273 1184 2274 1183 2275 1185 2276 1183 2273 1182 2272 1186 2277 1187 2278 1186 2279 1182 2280 1187 2278 1182 2280 1188 2281 1183 2273 1186 2277 1187 2282 1183 2273 1187 2282 1185 2283 1181 2271 1183 2275 1184 2274 1187 2284 1188 2285 1189 2286 1187 2284 1189 2286 1184 2287 1187 2284 1184 2287 1185 2288 1181 2271 1184 2274 1189 2289 1182 2272 1181 2271 1189 2289 1182 2272 1189 2289 1188 2290 1190 2291 1191 2292 1192 2293 1191 2294 1193 2295 1194 2296 1194 2297 1195 2298 1191 2299 1191 2299 1195 2298 1192 2300 1192 2300 1195 2298 1196 2301 1197 2302 1196 2302 1195 2302 1193 2295 1198 2303 1194 2296 1193 2295 1199 2304 1198 2303 1192 2293 1200 2305 1201 2306 1202 2307 1190 2291 1201 2306 1201 2306 1203 2308 1202 2307 1204 2309 1205 2310 1206 2311 1195 2298 1207 2312 1197 2313 1191 2292 1205 2310 1208 2314 1204 2309 1206 2311 1209 2315 1209 2315 1210 2316 1211 2317 1205 2310 1190 2291 1202 2307 1200 2305 1212 2318 1213 2319 1203 2308 1200 2305 1214 2320 1214 2320 1213 2319 1215 2321 1216 2322 1217 2323 1218 2324 1219 2325 1218 2324 1217 2323 1215 2321 1213 2319 1220 2326 1218 2324 1220 2326 1216 2322 1208 2314 1204 2309 1221 2327 1208 2314 1221 2327 1222 2328 1204 2309 1209 2315 1221 2327 1222 2328 1221 2327 1223 2329 1224 2330 1225 2331 1226 2332 1208 2314 1222 2328 1227 2333 1227 2333 1222 2328 1228 2334 1228 2334 1229 2335 1227 2333 1227 2333 1229 2335 1230 2336 1231 2337 1232 2338 1217 2323 1213 2339 1233 2340 1220 2341 1220 2341 1234 2342 1216 2322 1219 2325 1235 2343 1236 2344 1237 2345 1227 2333 1238 2346 1239 2347 1229 2335 1240 2348 1208 2314 1241 2349 1191 2292 1197 2313 1242 2350 1196 2351 1243 2352 1240 2348 1244 2353 1238 2346 1239 2347 1240 2348 1245 2354 1214 2320 1246 2355 1247 2356 1248 2357 1236 2358 1234 2342 1231 2337 1216 2322 1215 2359 1218 2360 1249 2361 1225 2362 1250 2363 1226 2364 1237 2345 1243 2352 1251 2365 1252 2366 1251 2365 1253 2367 1243 2352 1254 2368 1253 2367 1243 2352 1244 2353 1254 2368 1241 2349 1251 2365 1252 2366 1199 2369 1250 2370 1224 2371 1255 2372 1256 2373 1242 2374 1241 2349 1199 2304 1193 2295 1242 2350 1197 2313 1207 2312 1241 2375 1207 2376 1199 2369 1241 2375 1242 2374 1207 2376 1241 2349 1252 2366 1255 2377 1252 2366 1253 2367 1254 2368 1257 2378 1258 2379 1259 2380 1246 2355 1215 2359 1260 2381 1260 2382 1233 2383 1261 2384 1246 2385 1261 2384 1258 2379 1260 2381 1215 2359 1249 2361 1249 2386 1234 2387 1233 2383 1249 2361 1218 2360 1262 2388 1249 2389 1232 2338 1231 2337 1262 2388 1236 2344 1232 2390 1232 2390 1236 2344 1248 2391 1250 2363 1194 2297 1226 2364 1191 2292 1241 2349 1193 2295 1194 2296 1198 2303 1226 2392 1205 2310 1191 2292 1190 2291 1201 2306 1200 2305 1203 2308 1190 2291 1192 2293 1201 2306 1263 2393 1212 2393 1196 2393 1212 2318 1200 2305 1196 2301 1200 2305 1192 2300 1196 2301 1206 2311 1205 2310 1202 2307 1205 2310 1204 2309 1208 2314 1211 2317 1203 2308 1245 2354 1211 2317 1210 2316 1203 2308 1206 2311 1202 2307 1210 2316 1209 2315 1206 2311 1210 2316 1210 2316 1202 2307 1203 2308 1214 2320 1200 2305 1213 2319 1262 2388 1218 2360 1219 2325 1235 2343 1217 2323 1247 2394 1235 2343 1219 2325 1217 2323 1218 2324 1215 2321 1220 2326 1246 2355 1214 2320 1215 2359 1247 2395 1217 2323 1248 2396 1194 2297 1250 2363 1195 2298 1198 2397 1224 2330 1226 2332 1196 2351 1256 2398 1263 2399 1229 2335 1223 2329 1211 2317 1223 2329 1221 2327 1211 2317 1221 2327 1209 2315 1211 2317 1263 2399 1259 2400 1212 2401 1228 2334 1222 2328 1223 2329 1228 2334 1223 2329 1229 2335 1229 2335 1211 2317 1245 2354 1247 2356 1236 2358 1235 2402 1216 2322 1231 2337 1217 2323 1245 2354 1203 2308 1214 2320 1237 2345 1208 2314 1227 2333 1198 2303 1199 2304 1224 2403 1238 2346 1227 2333 1264 2404 1239 2347 1230 2336 1229 2335 1240 2348 1229 2335 1245 2354 1264 2404 1227 2333 1230 2336 1239 2347 1264 2404 1230 2336 1237 2345 1238 2346 1243 2352 1208 2314 1237 2345 1241 2349 1196 2351 1242 2350 1256 2398 1254 2368 1240 2348 1245 2354 1244 2405 1240 2405 1254 2405 1243 2352 1238 2346 1240 2348 1238 2346 1264 2404 1239 2347 1212 2401 1258 2406 1213 2339 1213 2339 1258 2406 1261 2407 1220 2341 1233 2340 1234 2342 1251 2365 1241 2349 1237 2345 1253 2367 1251 2365 1243 2352 1241 2375 1255 2372 1242 2374 1255 2372 1257 2378 1256 2373 1224 2371 1250 2370 1225 2408 1207 2312 1195 2298 1250 2363 1199 2369 1207 2376 1250 2370 1255 2377 1252 2366 1257 2409 1257 2409 1265 2410 1245 2354 1257 2409 1254 2368 1265 2410 1263 2399 1256 2398 1259 2400 1257 2409 1252 2366 1254 2368 1257 2378 1259 2380 1256 2373 1212 2401 1259 2400 1258 2406 1265 2410 1254 2368 1245 2354 1257 2378 1246 2385 1258 2379 1262 2388 1219 2325 1236 2344 1213 2339 1261 2407 1233 2340 1246 2385 1260 2382 1261 2384 1245 2411 1246 2385 1257 2378 1217 2323 1232 2338 1248 2396 1233 2383 1260 2382 1249 2386 1234 2387 1249 2386 1231 2412 1249 2413 1262 2388 1232 2390 1266 2414 1267 2414 1268 2414 1269 2415 1270 2416 1271 2417 1272 2418 1273 2419 1274 2420 1275 2421 1276 2422 1277 2423 1271 2417 1276 2422 1275 2421 1278 2424 1279 2425 1269 2415 1280 2426 1281 2427 1282 2428 1283 2429 1272 2418 1274 2420 1284 2430 1285 2431 1286 2432 1287 2433 1286 2434 1288 2435 1289 2436 1290 2437 1291 2438 1289 2439 1291 2440 1292 2441 1293 2442 1287 2433 1294 2443 1293 2444 1295 2444 1287 2444 1294 2443 1288 2435 1296 2445 1297 2446 1298 2447 1288 2448 1284 2430 1287 2449 1299 2450 1280 2426 1300 2451 1281 2427 1301 2452 1302 2453 1278 2424 1303 2454 1304 2455 1280 2426 1305 2456 1279 2425 1280 2426 1269 2415 1279 2425 1305 2456 1268 2457 1267 2458 1306 2459 1307 2460 1286 2432 1308 2461 1309 2462 1310 2463 1311 2464 1311 2464 1310 2463 1312 2465 1290 2466 1289 2467 1313 2468 1314 2469 1315 2470 1293 2471 1316 2472 1293 2471 1315 2470 1317 2473 1272 2474 1283 2475 1310 2463 1318 2476 1312 2465 1319 2477 1318 2476 1310 2463 1309 2462 1319 2477 1310 2463 1304 2455 1303 2454 1320 2478 1321 2479 1266 2480 1322 2481 1303 2454 1323 2482 1324 2483 1325 2484 1318 2476 1320 2478 1303 2454 1324 2483 1320 2478 1306 2459 1307 2460 1308 2461 1326 2485 1296 2486 1327 2487 1295 2488 1316 2472 1287 2449 1274 2420 1273 2419 1321 2479 1323 2482 1328 2489 1329 2490 1328 2489 1330 2491 1329 2490 1322 2481 1268 2457 1331 2492 1330 2491 1332 2493 1333 2494 1333 2494 1334 2495 1297 2446 1325 2484 1333 2494 1318 2476 1329 2490 1333 2494 1325 2484 1329 2490 1330 2491 1333 2494 1331 2496 1335 2497 1279 2498 1331 2496 1306 2499 1335 2497 1321 2500 1322 2501 1279 2498 1322 2501 1331 2496 1279 2498 1302 2502 1321 2500 1336 2503 1283 2504 1274 2505 1302 2502 1317 2506 1283 2504 1302 2502 1337 2507 1335 2508 1338 2509 1338 2509 1334 2495 1332 2493 1335 2497 1298 2510 1334 2511 1334 2495 1298 2447 1297 2446 1313 2512 1289 2439 1292 2441 1299 2513 1339 2514 1298 2510 1285 2515 1298 2510 1335 2497 1308 2461 1286 2432 1285 2431 1296 2486 1339 2516 1327 2487 1313 2517 1292 2518 1314 2519 1314 2519 1292 2518 1315 2520 1315 2520 1292 2518 1326 2521 1272 2522 1301 2523 1278 2524 1273 2419 1272 2522 1278 2524 1273 2419 1278 2524 1269 2525 1266 2480 1273 2419 1269 2525 1267 2526 1266 2480 1269 2525 1267 2526 1269 2525 1271 2527 1271 2417 1270 2416 1276 2422 1270 2416 1282 2428 1276 2422 1269 2415 1305 2456 1270 2416 1270 2416 1305 2456 1282 2428 1275 2421 1277 2423 1297 2446 1277 2423 1276 2422 1340 2528 1277 2423 1340 2528 1297 2446 1288 2435 1275 2529 1297 2530 1288 2435 1307 2531 1275 2529 1286 2434 1307 2531 1288 2435 1307 2531 1267 2526 1275 2529 1267 2526 1271 2527 1275 2529 1305 2456 1280 2426 1282 2428 1282 2428 1281 2427 1340 2528 1276 2422 1282 2428 1340 2528 1286 2532 1287 2532 1284 2532 1290 2466 1314 2469 1293 2471 1294 2443 1287 2433 1288 2435 1291 2438 1290 2437 1293 2442 1291 2438 1293 2442 1294 2443 1292 2441 1291 2440 1294 2533 1339 2516 1296 2486 1288 2448 1317 2473 1301 2534 1272 2474 1301 2452 1317 2535 1302 2453 1322 2481 1266 2480 1268 2457 1321 2479 1273 2419 1266 2480 1281 2427 1300 2451 1341 2536 1340 2528 1341 2536 1297 2446 1281 2427 1341 2536 1340 2528 1341 2536 1300 2451 1311 2464 1278 2424 1302 2453 1336 2537 1280 2426 1279 2425 1303 2454 1309 2462 1311 2464 1300 2451 1278 2424 1336 2537 1279 2425 1300 2451 1280 2426 1309 2462 1341 2536 1312 2465 1297 2446 1341 2536 1311 2464 1312 2465 1316 2472 1295 2488 1293 2471 1326 2485 1294 2533 1296 2486 1280 2426 1304 2455 1309 2462 1309 2462 1304 2455 1319 2477 1312 2465 1318 2476 1297 2446 1304 2455 1320 2478 1319 2477 1331 2492 1268 2457 1306 2459 1319 2477 1320 2478 1318 2476 1303 2454 1328 2489 1323 2482 1303 2454 1279 2425 1328 2489 1320 2478 1324 2483 1325 2484 1306 2459 1267 2458 1307 2460 1324 2483 1323 2482 1325 2484 1288 2448 1298 2447 1339 2516 1285 2431 1284 2430 1299 2450 1299 2450 1287 2449 1316 2472 1333 2494 1332 2493 1334 2495 1318 2476 1333 2494 1297 2446 1323 2482 1329 2490 1325 2484 1279 2425 1337 2507 1328 2489 1336 2503 1321 2500 1279 2498 1337 2507 1279 2425 1335 2508 1302 2502 1274 2505 1321 2500 1328 2489 1338 2509 1330 2491 1328 2489 1337 2507 1338 2509 1338 2509 1335 2508 1334 2495 1306 2499 1308 2538 1335 2497 1330 2491 1338 2509 1332 2493 1285 2515 1299 2513 1298 2510 1308 2538 1285 2515 1335 2497 1292 2441 1294 2533 1326 2485 1299 2513 1316 2539 1327 2540 1316 2539 1326 2521 1327 2540 1316 2539 1315 2520 1326 2521 1299 2513 1327 2540 1339 2514 1290 2466 1313 2468 1314 2469</p>
        </triangles>
        <triangles material="qmat_2f2f7b216765ae1c" count="88">
          <input semantic="VERTEX" source="#vertices" offset="0" />
          <input semantic="NORMAL" source="#normals" offset="1" />
          <p>1369 190 1370 190 1371 190 1369 190 1371 190 1372 190 1369 190 1372 190 1373 190 1369 190 1373 190 1374 190 1373 2605 1375 2606 1374 2607 1376 2608 1373 2605 1372 2609 1375 2606 1377 2610 1374 2607 1377 2610 1378 2611 1369 2612 1377 2610 1369 2612 1374 2607 1369 2612 1378 2611 1379 2613 1370 2614 1380 2615 1371 2616 1370 2614 1369 2612 1379 2613 1371 2616 1381 2617 1372 2609 1381 2617 1376 2608 1372 2609 1376 2608 1375 2606 1373 2605 1380 2615 1381 2617 1371 2616 1379 2613 1380 2615 1370 2614 1379 2618 1378 2619 1377 2620 1379 2618 1377 2620 1375 2621 1379 2618 1375 2621 1376 2622 1379 2618 1376 2622 1381 2623 1379 2618 1381 2623 1380 2624 1382 2625 1383 2626 1384 2627 1382 2625 1384 2627 1385 190 1382 2625 1385 190 1386 190 1382 2625 1386 190 1387 190 1386 2628 1385 2629 1388 2630 1387 2631 1386 2628 1389 2632 1387 2631 1389 2632 1390 2633 1386 2628 1388 2630 1389 2632 1391 2634 1384 2635 1392 2636 1384 2635 1383 2637 1393 2638 1384 2635 1393 2638 1392 2636 1383 2637 1382 2639 1393 2638 1382 2639 1394 2640 1393 2638 1394 2640 1382 2639 1387 2631 1394 2640 1387 2631 1390 2633 1394 2641 1390 2642 1389 2643 1394 2641 1389 2643 1388 2644 1394 2641 1388 2644 1391 2645 1394 2641 1391 2645 1392 2646 1394 2641 1392 2646 1393 2647 1385 2629 1384 2635 1391 2634 1385 2629 1391 2634 1388 2630 1395 2648 1396 2649 1397 2650 1395 2648 1397 2650 1398 190 1395 2648 1398 190 1399 190 1395 2648 1399 190 1400 190 1401 2651 1395 2652 1400 2653 1402 2654 1401 2651 1400 2653 1399 2655 1402 2654 1400 2653 1403 2656 1399 2655 1398 2657 1404 2658 1403 2656 1398 2657 1397 2659 1404 2658 1398 2657 1405 2660 1404 2658 1397 2659 1405 2660 1397 2659 1396 2661 1406 2662 1396 2661 1395 2652 1406 2662 1395 2652 1407 2663 1401 2651 1407 2663 1395 2652 1403 2656 1402 2654 1399 2655 1407 2664 1401 2665 1402 2666 1407 2664 1402 2666 1403 2667 1407 2664 1403 2667 1404 2668 1407 2664 1404 2668 1405 2669 1407 2664 1405 2669 1406 2670 1406 2662 1405 2660 1396 2661 1408 2671 1409 2672 1410 2673 1408 2671 1410 2673 1411 2674 1408 2671 1411 2674 1412 2675 1408 2671 1412 2675 1413 190 1411 2676 1414 2677 1415 2678 1411 2676 1410 2679 1414 2677 1410 2679 1409 2680 1416 2681 1408 2682 1417 2683 1409 2680 1412 2684 1411 2676 1415 2678 1412 2684 1415 2678 1418 2685 1412 2684 1418 2685 1419 2686 1413 2687 1412 2684 1419 2686 1408 2682 1413 2687 1420 2688 1417 2683 1408 2682 1420 2688 1410 2679 1416 2681 1414 2677 1413 2687 1419 2686 1420 2688 1417 2683 1416 2681 1409 2680 1417 2689 1420 2690 1419 2691 1417 2689 1419 2691 1418 2692 1417 2689 1418 2692 1415 2693 1417 2689 1415 2693 1414 2694 1417 2689 1414 2694 1416 2695</p>
        </triangles>
        <triangles material="qmat_fbc365fc3facc314" count="89">
          <input semantic="VERTEX" source="#vertices" offset="0" />
          <input semantic="NORMAL" source="#normals" offset="1" />
          <p>91 108 92 109 93 110 94 111 91 112 95 113 93 110 92 109 96 114 91 112 97 115 98 116 95 113 91 112 98 116 97 115 93 117 99 118 100 119 101 120 102 121 99 118 93 117 100 119 93 110 96 114 101 122 94 131 92 109 91 108 92 132 109 133 110 134 111 135 112 136 92 132 121 145 122 146 123 147 124 148 125 149 126 150 126 150 96 151 127 152 102 121 125 149 124 148 110 134 134 162 135 163 135 163 134 162 136 164 137 165 138 166 92 109 138 167 139 168 140 169 138 167 140 169 122 146 137 170 139 168 138 167 137 170 141 171 139 168 135 163 136 164 137 170 122 146 140 169 123 147 91 112 93 117 97 115 100 119 93 117 101 120 94 111 95 113 116 140 92 109 94 131 111 175 111 135 94 111 143 176 143 176 94 111 116 140 92 132 117 141 109 133 144 177 111 135 143 176 92 132 112 136 117 141 112 136 111 135 144 177 101 122 96 114 125 178 102 121 101 120 125 149 127 152 96 151 130 155 96 114 138 166 122 179 121 145 96 151 122 146 130 155 96 151 121 145 126 150 125 149 96 151 92 109 110 180 135 181 96 114 92 109 138 166 92 109 135 181 137 165 110 134 109 133 134 162 137 170 136 164 141 171 1342 2541 1343 2542 1344 2543 1345 2544 1346 2545 1347 2546 1342 2541 1348 2547 1343 2542 1345 2544 1349 2548 1350 2549 1343 2542 1348 2547 1347 2550 1345 2551 1347 2551 1349 2551 1349 2552 1347 2553 1346 2554 1346 2554 1350 2555 1349 2552 1349 2556 1347 2557 1348 2558 1342 2556 1349 2556 1348 2558 1344 2559 1347 2560 1349 2561 1342 2561 1344 2559 1349 2561 1343 2562 1347 2562 1344 2562 1345 2544 1350 2549 1346 2545 1351 2563 1352 2563 1353 2563 1351 2564 1354 2564 1352 2564 1355 2565 1356 2566 1353 2567 1351 2568 1357 2569 1355 2565 1358 2570 1352 2571 1354 2572 1358 2570 1354 2572 1359 2573 1359 2574 1353 2575 1358 2576 1358 2576 1353 2575 1352 2577 1353 2575 1359 2574 1351 2578 1354 2572 1351 2579 1359 2573 1353 2580 1351 2580 1355 2580 1355 2565 1357 2569 1356 2566 1351 2581 1353 2582 1356 2583 1356 2583 1357 2584 1351 2581 1360 2585 1361 2586 1362 2587 1360 2585 1362 2587 1363 2588 1360 2585 1363 2588 1364 2589 1360 2585 1364 2589 1365 2590 1360 2585 1365 2590 1366 2591 1360 2585 1366 2591 1367 2592 1368 2593 1361 2594 1360 2595 1368 2593 1360 2595 1367 2596 1368 2593 1367 2596 1366 2597 1368 2593 1366 2597 1365 2598 1368 2593 1365 2598 1364 2599 1368 2593 1364 2599 1363 2600 1362 2601 1361 2602 1368 2603 1363 2604 1362 2601 1368 2603</p>
        </triangles>
      </mesh>
    </geometry>
  </library_geometries>
  <library_visual_scenes>
    <visual_scene id="scene">
      <node id="base_link_dae">
        <instance_geometry url="#geometry">
          <bind_material>
            <technique_common>
              <instance_material symbol="qmat_10a888b1b30808ba" target="#qmat_10a888b1b30808ba" />
              <instance_material symbol="qmat_2f2f7b216765ae1c" target="#qmat_2f2f7b216765ae1c" />
              <instance_material symbol="qmat_fbc365fc3facc314" target="#qmat_fbc365fc3facc314" />
            </technique_common>
          </bind_material>
        </instance_geometry>
      </node>
    </visual_scene>
  </library_visual_scenes>
  <scene>
    <instance_visual_scene url="#scene" />
  </scene>
</COLLADA>