<?xml version='1.0' encoding='utf-8'?>
<COLLADA xmlns="http://www.collada.org/2005/11/COLLADASchema" version="1.4.1">
  <asset>
    <created>2026-09-14T00:00:00Z</created>
    <modified>2026-09-14T00:00:00Z</modified>
    <unit name="metre" meter="1" />
    <up_axis>Z_UP</up_axis>
  </asset>
  <library_effects>
    <effect id="qmat_10a888b1b30808ba_effect">
      <profile_COMMON>
        <technique sid="common">
          <lambert>
            <emission>
              <color sid="emission">0 0 0 1</color>
            </emission>
            <diffuse>
              <color sid="diffuse">0.74876 0.74876 0.74876 1</color>
            </diffuse>
            <reflectivity>
              <float sid="specular">0.921233</float>
            </reflectivity>
            <index_of_refraction>
              <float sid="ior">1.45</float>
            </index_of_refraction>
          </lambert>
        </technique>
      </profile_COMMON>
    </effect>
    <effect id="qmat_2f2f7b216765ae1c_effect">
      <profile_COMMON>
        <technique sid="common">
          <lambert>
            <emission>
              <color sid="emission">0 0 0 1</color>
            </emission>
            <diffuse>
              <color sid="diffuse">0.002853 0.002853 0.002853 1</color>
            </diffuse>
            <index_of_refraction>
              <float sid="ior">1.45</float>
            </index_of_refraction>
          </lambert>
        </technique>
      </profile_COMMON>
    </effect>
    <effect id="qmat_fbc365fc3facc314_effect">
      <profile_COMMON>
        <technique sid="common">
          <lambert>
            <emission>
              <color sid="emission">0 0 0 1</color>
            </emission>
            <diffuse>
              <color sid="diffuse">0 0 0 1</color>
            </diffuse>
            <index_of_refraction>
              <float sid="ior">1.45</float>
            </index_of_refraction>
          </lambert>
        </technique>
      </profile_COMMON>
    </effect>
  </library_effects>
  <library_materials>
    <material id="qmat_10a888b1b30808ba" name="qmat_10a888b1b30808ba">
      <instance_effect url="#qmat_10a888b1b30808ba_effect" />
    </material>
    <material id="qmat_2f2f7b216765ae1c" name="qmat_2f2f7b216765ae1c">
      <instance_effect url="#qmat_2f2f7b216765ae1c_effect" />
    </material>
    <material id="qmat_fbc365fc3facc314" name="qmat_fbc365fc3facc314">
      <instance_effect url="#qmat_fbc365fc3facc314_effect" />
    </material>
  </library_materials>
  <library_geometries>
    <geometry id="geometry" name="base_link_dae">
      <mesh>
        <source id="positions">
          <float_array id="positions_array" count="1809">-0.194479629 0.086188145 0.0848080963 0.194682732 0.0862655267 0.0845414102 0.194477603 0.0861881599 0.0827179551 -0.194684774 0.0862655118 0.0829846412 -0.195420742 0.0853896514 0.082513012 -0.196293667 0.0846080258 0.0829590634 -0.196147904 0.0845655575 0.084906362 0.195928365 0.084331356 0.082513012 -0.196274891 -0.0843108967 0.0827116221 -0.196404621 -0.0843053833 0.0845449194 -0.195427865 -0.0852567628 0.0850130394 0.194477603 -0.0860481039 0.0848081335 0.195927024 -0.0841908827 0.0850130394 -0.194684803 -0.0861254856 0.0845413804 -0.194479659 -0.0860481262 0.0827179328 0.194682732 -0.0861254707 0.0829846784 0.196420506 -0.0843418166 0.0844967887 0.196291625 -0.0844680443 0.0829590932 0.196420506 0.0844818801 0.0830292925 0.196291625 0.0846081004 0.0845669881 0.195418671 0.0853896961 0.0850130394 0.195425823 -0.0852567703 0.082513012 0.340383798 0.0487500094 0.221447632 0.393217117 0.0301781707 0.217730165 0.322669894 0.0463189483 0.209084049 0.345730662 -0.0487499498 0.209126949 0.300606996 -0.0130318776 0.209084049 0.394191891 -0.0265520141 0.217023775 0.332863301 -0.0487499498 0.221480802 0.300606996 0.010966952 0.221433461 0.355736226 0.0495769382 0.209084064 0.302827477 0.0244962033 0.209080592 0.387972355 0.0305518843 0.20902963 0.360081524 -0.0499999188 0.209084064 0.374301016 0.0450654067 0.12256749 0.395590216 0.0201893616 0.137391269 0.398884982 -0.0055277138 0.209084064 0.399356991 -0.00806646794 0.122236252 0.329911292 -0.0467180535 0.121664114 0.299356967 0.000518367568 0.131756291 0.305827677 0.026230121 0.12215592 0.306612432 -0.0280178562 0.123041518 0.385949731 -0.0352009237 0.132635951 0.364029676 -0.0487568788 0.122536257 0.306255907 -0.0245526507 0.209061101 0.332583129 0.0479822792 0.122050032 0.282319516 -0.0367365703 -0.0707469806 0.208712965 -0.0366626307 -0.0680803284 0.20871298 0.0366686918 -0.0682469979 0.283563614 0.0366004147 -0.068524763 0.346804798 0.021814473 -0.068019703 0.382950544 0.0210029706 -0.0682469755 0.383039355 -0.0209969506 -0.0690803081 0.347051024 -0.0217283089 -0.0707469732 0.346456081 -0.02191443 -0.0657469854 0.284729987 -0.0364313424 -0.0657470003 -0.199877247 0.0213970635 0.0736404136 -0.200184941 -0.0211366639 0.074109666 -0.200032949 -0.020983601 0.0699211881 -0.2002379 0.0212259516 0.0697892457 -0.3856574 -0.0215190928 0.0699163228 -0.385765046 0.0215749145 0.069918938 -0.385641605 0.0216750056 0.0741179883 -0.200601891 0.0205596332 0.0745130107 -0.385777742 -0.0214243215 0.0741196871 -0.200435132 -0.0362727195 -0.0708437562 -0.262483388 -0.0372299515 -0.0696757212 -0.303440541 -0.0212689899 -0.0692075491 -0.379236102 -0.0195299145 -0.0689084306 -0.200305074 0.0364223868 -0.070828706 -0.200311154 -0.0362951383 -0.0661424473 -0.200425714 0.036396794 -0.0661333501 -0.262286633 0.0373699591 -0.0678559691 -0.3048352 0.0214271676 -0.0686416104 -0.378581911 0.0200024713 -0.0693448335 0.400136799 0.0202152245 0.0695484281 0.400321066 -0.0209478252 0.0704122111 0.204654023 -0.0212427694 0.0696285218 0.204272732 0.0211108252 0.0698917434 0.400341094 0.0200567525 0.0744535252 0.204595208 0.0220700204 0.0736512393 0.204517409 -0.0210696887 0.0744675994 0.400166035 -0.0209123846 0.0737214312 0.311532974 0.0216918569 0.0705293491 0.196448743 0.101720445 -0.078303881 0.196469143 0.101495601 -0.0704901516 0.192900121 0.0816982687 -0.0802797079 0.196293935 0.0845711827 -0.0863870308 0.114605881 0.0842987671 -0.0774783641 0.196493074 -0.101254202 -0.0704886392 0.195600256 -0.0783264041 -0.0744826943 0.0380662978 0.0812329575 -0.0822856352 0.037888471 0.0871911198 -0.0745405704 0.194460273 -0.0833268166 -0.0851366222 0.196334094 -0.101551965 -0.0783933923 0.115250736 -0.086504072 -0.076756373 0.113090299 -0.0787824541 -0.0825213343 -0.0386916548 0.0834878236 -0.0744878277 -0.0379928686 0.0810540468 -0.0821924061 -0.193208963 0.0843096077 -0.0862434655 -0.114001803 0.085143134 -0.076701425 -0.19563663 0.0796737224 -0.0744864866 -0.196478263 0.101484932 -0.0704885423 -0.196494386 -0.101144046 -0.0704892799 -0.039735809 -0.0799817368 -0.0824866146 -0.0365040265 -0.0869463831 -0.0752017573 0.0379571021 -0.0857590586 -0.0755440816 -0.196432203 -0.101494245 -0.078497462 -0.192384794 -0.0833828226 -0.0846884623 -0.114587612 -0.0842873082 -0.0778281465 -0.195734367 -0.0811317042 -0.0745037869 -0.196440428 0.10150668 -0.0782560706 0.258381724 0.0880047306 0.0834720954 0.182725504 0.0862844065 0.082676895 0.191121608 0.0856881067 0.0751340091 0.255723596 0.101741672 0.0871752501 -0.132868335 0.0983524919 0.0878489241 0.077283144 0.09802147 0.0871613324 0.258498996 0.100248918 0.077258803 -0.258501023 0.0906199142 0.0780616701 0.055564329 0.0846537724 0.0817895979 0.0584625416 0.0858471915 0.0745130107 0.0711607859 0.0906162634 0.0872205272 -0.255610347 0.0878872946 0.0874724761 -0.258501023 0.102025017 0.0774618834 -0.192107052 0.0851337314 0.0781980678 -0.0581375062 0.0852100551 0.0796860605 -0.139263526 0.0903412849 0.0872833729 0.258499026 -0.0934209824 0.077676788 0.255883723 -0.101523168 0.0877216235 0.258265227 -0.101886153 0.0745662674 0.254992276 -0.0876979232 0.0874259323 0.193037719 -0.0851391032 0.0772314221 -0.193011343 -0.0855046883 0.079445824 0.0584377497 -0.0850435346 0.0799634457 -0.0579401962 -0.0839592069 0.0823349208 -0.0582446791 -0.0863047317 0.0747523755 -0.258501023 -0.101184659 0.0763315856 -0.258501023 -0.0886590108 0.0776947513 -0.0890996307 -0.0978572667 0.087359257 0.112972766 -0.0982429981 0.086745128 -0.256378442 -0.10136617 0.0873264596 -0.239961773 -0.0898602381 0.0873991475 0.0695635229 -0.0907237306 0.087180011 0.257166713 0.101233087 -0.0745211989 0.199811965 0.0380699784 -0.0745853633 0.257964432 0.0381857604 -0.0746146366 0.198955119 0.102070019 -0.0747971535 0.256310135 0.0844333619 -0.104820907 0.255657554 0.0556196384 -0.104954325 0.197998986 0.0728852227 -0.104987003 -0.201286435 -0.037929941 -0.0746714547 -0.198000997 -0.0691557899 -0.104987033 -0.255055755 -0.0556049347 -0.104938447 -0.25808984 -0.0395651236 -0.0744985417 -0.256017298 -0.0838200226 -0.104920886 -0.199374676 -0.101929992 -0.0746942386 -0.257323712 -0.101929992 -0.0748510361 -0.198734388 0.083935596 -0.104777873 -0.200325444 0.102069996 -0.0745789334 -0.199653015 0.0380699597 -0.0746896267 -0.257239819 0.0387405679 -0.0745402724 -0.258501023 0.0696785673 -0.104987033 -0.199550092 0.0555100851 -0.104913078 -0.2579723 0.101186171 -0.0745430067 0.255916387 -0.0556433313 -0.104787357 0.255218744 -0.0844469145 -0.10494183 0.197999001 -0.0680574477 -0.104987003 0.257990539 -0.101244174 -0.0746169463 0.257609189 -0.039536003 -0.0744956508 0.198815852 -0.0379299298 -0.0747057572 0.199581847 -0.101929978 -0.0746469796 -0.407094449 0.033476036 0.0266043004 -0.401381046 0.0339051224 0.0320491157 -0.406969637 -0.03374945 0.0265075006 -0.41549778 0.033197511 0.0461860038 -0.421388537 0.0338736326 0.0409079045 -0.401623785 -0.0337834284 0.0323213339 -0.420261919 -0.0336574763 0.0423714295 0.258683354 0.102070019 -0.0666610524 0.197399005 0.0439577512 -0.0479835197 0.261634737 0.0455858447 -0.0474779941 0.197399005 0.102070019 -0.0700621307 0.197399005 0.0281508844 -0.0658357292 0.258275092 0.0285877101 -0.065676555 0.259948611 -0.0296958704 -0.0627088994 0.197417423 -0.0359856524 -0.0424044989 0.262159288 -0.0423714444 -0.0453339033 0.258750349 -0.101929978 -0.066344358 0.197399005 -0.0280478746 -0.0706614256 0.197399005 -0.101929978 -0.0626387894 -0.197017357 0.102069996 -0.0619627014 -0.197017714 0.0403015055 -0.0740083605 -0.258809209 0.102069996 -0.0725248829 -0.197000995 0.0311043002 -0.0494260788 -0.261326909 0.0465891398 -0.0480256006 -0.258202612 0.0235519987 -0.0629395843 -0.25815466 -0.0274815317 -0.069420971 -0.262359202 -0.0421512239 -0.0455107465 -0.197000995 -0.0154184578 -0.0441217422 -0.257771581 -0.101313159 -0.0628873706 -0.197007313 -0.0349314176 -0.0690165311 -0.19708927 -0.101757728 -0.063543044 0.258770823 0.102070019 0.0651323795 0.2581563 0.0239506438 0.0643500313 0.261812896 0.0470593758 0.0493438728 0.196998999 0.102070019 0.0691010505 0.196998999 0.0308926031 0.0672288314 0.197051346 0.0395610295 0.0447935946 0.259193391 -0.0272963494 0.0644435734 0.26078853 -0.046189975 0.0477478877 0.19701466 -0.0254144948 0.046017237 0.258755237 -0.101929978 0.0663448274 0.196998999 -0.101929978 0.0683950782 0.196998999 -0.034504924 0.0705539882 -0.19700101 0.102069996 0.0646591634 -0.259904057 0.100078128 0.071334742 -0.19700101 0.0403973348 0.0740429908 -0.259333819 0.029045118 0.0610745773 -0.19700101 0.0221295822 0.0471182987 -0.260486215 0.0454051681 0.0475287139 -0.260817856 -0.045363497 0.047716476 -0.258250684 -0.0275991894 0.0652771667 -0.19700101 -0.10193 0.0633981526 -0.259046525 -0.10193 0.0709784031 -0.19700101 -0.0270924475 0.0487650707 -0.197032139 -0.0404515713 0.073780559 0.369817644 0.061784856 0.112697959 0.41956839 -0.0342721529 0.105210982 0.406975627 0.0607201234 0.0858230069 0.404644966 -0.00175735436 0.0740131959 0.423893988 0.0467173345 0.000964569277 0.422529995 -0.0536914021 0.0156050576 0.29071188 0.000951821101 0.119336113 0.374046922 -0.068107672 0.100064054 0.26966548 -0.0466371104 0.0813061297 0.387261868 -0.0556429513 0.0730483383 0.399055392 -0.0454699695 -0.0668770522 0.423178673 -0.0284478161 0.00338801602 0.404779345 -0.0382666253 -0.0659750327 0.265314639 0.0436454937 0.0876081586 0.404004633 0.076927565 0.0631916523 0.383134574 0.0056433212 0.0695729926 0.262806892 -0.0477413349 0.0756428242 0.261786997 0.0512153022 0.079087086 0.388294101 0.0275284126 -0.0720529705 0.412576735 0.036728099 -0.0587020665 0.41760996 0.0270207319 0.222000048 0.411845952 -0.0532893874 0.222000062 0.377938449 -0.0775009617 0.222000048 0.277293682 -0.0491003208 0.222000048 0.277184665 0.0487314798 0.222000048 0.387319505 0.0775150284 0.222000092 0.418043405 0.0255761128 0.24136512 0.378806472 0.0775150284 0.240586847 0.277642876 0.0456855595 0.240253881 0.271117806 -0.0338575281 0.240465954 0.349916965 -0.0775009617 0.240281537 0.405877888 -0.0609208755 0.240874514 -0.387613803 0.0554955378 0.0455825292 -0.37576443 -0.0219922233 0.0241036005 -0.386250138 -0.0511308461 0.0546866581 -0.379564792 0.0253969356 0.0276004281 -0.372809947 -0.0246714354 0.0232140459 -0.393540323 -0.0311473142 0.0205531474 -0.384305984 0.0246688556 -0.0582036488 -0.387502491 0.0234212019 0.033998955 -0.37441653 -0.0239846762 -0.0547400638 -0.39460668 -0.0293349568 -0.0649850667 -0.256251633 0.084191449 0.0840622336 -0.257592916 0.0234575812 0.0839680582 -0.198183 0.0850514024 0.0868846476 -0.248617247 0.0238258597 0.0832779184 -0.200684234 0.0240803529 0.0856184587 -0.200534552 0.0250735339 0.0708638579 -0.197919548 0.0721272156 0.0696521625 -0.204937905 0.0828220099 0.0835120454 -0.202228338 -0.0244466569 0.0807531476 -0.199619398 -0.0726691037 0.0697648823 -0.200774908 -0.0842589065 0.0848268569 -0.249254555 -0.0239972118 0.0830745399 -0.247128323 -0.0845770687 0.083339408 -0.257038593 -0.0238573384 0.0858605132 -0.257763147 -0.0849126726 0.0843121037 -0.197644427 -0.0241549332 0.0869567096 0.257269949 -0.0232752841 0.0843474939 0.197580084 -0.0246264786 0.0869122967 0.257754356 -0.0845075697 0.0854564831 0.200889066 -0.024377523 0.0803215504 0.202083454 -0.0833086744 0.0852470398 0.201125696 -0.0704136267 0.0692019388 0.25195992 -0.024367515 0.0832351372 0.244935185 -0.0850600675 0.0834931657 0.201890752 0.0838995799 0.0857679024 0.198432475 0.0252994802 0.0712554976 0.198736072 0.0242100414 0.0869373456 0.254739463 0.0245856959 0.0827049986 0.204011232 0.0254607759 0.0837840661 0.199603498 0.0776092187 0.0704934448 0.256461173 0.0846485198 0.0829293355 0.257032305 0.0239843111 0.0869729966 -0.399842292 0.0485242493 0.0700639784 -0.422744185 0.0425188094 0.0440022424 -0.423324019 -0.0392750986 0.0442265607 -0.415836185 0.0455749258 -0.00944046676 -0.406082809 0.0212834403 0.0224890262 -0.394580275 0.0574679896 0.0596481524 -0.408646137 0.0462643392 -0.0424252115 -0.418684065 -0.0475018881 0.0534270443 -0.397553146 -0.0542685017 0.0645964444 -0.414354622 -0.0418326519 -0.00528450217 -0.416537613 -0.045869004 -0.00724622514 -0.414274603 0.00742150052 -0.0388084017 -0.413043916 -0.0217548963 -0.071679011 -0.413803309 -0.0247477293 -0.0604936406 -0.415513635 -0.0218169838 -0.057659559 0.258392841 0.148978174 0.0300553013 0.258426398 0.116392404 0.0317854285 0.258499026 0.126471564 0.00700812507 0.176641852 0.12355084 0.0633527189 0.256736428 0.139721632 0.0516585186 0.258133769 0.125583723 0.0672851652 0.258472651 0.102095291 0.0452149957 0.258172452 0.102098331 0.0740500316 0.257079065 0.115842059 0.0724456161 0.176292047 0.148997545 0.0279285908 0.176021963 0.126185611 0.00468287012 0.176152498 0.135637879 0.0372575 0.176067397 0.122486942 0.0204693321 0.176110208 0.113084249 0.0358194746 0.176077619 0.135058463 -0.0376995653 0.17616646 0.124720976 -0.0151689239 0.176330283 0.11514312 0.071505554 0.17606324 0.102084979 0.0452712253 0.258375168 0.148884684 -0.0305317063 0.258473843 0.123669066 -0.017233843 0.258451939 0.111982554 -0.0369137824 0.176024899 0.116424188 -0.0315850824 0.256194651 0.140967682 -0.0488727987 0.258212924 0.130903706 -0.0624979883 0.177718192 0.123716421 -0.0632067695 0.258247882 0.102082483 -0.0451935083 0.258378357 0.102109171 -0.073900044 0.256825358 0.117456555 -0.0720803142 0.176975012 0.102153338 -0.0740239769 0.176227942 0.116219595 -0.0707100555 0.176175699 0.148947254 -0.0276665948 0.176032528 0.102115534 -0.0451781712 0.176650256 0.102099061 0.0739454776 0.258298576 -0.140291229 0.0501619987 0.236860871 -0.145271748 0.0327616483 0.258384645 -0.148819268 0.0285227429 0.258453071 -0.124468364 0.0138683552 0.258467674 -0.125534788 -0.0095741963 0.176135495 -0.126255304 0.00582593074 0.258490354 -0.118360311 0.0281779096 0.176028684 -0.119540945 0.0274151564 0.258405268 -0.102068767 0.0452246107 0.258214682 -0.114002883 0.0730732679 0.177370265 -0.117218897 0.0707261041 0.255793005 -0.127515465 0.0658343658 0.176291198 -0.148837537 0.028155908 0.176523611 -0.139317498 0.0333976708 0.17606011 -0.148853317 -0.027909698 0.17645213 -0.127902061 0.0543642417 0.17606017 -0.101968095 0.0738727301 0.176192582 -0.101938061 0.0452388115 0.25849241 -0.11031945 -0.0384316407 0.258365184 -0.120640405 -0.024447551 0.258474737 -0.128601849 -0.0649025068 0.257353306 -0.148784786 -0.030522611 0.25672543 -0.115136296 -0.0725757778 0.176509038 -0.117415391 -0.0701892674 0.176048175 -0.101985171 -0.0452566445 0.25846681 -0.101952597 -0.0451979153 0.258006245 -0.101941384 -0.0740239769 0.176312074 -0.125135258 -0.0599023141 0.256722271 -0.136951014 -0.0553029478 0.176043972 -0.122083388 -0.0216885284 0.176180333 -0.135862842 -0.0357413478 0.176150337 -0.101996854 -0.0740239769 0.257972121 -0.101929978 0.0736698881 -0.176913992 0.148993924 0.0280573778 -0.258829594 0.148976207 0.0302732065 -0.176752716 0.13564454 0.0370131023 -0.258931458 0.126973704 -0.00311931339 -0.176513329 0.126563013 0.000785318087 -0.176563039 0.123069786 0.0192449614 -0.176566213 0.114974216 0.0335187986 -0.258891016 0.115024842 0.0339143984 -0.176627323 0.114754744 0.0718689263 -0.257872492 0.102204785 0.0740500018 -0.176972419 0.102098197 0.0738895833 -0.176554605 0.102087781 0.0452984348 -0.177896529 0.124059148 0.0626427159 -0.258985788 0.12257269 0.0202820599 -0.25878939 0.141020879 0.048858393 -0.258973986 0.102085054 0.0452202745 -0.258406579 0.124638058 0.0683507696 -0.176949099 0.134541363 -0.0387656651 -0.176611423 0.148654521 -0.0275827795 -0.176558912 0.102119759 -0.0452728607 -0.176664129 0.124789946 -0.0135854743 -0.176508501 0.118285052 -0.0285630357 -0.258966506 0.110428713 -0.0384704657 -0.17675814 0.122476079 -0.0652080625 -0.257427603 0.139542341 -0.0515120141 -0.176658362 0.102102458 -0.0739208236 -0.177026108 0.11232008 -0.0726519153 -0.258945048 0.127855003 -0.0656461418 -0.257012457 0.114304319 -0.0729603767 -0.258703679 0.10208147 -0.0737682208 -0.258839399 0.121453807 -0.0236135852 -0.258935422 0.102093786 -0.0451906398 -0.258874029 0.148959547 -0.0300426576 -0.17659615 -0.134587467 0.0385965146 -0.258451521 -0.14883028 0.0302554294 -0.176649764 -0.148789719 0.0276703704 -0.176544249 -0.126387164 -0.00464684842 -0.176587299 -0.148836985 -0.0274266973 -0.25875631 -0.125344023 0.0106065376 -0.258858532 -0.126128808 -0.00760169979 -0.176515967 -0.124160953 0.0148044266 -0.176675007 -0.1019914 0.045425497 -0.176507413 -0.118399419 0.0281401947 -0.25897029 -0.118941978 0.0282338243 -0.256789446 -0.14214541 0.0458745994 -0.176796064 -0.12196473 0.0659586787 -0.258902639 -0.148784533 -0.0286730472 -0.258914411 -0.133674681 0.0598783232 -0.178565949 -0.110889733 0.0733337477 -0.257196039 -0.117870018 0.0717898905 -0.258760542 -0.101941898 0.0738645643 -0.258769095 -0.101947032 0.0452265143 -0.176509112 -0.110214688 -0.0385478288 -0.176594049 -0.120837256 -0.0240042694 -0.176572278 -0.134610072 -0.0382700935 -0.2397113 -0.145936072 -0.0320333503 -0.176563576 -0.101941422 -0.0452002063 -0.176685542 -0.117275551 -0.0702784956 -0.178688332 -0.125686258 -0.059228383 -0.258829027 -0.102037646 -0.0452105328 -0.176804215 -0.101972967 -0.0740240067 -0.258984268 -0.120780274 -0.0247317068 -0.25887078 -0.101937912 -0.0737727955 -0.258815944 -0.136421546 -0.0571233369 -0.257492602 -0.11589136 -0.0723899528 -0.176580533 -0.101936541 0.0737037435 -0.277446896 0.0164078008 0.0523065068 -0.274611533 -0.000801294576 0.0670130029 -0.313841403 -0.0211588982 0.0546930358 -0.362701237 0.0230349284 0.0621659718 -0.348978519 0.00131991226 0.0488136634 -0.363129407 -0.0214294568 0.0580557026 -0.365407199 -0.00358785433 0.0330808908 -0.318617404 0.0218976904 0.0599768087 0.419402093 0.00208189501 -0.0307667013 0.420465559 -0.0153536135 -0.0165892337 0.420117229 -0.0165880751 -0.0126738353 0.421269 0.0203335732 -0.0140723223 0.419591993 0.00233891467 0.00416515768 0.41943866 0.0186105166 0.0058681285 0.421269 -0.0220679305 -0.0128548695 0.423195571 0.0334398188 0.0766689107 0.428711981 0.0323282555 0.0711868703 0.41435343 0.0342859738 0.0567604601 0.423170239 -0.0330607332 0.0766611919 0.408979625 0.0337351672 0.0625128895 0.412279695 -0.0337724984 0.0582198501 0.428272784 -0.0337529965 0.0706129298 0.195878953 -0.101378381 0.0705130324 -0.195885852 -0.101360634 0.0705130026 -0.19636701 -0.10092999 0.0705130026 -0.196501002 -0.100429989 0.0705130026 -0.196431771 0.100954525 0.0705130026 -0.196001112 0.101435997 0.0705130026 -0.195501015 0.10157001 0.0705130026 0.195883557 0.101500772 0.0705130324 0.196364984 0.101070017 0.0705130324 0.196498975 0.100570023 0.0705130324 0.196429729 -0.100814521 0.0705130324 0.196498975 -0.100429967 0.0745130405 0.196429729 0.100954555 0.0745130405 0.196364984 -0.100929983 0.0745130405 0.195999011 0.101436019 0.0745130405 0.195498988 0.101570033 0.0745130405 -0.195885703 0.101500735 0.0745130107 -0.19636701 0.101070009 0.0745130107 -0.196501017 0.100570008 0.0745130107 -0.196431756 -0.100814506 0.0745130107 -0.196001098 -0.101295993 0.0745130107 -0.195501 -0.101429887 0.0745130107 0.195883721 -0.101360634 0.0745130405 -0.397725046 0.02203249 0.0638713613 -0.395783186 -0.0218562502 0.0631039888 -0.390138775 -0.02192997 0.0729849562 -0.392390549 0.0220699906 0.0722429603 -0.371278763 -0.0214486048 0.062789239 -0.371170998 0.0217807852 0.0652519539 -0.411764205 0.00605272828 -0.0097518852 -0.411910504 -0.0169040374 -0.0259276293 -0.411269009 -0.00150987238 -0.0441663638 -0.413310945 0.021568602 -0.0239697825 -0.412721664 0.0157069936 -0.0262335092 -0.411518008 0.0188316498 -0.0449887365 -0.413310945 -0.02192997 -0.0261922702 -0.389624298 -0.01440972 -0.0561557487 -0.385845214 -0.0176718663 -0.0685904622 -0.366638482 -0.0184299909 -0.0603495166 -0.366868824 0.0185700003 -0.0576643907 -0.386181623 0.0170812216 -0.0686256811 -0.389961511 0.0137493433 -0.0560980402 0.175698981 0.103591941 0.0757105723 0.173598334 0.123106867 0.0652012974 0.173863187 0.136627197 0.0570229329 0.173388436 0.134863466 0.0368637666 -0.174620345 0.117315836 0.0737696663 0.174723819 0.147467017 -0.0101901041 0.0935544074 0.14197135 0.0421566591 0.173721954 0.140576527 -0.0105783995 0.174788818 0.135938853 -0.0560772642 0.17342405 0.120914869 -0.0704338774 -0.174025744 0.138705671 -0.0236911625 0.175104707 0.102313302 -0.0773360133 -0.175509185 0.102811828 -0.0773360133 -0.173763111 0.140988633 0.0501832105 -0.17397128 0.136048898 0.0335696638 -0.174431577 0.117114618 -0.0716364682 -0.175142601 0.146575585 -0.0243182238 -0.174963921 0.126969188 -0.0677509233 0.0293597635 0.145049244 0.0298711658 -0.176004276 0.103111722 0.0764492303 -0.0722304359 0.143904403 0.0356328003 0.175698996 -0.101999879 0.0754794851 0.174084038 -0.117097169 0.0726256371 -0.176168993 -0.101999879 0.0751795471 0.172784925 -0.132859766 0.0599663034 0.103287555 -0.145890027 0.0235544965 0.174603865 -0.147327006 -0.011681187 -0.175518557 -0.121274561 0.0726175755 0.173437729 -0.12731497 -0.060692504 -0.173810095 -0.136931896 -0.0284434445 0.173838019 -0.138715371 0.0243649017 0.175698996 -0.101999879 -0.0749126524 0.174494952 -0.127569184 -0.0688301101 -0.174866185 -0.120901592 -0.0718170404 0.0185356084 -0.14435342 0.0315861255 -0.176137924 -0.103044242 -0.0761400983 -0.174079806 -0.122506633 0.0658019036 -0.174122885 -0.138638571 0.0214614365 -0.125346303 -0.141086265 0.0433497615 -0.174185067 -0.147327006 0.0176547859 -0.0584693849 -0.143388867 0.0381158143 -0.175297454 -0.143953785 -0.0333571136 -0.412358582 0.0166085083 -0.0364610292 -0.412368447 -0.0162725206 -0.0167033467 -0.411310971 0.00796698965 -0.0135220103 -0.410298347 0.0184149705 -0.0384314172 -0.410161585 -0.0181389991 -0.014881718 -0.411310971 -0.00925595034 -0.0423140116 -0.411310971 -0.00768995984 -0.0396970101 -0.411310971 0.00953197014 -0.0109050004 0.419269025 0.0130869998 -0.0210079402 0.419269025 -0.0157049503 -0.00378494011 0.419269025 -0.0130869402 -0.00535104005 0.417985409 -0.0158293229 -0.0291817971 0.420204103 -0.00981483143 -0.0293719564 0.420469016 0.00949224271 0.00292324577 0.418175995 0.0166208223 0.00176381425 -0.407933414 0.0309356023 0.0277209301 -0.408146054 -0.0321488269 0.0281495228 -0.419554681 -0.0324640609 0.039704401 -0.419531316 0.0326039307 0.0397281609 -0.409350246 0.0332280099 0.0295469314 -0.409105182 -0.0331386514 0.0300091468 0.370789975 0.0687546954 0.0896570534 0.385005087 0.0703517348 0.0896570534 0.380029231 0.0576639995 0.0896570534 0.385485977 0.0672266707 0.22950311 0.381403923 0.0579944625 0.22940205 0.373217165 0.0592335686 0.22937277 0.372438282 0.071581848 0.229632318 0.278960317 0.0397738218 0.0846880376 0.292522997 0.0406379327 0.0846880376 0.284578562 0.0279500093 0.0846880376 0.293004006 0.0353594832 0.224431068 0.28901127 0.0283188522 0.224431857 0.278964907 0.0309765041 0.224574 0.284584105 0.0427969806 0.224688038 0.278306991 -0.0330136493 0.0846880376 0.292522401 -0.0300924852 0.0846880376 0.287547618 -0.0427809693 0.0846880376 0.286809713 -0.0427809693 0.22453402 0.293004006 -0.0332188383 0.22453399 0.284723401 -0.0279329699 0.224431962 0.278306991 -0.0353302322 0.224565089 0.370789975 -0.0641656145 0.0896570534 0.381641865 -0.0576639399 0.0896570534 0.38074699 -0.0725109205 0.0896570534 0.377701432 -0.0576639399 0.229657054 0.385485977 -0.0651028231 0.229399979 0.381495833 -0.072142601 0.229400277 0.371275753 -0.0690187961 0.229583159</float_array>
          <technique_common>
            <accessor source="#positions_array" count="603" stride="3">
              <param name="X" type="float" />
              <param name="Y" type="float" />
              <param name="Z" type="float" />
            </accessor>
          </technique_common>
        </source>
        <source id="normals">
          <float_array id="normals_array" count="3834">-0.264530063 0.722292483 0.638997138 0.303616524 0.864135623 0.401355952 0.257548034 0.737371504 -0.624461591 -0.311892658 0.863417566 -0.396526307 -0.447197825 0.445436239 -0.775629222 -0.866052032 0.291409314 -0.406244427 -0.688517153 0.293921709 0.662988782 0.412292659 0.179991588 -0.89309448 -0.696138203 -0.289997905 -0.656728864 -0.861825883 -0.280146092 0.422817171 -0.464149535 -0.459655792 0.75715369 0.257570416 -0.737343073 0.62448591 0.411669016 -0.17967473 0.893445909 -0.313961536 -0.863386929 0.394957244 -0.2662884 -0.702893317 -0.659569144 0.303201109 -0.865097344 -0.399594337 0.880951643 -0.341620684 0.327443928 0.836276889 -0.3004632 -0.458653212 0.881112099 0.34172827 -0.326899469 0.835220933 0.300863624 0.46031189 0.447221398 0.445674658 0.775478601 0.453129262 -0.451371759 -0.768724501 0.250569791 0.816831231 -0.519616723 -0.117936596 -0.229115546 -0.966228247 -0.0752383918 -0.0962423757 -0.992510259 0.0841762498 0.0199689418 -0.996250749 0.136507571 0.0258150604 -0.990302622 0.154137954 0.0149499755 -0.987936199 0.107508078 -0.107212745 0.988406539 0.0513368882 -0.33438167 0.941038489 0.340876192 -0.8704862 0.355045408 -0.13220419 0.171779409 0.976224303 -0.243606344 -0.00873476174 0.969834864 0.0662355497 -0.011285536 0.997740209 -0.52100122 -0.658848047 -0.542657375 -0.646936297 -0.348907679 0.678038955 -0.776137412 0.288519472 -0.560684562 -0.526315868 0.553844631 0.645172596 0.00071564212 -0.00164837029 0.999998391 0.000231932485 -0.000204440657 0.99999994 0.00011912101 0.000111315021 1 -0.000127828753 0.000376815267 0.99999994 0.380978793 0.674301445 -0.632592082 0.786018968 0.615683198 0.0557522848 0.898731947 0.401098222 -0.177203596 0.978538215 -0.18921569 0.0816112757 0.752348244 -0.108853191 -0.64971 -0.0012833738 0.00112035091 0.999998569 -0.00926710106 -0.00712212874 -0.999931693 -0.969620407 -0.0167153738 -0.24404265 -0.653280854 0.39053008 -0.648621917 -0.678185284 -0.411435455 -0.608921647 0.726114213 -0.652778387 -0.215959713 0.226810843 -0.737373888 -0.636267662 -0.865679145 0.495769769 0.0693684742 -0.831111073 -0.549803674 0.0834885761 -0.000634783297 -0.000441791839 0.999999702 -0.370202512 -0.928474844 0.0297421981 0.198800206 -0.973748565 0.110870063 0.0553008206 0.996031344 0.0697380304 -0.312687933 0.949852943 0.00237594103 0.00542664342 0.00392195303 -0.999977589 -0.00510866335 0.0220090244 -0.999744713 -0.0362069793 -0.00227134465 -0.999341726 -0.0199893303 0.0140029686 -0.999702156 0.00503101805 0.0302019026 -0.99953115 0.000699999568 0.0457597449 -0.99895221 0.00711653009 0.0308732092 -0.99949795 0.0134386802 0.0198640134 -0.999712348 -0.0495254174 0.213603914 0.975664198 0.0221332517 0.029357709 0.999323905 0.0912095979 -0.0195618961 0.995639563 0.0446913615 0.0201781578 0.998797059 0.00568147097 0.0518568158 0.998638391 0.00382408779 0.0515181795 0.998664737 -0.0118290922 0.0148540577 0.999819696 -0.0180982072 0.0108535867 0.999777317 -0.0308141392 0.131021172 0.990900576 0.0828246698 -0.996345103 0.0208932515 0.148031458 -0.988932729 -0.00993760116 0.00118418934 -0.99817574 0.0603638664 0.119412534 -0.992560506 -0.0237540901 0.137475103 -0.990292966 -0.020505717 0.0219068043 -0.999161541 -0.0345874988 0.669879973 0.664868534 0.330470264 0.686406136 -0.0113342088 0.727130115 0.999568522 -0.00619154656 0.0287119653 0.995614648 0.00454171561 -0.0934387669 -7.11432222e-05 -0.00266458583 -0.999996424 3.51555354e-05 -0.0031257018 -0.999995112 -0.000594427634 -0.000394608214 -0.999999762 -0.000698980642 5.89385891e-05 -0.999999762 -0.000162707729 0.722269654 0.691611528 0.00138686365 0.999020219 -0.044234518 0.00186368101 0.999712944 -0.0238854736 0.338710874 0.301700205 0.891208112 -0.999684453 -0.00215058471 -0.0250281822 -0.999565423 0.00315961568 0.0293093324 -0.99966383 0.00281426613 0.0257752091 -0.999588907 -0.00249595568 -0.0285619348 -0.00182307046 -0.00132761907 0.999997437 0.0028651224 -0.999362528 -0.0355850719 0.00155076501 -0.9997437 0.0225862321 0.00156963023 -0.999762118 0.0217534658 0.00288384547 -0.999332547 -0.0364159606 -0.0185368583 -0.0182444919 -0.999661684 0.0017063691 -0.0968272537 0.995299757 -0.0108020995 0.000226349599 -0.999941647 -0.00815566722 -0.00823600776 -0.999932826 -0.0103039239 -0.00136684708 -0.999945998 0.999650657 -0.00178292091 -0.0263700765 0.999721706 0.00143423467 0.0235476661 0.999705136 -0.00164485886 -0.0242278241 0.999668658 0.00157253945 0.0256935451 0.0155664226 0.999861717 0.00585146202 -0.0274505783 0.0240142737 0.999334693 0.0072303596 0.115992308 -0.993223786 -0.0159843769 0.00149209832 0.999871135 -0.019066507 0.0113519384 0.999753773 -0.0182016306 0.00858463347 0.999797463 -0.015471057 -0.000149515312 0.999880314 -0.00731704105 -0.0109170768 -0.999913633 -0.0138635961 0.238277003 0.971098304 -0.0446687676 0.167744681 -0.984817982 -0.00987381861 -0.264478713 -0.964340985 -0.0534619354 -0.166069999 0.984663665 0.0153277889 -0.999869168 -0.0051720459 0.00324654207 -0.0113077872 -0.999930799 0.00403591711 -0.0209615752 -0.999772131 -0.000967119529 0.00262883562 -0.999996066 -0.00341946026 0.600710034 -0.799459636 0.00276253209 -0.0128113963 0.99991411 -0.00390319107 0.0189271308 0.999813259 -0.00288694166 0.0140883317 0.999896586 0.00382761378 -0.0178827662 0.999832749 0.00145612133 -0.99993664 0.0111605963 0.000939927297 -0.999359608 0.035770461 0.000945490377 -0.999369025 0.0355054997 0.00146411685 -0.999940813 0.0107790194 -0.999734104 -0.00813929923 -0.0215752162 -0.996409059 0.00339807384 0.084601678 -0.996981978 0.0026339686 0.0775885805 -0.999571681 -0.00882484391 -0.0279034395 0.0147676691 0.989576757 -0.143247068 -0.00343528902 0.971193373 -0.238268003 0.0101487488 0.99944061 0.0318668298 0.0102370773 0.999294221 0.0361428298 0.99930948 0.00316226529 -0.037021514 0.99888885 -0.00510439556 0.046850957 0.999181867 -0.0044487007 0.0401970819 0.999132097 0.00360349333 -0.0414971747 0.980988085 -0.180820301 0.0704723671 0.986296654 -0.123989835 -0.10883645 0.991372824 -0.0760221109 -0.10677325 -0.0395579487 -0.911915839 -0.40846619 -0.04849042 -0.598517776 -0.799640656 -0.0121669872 -0.789586604 -0.613518476 0.995409667 0.0605165623 -0.0741441995 0.989353895 0.0132804886 -0.144922346 0.0100485291 -0.999814391 -0.0164375082 0.0165333562 -0.79231137 0.609892845 0.994730294 0.0336689502 -0.0968401283 0.99532944 0.0936215892 -0.0235446859 0.041187007 0.605121017 0.79506737 0.0593961813 0.607815921 0.791853487 0.0365521573 0.604401708 0.7958408 -0.0128075434 -0.949589849 0.313233286 -0.00677487953 -0.980874896 -0.194521293 0.0479592904 -0.943030357 -0.329231858 -0.00768744247 -0.942254722 -0.334808856 0.00369362696 0.00119936734 -0.99999243 0.0210197922 -0.507805228 -0.861215413 -0.990237892 -0.0972095206 -0.0998959467 -0.978754878 -0.000159635907 -0.205033943 -0.985032499 0.11693868 -0.126634747 -0.00226950925 0.733998775 0.679147005 -0.00448939577 0.721810937 0.692075789 0.0169735998 0.853708625 0.520474315 -0.00100411521 -0.32411176 -0.946018279 -0.00105570746 -0.311682016 -0.950185895 0.000149112922 -0.338154584 -0.941090584 -0.000158448413 -0.999288261 0.0377220102 -0.000278538326 -0.999048591 0.0436105393 -0.000156827446 -0.999291241 0.0376425162 -0.00103065185 0.575638533 -0.817703605 0.0142868264 0.00437179953 -0.999888361 -0.00143430696 0.00746049685 -0.999971151 -0.0409275033 0.00013237918 -0.999162138 0.0295751393 0.978011549 -0.206442982 -0.0230984557 0.912906885 0.407513827 0.027395606 0.983090997 -0.181056976 -0.969990075 0.0317137986 -0.241067439 -0.977001846 0.212561563 -0.0168817192 0.893384278 -0.19813247 0.40324682 -0.0457362644 0.491946608 -0.869423211 -0.000347372843 0.421335161 -0.906904936 -0.00068791688 0.853273749 -0.521462739 -0.00061971735 0.426358432 -0.904554069 -0.00976470765 -0.00324542844 -0.999947071 4.0914133e-06 7.46025853e-06 1 8.33958964e-08 -2.74247668e-07 1 2.34781737e-06 4.09553968e-06 1 -0.000210840008 0.863211572 -0.504842281 -0.000533893355 0.999595404 0.0284384415 0.00616564369 0.0598792359 -0.998186588 -0.0803844482 0.905601501 -0.416442454 -0.00964016467 0.00518520875 -0.999940097 0.000197525922 -0.346987963 -0.937869549 0.018324241 0.601441622 0.798706532 -0.0508031771 -0.377561837 -0.924589694 0.0180609114 0.858580589 0.512360454 -2.71402059e-05 0.999996066 0.00280228956 -0.983229876 -0.182293475 -0.00529985595 -0.985876441 -0.0380564369 -0.163093075 -0.973952174 -0.00846784003 -0.226595372 -1.66076507e-06 -3.64005768e-06 1 -0.000280109991 -0.999045193 0.0436876006 0.124538913 -0.532093644 -0.837476194 0.0111155491 -0.883120298 0.469014913 0.0215091631 -0.692069054 -0.721510768 0.00300326059 -0.147750944 0.98902005 -0.00704410626 0.452562451 0.891704857 -0.00104606315 -0.987344682 -0.158585697 -0.000920883263 -0.986870825 -0.161508873 0.00770893414 0.960813046 -0.277090073 0.00778695242 0.959997952 -0.279898643 -0.0187112 0.963212073 0.268090218 0.00603143172 -0.652230859 0.75799644 -0.750147104 -0.157872558 0.64214915 0.00604067557 -0.653434932 0.756958604 0.0061839032 -0.630666018 0.776029766 0.00321599143 0.989950538 -0.141377553 0.00333946035 0.988990426 -0.147941992 0.00333946082 0.988990545 -0.147941172 -0.012039016 0.454063803 0.890887797 0.00235937373 -0.986820042 -0.161804259 0.00442357035 -0.935132504 -0.354270518 -0.00370259816 -0.0512713715 -0.998677909 0.00450634817 0.264094055 -0.96448642 -0.00427278178 -0.966237307 0.257618397 -0.0136900116 -0.0971840769 -0.995172262 0.00804243609 0.0371417999 0.999277651 -0.077672191 6.07499423e-05 0.996978939 0.0200672671 -0.988023102 0.152995512 -0.0022882272 -0.0525166616 -0.998617411 -0.0790952891 -0.963568866 -0.255497485 0.110602818 -0.377640814 -0.919322789 0.0205817167 -0.987785161 0.154456541 -0.00197245018 -0.967287421 -0.253675342 -0.079394199 0.104057513 0.991397321 -0.00105008786 0.714163899 0.699977696 -0.00237337244 -0.965444744 -0.26059711 0.979276478 -0.0931270942 0.179846853 0.744030058 0.296886265 0.598563075 -0.00738045527 0.812688887 -0.582651079 -0.00696100807 0.89469707 0.446619123 0.00158334174 -0.993275762 0.11576163 0.000967806438 -0.932653606 0.360771835 0.0015894695 -0.993586659 0.113061823 0.0275110323 0.600373566 -0.799246311 0.0406492241 0.313083559 -0.948855281 -0.00077401154 0.955346286 -0.295487583 -0.00282579358 0.570488513 -0.821300745 0.0145783443 0.123117484 -0.992285013 -0.000962007907 -0.108191065 0.994129658 -0.0112201339 0.741782367 0.67054677 0.00368270464 0.672626734 0.73997277 0.0126683526 0.788796186 0.614524305 -0.00139702274 -0.999877393 -0.0155971553 -0.00141274545 -0.99986726 -0.0162316598 -0.000344304863 -0.999639452 0.0268485155 -0.0494472049 0.969100296 0.241660133 -0.00113874511 -0.662855804 0.748746216 -0.0206944533 0.999653459 0.0162712447 -0.000762829732 0.0270233024 0.999634504 0.0133977104 0.771641016 0.635917187 -0.027727155 0.320480734 -0.946849167 0.0820327774 0.605845869 -0.791341484 0.0126700578 -0.868652105 0.495260477 -0.00911825057 -0.994617283 -0.103215121 0.000726076018 -0.895486295 0.445088446 -0.000327596237 -0.999621153 0.0275216177 -0.00916256662 -0.994368792 -0.105578117 0.0213652439 0.108166501 -0.99390316 -0.0209713653 0.99956882 0.0205505788 -0.052821368 0.973742187 0.221440986 -0.00225334568 0.00103021564 0.99999696 -0.00196085521 0.00076460978 0.999997795 0.000506129523 -0.00147561624 0.999998808 -0.0882594064 0.776045322 -0.62447089 0.0148699814 0.874292016 -0.48517254 -0.0275590103 0.516630113 -0.855765045 -0.00469375681 0.00324632344 0.999983728 0.998732507 0.00290536345 -0.0502489321 0.998244941 -0.00292454055 -0.0591476671 0.995835006 -0.0221458618 -0.0884430707 -0.998925269 -0.0132262502 0.0444231257 0.999296486 0.0126966229 -0.0352896303 -0.183125645 0.0626147017 -0.981093466 -0.0507658496 -0.508705974 -0.859442294 0.00147529214 -0.866998136 -0.498309165 -0.129764155 -0.736286998 -0.664110482 0.100666463 0.77086401 -0.62899524 0.184505254 0.00438536704 -0.982821763 0.0316361487 0.521382511 -0.852736413 -0.0268512741 0.883267522 -0.468099922 -0.996733606 0.0085280966 -0.080308266 -0.992590845 0.0337542854 -0.116722152 -0.997573197 0.00113877293 -0.0696163327 0.113275215 -0.744276822 -0.658195078 0.0443783551 -0.50702554 -0.860787809 -0.998646975 -0.011981613 -0.0506034829 0.996558905 0.0297412369 0.0773677453 4.74598528e-06 -0.00313360104 0.999995112 0.000356876117 -0.00280207791 0.999996006 -0.00270553515 -0.00568525353 0.999980152 0.00305179739 -0.000264837436 0.999995291 0.00139584928 -0.856662154 -0.515875936 0.999551892 -0.000385114254 0.0299305804 0.998869956 0.0104147084 0.0463723615 0.999777257 -0.00695187692 0.0199274812 0.00154778757 -0.000780508097 0.99999851 0.00166332407 -0.000884301087 0.999998212 0.00257413322 -0.00170253252 0.999995232 -0.128225103 -0.800238132 -0.585813344 -0.0954506844 0.000281079789 -0.995434105 -0.128833681 -0.540378749 -0.831500232 0.000622099207 5.10888203e-05 0.999999821 -0.125098765 0.536666393 -0.834469557 -0.0111024622 0.694918215 -0.719003081 -0.125785053 0.789657652 -0.600515485 0.999504387 -0.0286203399 -0.0131109534 -0.010017965 -0.701598167 -0.71250242 -0.999496341 -0.0117214629 0.029490551 -0.0258056633 0.525959015 -0.850118339 -0.0447652712 -0.514971614 -0.856037557 -0.184652016 0.0444417186 -0.981798649 0.997401953 -0.00227122405 -0.0720015615 0.996822655 -0.00714758923 -0.079331927 0.994307995 -0.0235262979 -0.10391403 0.0257762484 0.882045329 -0.470458984 -0.0908076838 0.773179233 -0.627652586 -0.00210961583 -0.00046338691 0.999997675 -0.00197290303 -0.000590532552 0.999997854 -0.000491072773 -0.00196866062 0.999997914 0.01051524 -0.874311626 -0.485251069 -0.122652926 -0.745292068 -0.655359447 0.998230696 0.00628500665 -0.0591265373 -0.00354968035 0.000875908649 0.999993324 -0.999175251 -0.0119235292 0.0388158411 0.689792991 0.00232313829 -0.724002957 0.693447411 0.0017347961 -0.720505178 0.732785583 -0.00479577761 -0.68044275 0.0367434658 0.995572031 0.0865231603 -0.0101387203 0.999761462 -0.0193437412 0.0218038317 0.998367429 0.0527924523 -0.707345963 -0.000295289094 -0.706867456 -0.755845845 -0.0218127538 -0.654386163 -0.719081342 -0.00534493197 -0.694905341 0.667853832 -0.015695354 0.744126976 0.519195676 -0.0687918961 0.851882339 0.707603335 0.000303846842 0.706609845 0.472513556 -0.0837301984 0.877336979 -0.00662447838 -0.999978006 0.000246350246 -0.0248567499 0.998306811 -0.0525890738 -0.666987658 0.00502000423 0.745051801 0.736086488 -0.00536135444 -0.676866293 -0.766302705 -0.0266961046 -0.641924798 -0.0333181322 0.337494016 0.940737844 -0.0088017974 0.190466374 0.981654286 -0.0121623734 0.174129128 0.984647691 0.0553215854 -0.0569953546 -0.996840537 0.0322885998 -0.0379208513 -0.998758972 0.0475602485 -0.00599595904 -0.998850346 -1 0 0 -1 -0.000135762341 0.000198256137 -1 -6.97553769e-05 6.17713667e-05 -0.0518089235 0.354683816 0.933549821 0.00284399465 -0.0321470052 -0.999479115 0.0956873 0.031178711 -0.994923055 -0.999999821 2.34393298e-07 0.000611508731 0.991150677 0.000212312254 -0.132741287 0.984447122 -0.00122971577 -0.175676778 0.991472542 -0.00555007532 -0.130197451 0.981428921 0.0110540576 -0.191507429 0.991041839 -0.00973592419 -0.133196309 0.0866051987 0.0322852619 -0.995719433 0.0239892881 -0.0384512469 -0.998972476 -0.0599380434 -0.107758366 -0.992368639 0.0306262542 -0.143045604 0.989242136 0.0352524593 -0.313998848 0.948768675 0.0568049252 -0.335029244 0.940493822 0.98462975 -0.00780740241 -0.174480036 -0.999999762 -3.12651377e-06 0.000650907808 0.0349320136 -0.101911739 0.994179964 -0.999999762 7.32772314e-05 0.000672306516 0.165458873 0.188768402 -0.967982352 0.0891134813 -0.46243003 -0.882166207 0.0122351591 0.0362391025 -0.999268234 0.999999762 0.000118330492 -0.000635897624 -0.0347310789 0.281843215 0.958831668 0.0657993853 0.254878044 0.964731872 0.0153655708 0.187870383 0.982073605 -0.984379709 -0.0202825051 -0.174886346 -0.986090004 -0.0276269298 -0.163900003 -0.980426073 0.000134056318 -0.196887448 -0.0716985464 -0.35425663 -0.932395577 0.199382454 0.123645365 -0.972089767 0.318602175 -0.00907449704 -0.947845101 0.137124881 0.0977710113 -0.98571682 0.0152991693 -0.140225202 0.99000144 0.0266690664 -0.04365867 0.998690486 -0.983328283 -0.0081861075 -0.181654796 -0.165991262 0.171513259 0.97109735 -0.985528052 0.00637289649 -0.169392481 0.189473718 -0.919586003 -0.344182134 0.316659689 0.289259374 -0.903357983 -0.982320547 -0.021554023 -0.185961887 0.0511422791 0.369395584 -0.927863896 0.0398115665 -0.249141037 0.967648566 0.999999106 -0.00117202289 0.000664807449 0.00830841903 -0.281205952 0.959611475 -0.0114085767 -0.0882017538 -0.996037304 -0.00786985271 -0.0853150859 -0.99632293 0.974922776 -0.00989621412 0.222323358 0.978398025 -0.0109809497 0.206438184 0.97522831 -0.0108461818 0.220934689 -0.0616943017 0.272191972 -0.960263133 0.0156481545 0.172518343 -0.984881997 -0.0157631207 0.32146886 -0.946788967 0.0556172058 -0.0171732754 0.998304486 0.0259041432 -0.179601997 0.983398259 -0.0581324957 -0.102995053 0.992981672 -0.999997318 6.11984215e-05 -0.00230980199 -0.999997497 0.000260717061 -0.00223276112 -0.999997497 0.000322208536 -0.00220901752 0.996797979 0.014701657 0.0785981566 0.994635999 -5.36834705e-05 0.103437327 -0.134999931 0.422750175 0.896134675 -0.27091378 0.22139965 0.936796606 -0.999997616 0.000525226758 -0.00213062507 -0.0170877986 -0.170299396 -0.985244215 -0.0314882882 -0.315296412 -0.948470712 -0.0492904224 -0.296843231 -0.953653276 0.995098233 -0.00332394009 0.0988354161 0.101381026 -0.0318381004 0.994338095 0.0635005906 -7.83843279e-05 0.997981787 0.0690415427 -0.00471588364 0.997602642 0.0331701301 0.0252576359 0.999130547 0.0641112924 -0.0104979547 0.997887552 0.0507646054 0.159804106 -0.985842586 0.00260862242 -0.111772545 -0.993730366 -0.0743526518 0.93513453 0.346403092 -0.999999821 2.0584559e-05 -0.000630788563 0.0996553674 0.14967525 0.983700216 -0.0409811586 0.0021469288 0.999157608 -0.0155582167 -0.405555069 0.913938224 0.0420503952 -0.172445461 0.984121084 0.158273503 -0.397485703 0.903855383 1 0 0 -0.0062950328 0.180405036 -0.983572245 0.0318797305 0.0749827847 -0.996675134 -0.00330175133 -0.1697312 -0.985484838 -0.991147757 0.00742091984 0.132555768 -0.99733597 -0.0148784732 0.0714110881 -0.99149251 0.015530657 0.129233986 -0.0181402713 -0.286058575 -0.958040416 -0.112127237 -0.38093105 -0.917779386 -0.992000997 0.0201782566 0.124606721 -0.109270029 0.397809505 -0.910937786 -0.0149563113 0.304661244 -0.952343345 -0.997798026 -0.0172609277 0.0640402809 -0.997645855 -0.0148392627 0.0669516549 0.210467324 0.48974365 0.846081913 0.0930532068 0.197424605 0.975891709 0.0446756743 -0.0989914685 -0.994084895 0.0515027866 0.426912934 0.902824879 -0.000181794006 -0.0453493819 0.998971164 0.119603097 -0.165266782 0.978969872 0.999998987 0.000271350931 0.00138945598 0.106082685 0.621297896 0.776360393 0.18067272 -0.0546409041 0.982024312 0.495363414 0.561705768 0.662647545 -0.981957555 -0.135251552 -0.132160604 -0.973316014 0.0198077746 -0.228612259 -0.99899137 -0.0448832698 -0.00132583734 -0.975437224 0.0755031556 -0.206933513 -0.405717582 -0.0414167717 0.913059652 -0.0372862332 -0.310097694 0.949973226 0.138114914 0.20064716 -0.969878852 -0.158369422 0.494183391 -0.854811013 -0.297173977 0.90543139 -0.303119838 0.600677013 -0.799251676 -0.0195936374 0.59782809 -0.80139637 -0.0191144925 0.876219571 -0.326657683 -0.354307771 0.759770215 -0.641589463 -0.105414152 0.847685277 0.523572266 -0.0854499787 0.0261927675 -0.113473348 0.993195713 0.0458976328 -0.0895255134 0.994926453 0.0403441191 -0.0962890536 0.994535446 -0.0640043095 -0.0271422658 -0.997580469 0.0326563306 -0.185276464 -0.9821437 -0.0122083668 -0.142278031 -0.989751458 0.101998493 -0.0227520615 -0.99452436 0.0115743689 -0.198491231 -0.980034292 0.108038448 0.927349806 0.358259767 -0.534351707 0.455598235 0.711968064 -0.54013896 -0.369110763 0.756311536 0.757323503 0.644311905 0.106410682 0.965368867 0.14425844 0.217376426 0.832090139 0.554630578 -0.00330767431 -0.959471822 0.281674236 0.00857219938 -0.918697178 0.358192593 -0.166413799 -0.990502417 0.117390692 -0.0715846792 -0.0934906676 0.943554044 -0.317750365 0.479320049 0.00843467843 -0.877599657 0.750169694 -0.0578895062 -0.658706546 0.962122619 0.241039813 0.127357244 -0.979086637 0.108461581 0.172120571 -0.96681118 0.0900617763 0.239092097 0.00609533256 -0.986442745 0.163992643 0.990397513 -0.0108937239 -0.137819231 -0.992514968 -0.0906291381 -0.0818562061 -0.98816514 0.0641594157 -0.139331177 -0.572280943 0.819496989 0.0303180683 -0.925277233 -0.375864029 0.0508747622 0.885145843 0.461710602 0.0577943511 0.12812832 -0.392360598 -0.91084373 0.064835161 -0.0663777068 0.995685875 -0.116966657 0.0333418623 -0.992576003 0.985989928 -0.139263004 0.0918130651 0.98250401 -0.173799932 0.0669289529 0.984639227 -0.154883787 0.0806015804 0.987418354 -0.113357455 0.110250242 -0.970874429 0.0790087357 0.226186872 3.51563074e-07 3.12015828e-07 -1 2.16288231e-06 -2.28812652e-07 -1 3.88985001e-07 -5.98877747e-08 -1 5.75350967e-08 0 -1 2.75319735e-07 2.18650882e-07 -1 2.89543181e-07 9.75820626e-07 -1 0.906661212 -0.411379039 0.0934491903 0.969097376 0.246656612 -0.00329081458 0.742063224 0.170545191 0.648271918 0.366115391 0.289830238 0.884283841 -0.00722203776 0.00483456021 0.999962211 -0.166851953 -0.296513617 0.9403404 -0.153589144 -0.822270453 0.547979593 0.579564512 -0.514379919 0.632074594 0.772800386 0.564951122 0.289153636 -0.255966067 0.962402105 -0.0909040794 -0.251176566 0.961080313 -0.115043081 -0.75709796 0.648937643 0.0753832906 -0.801855624 0.585775793 0.117873989 -0.958971143 0.00707651349 -0.283415347 -0.948627472 -0.00105681724 -0.316393465 -0.419516116 -0.813564003 0.402641058 0.22947228 -0.960585058 0.156903923 -0.931910098 -0.0426705927 -0.360170513 0.981015146 0.178028822 0.0769092888 0.971118927 0.194115654 0.138734177 0.970784724 0.102293856 0.217055261 0.318010122 -0.912992835 -0.255565315 0.314183444 -0.788499355 -0.528732061 0.315258324 -0.912370503 -0.261136383 -0.983806491 -0.177769497 -0.0228651538 -0.970300913 -0.240818277 0.0228613578 -0.872781813 -0.225389183 0.432956815 0.980227888 0.194553703 -0.0360851064 -0.979731262 -0.199974671 -0.0116957687 0.271818906 -0.962085724 -0.022483822 -0.482681304 0.836108625 0.260655165 -0.464215308 0.848501623 0.254065126 -0.287160367 0.95770961 -0.0182008911 -0.994134009 -0.039771542 0.100577272 -0.471099883 0.713651538 0.518426836 0.903407693 0.0479356125 0.42609477 0.980049789 0.197893411 -0.0184547883 0.267321736 -0.963314772 -0.0237429999 -0.242440119 0.969743192 -0.0286511928 -0.0485402495 -0.000476810208 0.998821139 -0.0383609049 -0.0103138201 0.999210715 -0.0390623063 -0.009636309 0.999190331 -0.0155423563 0.0474108048 -0.998754561 -0.0241382886 -0.00511809904 -0.999695539 -0.0767972022 0.00324205123 -0.997041464 0.998510778 -0.0523272604 0.0154318959 0.998447955 -0.0553231426 0.00640501501 0.998190939 -0.0437235348 0.0412690751 -0.930460155 0.00927420426 -0.366275638 -0.994315565 -0.0559805967 -0.0905691832 -0.997237086 -0.0727516264 -0.0150139118 -0.0287692137 -0.0195742529 0.999394417 0.0231818613 0.639701128 -0.768274069 0.0290147737 0.806148827 -0.591001034 0.0352535248 0.799765766 -0.599276185 0.0489171706 -0.0322551131 -0.998281896 0.998029649 -0.0419124104 0.0466916673 0.0184497703 -0.961760819 -0.27326867 -0.879841864 0.0366945863 -0.473847926 -0.994490981 -0.0309859999 -0.100137517 -0.19968003 -0.0112923309 -0.979796112 -0.0154224662 -0.0314683765 -0.999385774 -0.0571997203 -0.00964791235 -0.998316109 -0.0138484892 -0.0300034359 0.999453843 -0.00873987097 -0.0252479911 0.999643028 -0.0135853924 -0.0297585521 0.99946481 -0.018614741 -0.0344394371 0.999233425 0.0324606337 -0.06712991 -0.997216046 0.863301277 0.136987299 -0.485742062 0.997947216 -0.0532390364 0.0355937071 0.999260247 -0.0371290967 -0.0100181131 0.787545919 0.177108273 -0.590257645 0.0130188018 -0.980524838 -0.195963278 -0.310826898 -0.0112704234 -0.950399697 -0.0918753594 0.0263349805 -0.995422244 0.00570073398 0.999364555 -0.0351850614 0.00688964641 0.998673916 -0.0510184616 0.00697170151 0.998616934 -0.0521116219 0.00564255705 0.999391854 -0.0344105586 0.0425055735 0.0184279829 0.998926282 0.0205346178 -0.00367139676 0.999782383 0.0163779445 -0.096450828 0.995203018 0.998785615 0.0163587909 -0.0464719832 0.0567815751 -0.0820126832 -0.995012462 0.0518699177 0.420470238 -0.905822456 0.00241582724 -0.036155954 -0.999343216 -0.890529513 0.102480546 -0.443232298 -0.997361541 -0.0639271736 -0.0343990512 -0.932311952 0.0653860867 -0.355695277 -0.00347622763 0.999813378 0.0190037768 -0.0022839345 0.999327302 0.0366016738 0.0486627296 -0.00987856556 -0.998766422 0.1748503 0.142166004 -0.974277258 0.15542534 -0.0215036701 -0.987613559 -0.997070611 -0.0764620379 -0.001933867 -0.00493516633 -0.0547406003 0.998488426 -0.0212538708 -0.917577922 0.396987379 -0.993098676 0.0305669215 0.113228329 -0.997966051 0.048711136 0.0411213338 -0.998317719 0.053213615 0.0230239667 -0.0380270109 0.0177113693 -0.999119759 0.512137771 -0.00287447777 -0.85889852 -0.0206831675 0.0331708416 -0.99923563 0.930856287 -0.0143720377 -0.365102738 0.913335562 -0.0263659451 -0.406353205 0.979839563 0.0325821936 -0.1971111 0.00120108179 -0.997358203 -0.0726306736 0.00145192433 -0.997592568 -0.0693322793 -0.00311525515 -0.991609097 -0.129234985 0.0168113429 0.999651432 -0.0203555766 -0.00591710163 0.00390453846 -0.999974847 0.0509145819 0.0668998808 0.996459782 0.0259316843 0.0439526401 0.998696983 0.0237606335 0.0419573933 0.998836815 -0.990094781 0.0241800714 0.138302818 -0.000535615312 0.0196166188 0.999807417 0.87930578 -0.0234285817 -0.475681007 0.98549366 0.0413460955 -0.164598897 -0.00375116267 -0.990487754 -0.137549892 -0.722798049 0.00263611786 0.691054285 -0.751972914 0.007138432 0.659155309 -0.975292206 -0.135995105 0.174098864 -0.842498541 -0.520545125 -0.138668641 -0.965808928 -0.229650289 0.12030711 -0.984728694 -0.166190416 0.0518670268 -0.61871767 0.784934521 0.03265398 -0.831874073 0.552330077 0.0540095456 -0.345975995 0.937726676 0.0311341863 -0.244957358 0.969531655 0.0020594541 -0.707256079 -0.553100169 0.44030562 0.524733961 -0.0443115421 -0.8501122 0.587412477 -0.019262379 -0.809058428 0.617746413 -0.00653528469 -0.786350191 0.477892697 0.877449155 0.0412492342 0.351334542 0.93269521 0.0815090835 -0.283246279 0.928402543 0.240499943 -0.00993557181 -0.950091183 -0.31181404 0.376589209 0.920821071 0.101336487 -0.990167618 0.06946145 -0.121421412 -0.999542296 -0.0205592569 -0.0221931376 -0.999401867 -0.0183336139 -0.0293224305 0.691065729 -0.0226362497 -0.722437322 -0.96640116 0.151717916 -0.207486093 -0.984812498 0.0304975081 -0.170921624 0.987454534 -0.152421579 -0.0412455425 0.984237432 -0.166779265 -0.0588334277 0.990660608 -0.126385257 0.0511694439 0.862352252 0.442494184 0.246063903 -0.417170733 0.872171581 0.255509973 -0.980967402 -0.0989836454 -0.167048439 -0.916317463 0.368341655 0.15711996 -0.899080634 0.401936084 0.173497438 0.39379546 -0.509814918 0.764862001 0.505766511 -0.0515919216 -0.861126304 0.893913507 -0.00393405464 0.44822225 -0.00878107268 -0.715051949 0.699016154 0.974524796 -0.193716049 -0.113028795 -0.953124821 0.0145630911 0.302226663 -0.480814666 -0.0572466142 0.874951482 0.960696876 -0.207199812 0.184742466 0.987847865 -0.148969114 0.0443257429 -0.963412225 0.218638659 -0.155029282 0.996037841 0.0345058776 0.081963405 -0.131230012 -0.988050401 -0.0808402002 0.608715355 -0.753325939 -0.248928919 0.906603396 0.400481522 0.132984385 0.999603927 0.0230156928 0.0161935873 0.999999285 0.000997639145 -0.000615664758 0.999993682 0.00347982952 0.000687646796 -0.0792682171 0.801613092 0.592564762 -0.0967852324 0.851755917 0.514921844 -0.0579344034 0.971181333 0.231193557 0.654379964 0.468078792 0.593876362 0.999961197 0.0040781647 0.00780751044 0.676155806 0.0933727846 0.730817914 0.483062416 0.25957188 0.83622551 -0.999944925 0.0104499385 0.000972354843 -0.999975264 0.00699270144 0.000756295049 -0.999953091 0.00836828724 0.0048801722 -0.999991834 0.00197375123 0.00352522708 -0.999997973 0.00191238488 -0.000588841212 0.00664984295 -0.924898565 -0.380155742 0.00559159741 -0.997114003 -0.0757126287 -0.0111786751 -0.991068542 -0.132884249 -0.794791043 0.481300175 -0.369672 -0.99989146 -0.0144814942 -0.00270215538 -0.0111399423 -0.822922945 -0.568043828 0.00339104678 -0.75951463 -0.650481343 -0.0321608782 0.448303878 0.893302441 -0.00394773949 -0.916307032 -0.400457025 -0.000230327714 -0.907865822 -0.41926071 -0.072346963 0.780945837 0.620394707 -0.99996525 -0.00108092069 0.00826507248 0.643844128 0.742956221 -0.182977378 0.99999392 0.00288181123 -0.00195698719 0.999996603 -0.0022093961 -0.00138798682 -0.0108997989 -0.947821379 0.318615556 0.00347070233 -0.804039121 0.594566286 -0.00573030813 -0.759387195 0.650613725 0.299976319 0.833195508 -0.46454215 0.652120471 0.536119521 -0.536017478 -0.501855075 0.715225518 -0.486409187 0.999692261 -0.0243907124 0.00452105561 0.997659683 0.0242980886 -0.0639120191 -0.0121143637 0.366766483 -0.930234134 0.00157583703 0.117901735 -0.993023992 -0.0175180957 0.215415403 -0.976365387 -0.66843468 0.351507396 -0.65546751 -0.011457392 0.889604807 0.456587404 -0.0149517907 0.893666685 -0.448482215 -0.999994576 0.00314263441 0.0009552759 -0.000377475895 -0.96344316 0.267912656 0.00462141866 -0.916044831 0.401049256 -0.000344766013 -0.905506194 0.424332976 -0.000431672961 -0.999999166 -0.00124045776 -0.99990809 -0.00782702304 -0.0110695008 0.923413813 0.322044641 0.20879215 -0.0117789777 0.176353216 0.984256446 9.6550968e-05 -1 0.000187829617 -9.58664532e-06 -0.999999881 0.000491659215 -0.999796152 0.00156110583 0.0201299768 -0.992922366 0.0995677859 0.0647415593 -0.999576211 -0.0206934791 0.0204733852 0.937188447 0.133069888 -0.322444081 -0.000541150977 -0.999999404 -0.000931790913 -0.999982417 0.00555359386 0.00208771066 -0.998437285 -0.0453306399 -0.0326815136 0.641383469 -0.662511051 0.386918962 -0.0574113503 -0.849211514 0.52492255 -0.0351890586 -0.976643741 0.211964116 -0.0117777456 0.974271894 -0.225067794 -0.00846673455 0.99026984 0.138902754 0.0111466628 0.996814132 -0.0789766833 -0.00683178566 0.833804071 -0.552018225 0.00326557923 0.856418371 -0.516272128 0.999996006 -0.00282588066 -2.62659469e-05 0.999988854 -0.00277267303 0.00381424045 0.99995923 -0.00894340687 -0.00123043137 0.999967515 0.00169409998 0.00788113195 0.66034025 -0.205236614 0.722377062 -0.0560820512 -0.537335515 0.841501832 0.384135962 -0.601166546 0.700741291 -0.0206052326 -0.86907053 0.49425891 -0.0632555857 -0.71533531 0.695912421 -0.999844372 0.015609554 -0.00822310057 -0.999995828 -0.000758593669 -0.00278697256 -0.999907434 -0.0106596891 0.00845721178 -0.999804735 -0.00850780681 0.0178362019 -0.999123931 -0.0129665388 0.0397895202 -0.0936617032 -0.856256187 0.507988989 -0.998162806 -0.0415057652 0.0441399366 -0.999224782 -0.0322537832 0.0225720108 -0.985565245 -0.111032516 0.127800539 0.000531349215 0.924997926 -0.379971832 -0.000791058992 0.925697327 -0.378264308 -0.999891698 0.0139745586 -0.00460913731 0.99999404 -0.00311600603 0.0014833957 0.999925196 0.012226793 0.000300728163 0.661746025 -0.483552814 -0.572947502 0.999633431 -0.0258434769 -0.00806891173 0.62128365 -0.759091854 -0.194386631 0.464013696 -0.272710502 -0.842805028 -0.0505492799 -0.534781575 -0.843477011 0.0110350596 0.935546935 0.353029937 -0.000665142026 0.901093125 0.433625162 -0.00045552518 0.999999881 0.000224313771 -0.098896049 -0.852266967 -0.513673604 0.416537821 -0.776858211 -0.472215563 0.00485753827 0.723900139 0.689887702 -0.999994695 -0.00234707003 -0.00226319884 -0.999959588 -0.00717881741 -0.00540868938 -0.999958515 -0.00190573896 -0.00890985876 -0.999803185 -0.0149494996 -0.0130432649 -0.999876618 -0.0110014593 -0.011212782 -0.99839741 -0.0344037898 -0.044933483 0.999698639 0.019333614 0.0151284393 0.00249636802 -0.0493077673 0.998780489 -0.0180963278 -0.188758165 0.981856823 0.00115366769 0.999992847 -0.00360251754 -0.0150221866 -0.875267565 -0.48340562 -0.000462750904 0.999999344 0.00104749389 0.999952734 0.00597204175 -0.0076734568 0.673292577 -0.0825554803 -0.734752834 0.019245049 0.909891844 0.414398968 -4.36185765e-05 0.886658072 0.46242559 -0.0806211606 -0.764664114 -0.63936615 -0.0196852386 -0.228008822 -0.973460078 -0.000677648874 0.999999702 -0.000408950611 0.0138015859 0.886210382 0.463077396 0.0586568639 0.969434202 0.238236606 0.792716742 0.477592587 0.378821135 0.00470207306 -0.9993065 0.0369383097 -0.00322038331 -0.999305129 -0.03713274 0.000640610873 -0.93965894 -0.342112005 -0.00142321934 -0.781183541 -0.624299824 -0.00259242533 -0.777495623 -0.628883064 0.999955177 0.00868117064 0.00377181917 0.657170594 0.330581188 0.677379429 0.999995768 0.00242721755 0.00160733564 0.99990505 0.0132478457 0.00379315228 0.999974012 0.0070392075 0.00156217872 -0.0105895186 0.237368286 0.971361995 0.00216583628 0.1575986 0.987500906 0.999987423 -0.00288117002 0.00411006901 0.557716727 0.682515144 0.472361177 0.00139270618 -0.940401733 -0.340062648 0.0950050727 0.860226929 0.500982761 -0.00243468396 -0.909670055 -0.415324479 -0.999947906 0.0031469008 0.00970695447 -0.999994099 0.00264217192 0.00220368453 -0.999817014 -0.00216276757 0.0190075245 -0.999579132 -0.00427922886 0.0286931247 -0.999169648 -0.0140769444 0.0382336266 0.998798788 0.0209128726 -0.0443129651 0.99995327 0.00666752784 -0.00699900649 0.999940097 0.00927027222 -0.00581597863 0.999993503 -0.00319076935 -0.00167414907 0.999992967 0.00343737705 -0.00148627127 0.00132650312 -0.72019285 0.693772674 -0.00730000203 -0.924764752 0.380469263 -0.0120599335 -0.831700683 0.555093229 0.0810635835 0.802017868 -0.591773629 0.0791332051 0.757705629 -0.647780955 -0.439177662 0.77417171 -0.455830127 0.999876082 0.0125060631 -0.00956133753 0.999636948 0.0145837748 -0.02265542 0.993625283 0.0484075472 -0.101811379 -0.655431509 0.482456356 -0.581072688 0.0237249937 0.35715276 -0.933744609 -0.0096444143 -0.964782 0.262873858 -0.426291674 0.256293595 -0.867518902 0.00602765055 0.11785832 -0.99301213 -0.688239992 0.0587577336 -0.723099768 -0.99999994 0.00033295824 -9.7922275e-05 -0.999994993 0.00296834134 0.00111339008 -0.999982059 -0.00394894229 -0.00450118864 0.999582589 -0.024920268 0.0146163683 0.000414034497 -0.914436817 -0.404728413 -0.000253244099 -0.999999285 0.00118238211 0.023634268 0.551537275 0.833815336 -0.00130918017 -0.999990284 0.00420265133 -0.999986887 0.00464798464 0.00215430511 -0.999989331 0.00398555025 0.00232812786 -0.999996185 0.00261751353 -0.000888938783 -0.643677354 0.742851019 -0.183988705 0.016205268 0.902683616 -0.42999962 0.00514748599 -0.899697602 0.436483353 0.000303238863 -0.999999821 0.000469627004 0.000256934873 -0.999999762 0.000602273038 0.000716695911 -0.901216507 0.433368593 0.077278994 -0.79583919 0.600556374 -0.635069251 -0.750661075 0.182195127 0.0141983591 -0.900237322 0.435167909 0.999996662 -0.00255624973 -0.000318523147 0.99998939 -0.00453661382 0.000794408785 0.999999583 -0.000890844211 0.000177114984 0.00335707376 0.98080796 -0.194947273 -0.00690913852 0.9965446 0.0827716962 0.000902977423 0.991219521 0.132223651 0.999985754 -0.00533363223 0.000132178102 0.999987066 -0.00276528508 0.00426699268 -0.00195537531 0.927546322 -0.373703033 -0.00611611875 0.834500372 -0.550973415 0.00176813791 0.843121588 -0.537720084 -0.190531611 -0.87933284 0.436430395 0.671995759 -0.54480195 0.501609921 -0.00677807117 0.96594584 -0.258655488 -0.997874558 0.0575255975 -0.030613305 -0.999976397 -0.00353222038 0.0058893268 -0.999992073 -0.00392659241 0.000647965295 -0.999982536 -0.00584626151 0.000832539401 -0.649003148 -0.570566654 0.503238201 0.410970062 -0.288627893 0.864752889 0.0110539151 -0.388360798 0.921441078 -0.997547686 -0.0241205059 0.0657023937 -0.999979317 0.00583281787 0.00271058176 0.00117301813 0.923126936 -0.38449356 -0.9406358 -0.133060589 0.312248617 0.999995232 -0.00116763869 -0.00285185361 0.999999285 -0.000788918929 0.000901861815 0.793518066 -0.488333404 -0.363124669 0.0161731355 -0.900282204 -0.435006142 0.0540763773 -0.848446012 -0.526512206 0.999974847 0.00274810358 -0.00654278696 0.657169461 -0.405045867 -0.635662019 0.409320951 -0.790378451 -0.455805004 0.00922830869 0.929128766 0.369641185 -0.00110857806 0.901229143 0.433341444 -0.000828168239 0.999999642 -0.00011265467 -0.00551638938 0.897878647 0.440208554 0.00693931291 0.869988263 0.493023545 -0.99999851 -0.00156167976 -0.000694346789 -0.000421692414 0.722540736 0.691328168 0.02971806 -0.974011183 -0.224541739 -0.999997616 0.000366966327 -0.00215983461 -0.997794509 -0.0301413946 -0.0591407046 -0.999734402 -0.00947339553 -0.0210083444 0.0613015071 -0.798144817 -0.59933883 0.00523515511 -0.361366421 -0.932409227 0.999992311 -0.00248493091 0.00303834165 0.699130237 -0.0653810501 0.711998701 0.999899685 0.013760034 -0.0033672119 -6.55365948e-05 1 -0.000179657975 0.000414619251 0.999998689 -0.00156456477 -0.00718890131 -0.123300306 0.992343366 0.0186686013 -0.222662047 -0.974716961 0.9999488 0.0057096947 -0.0083544394 0.000437837065 0.999993801 0.00349002751 -0.00308805285 -0.0989224985 -0.995090365 -0.962480962 -0.119220331 -0.243755937 0.301791728 -0.223503828 -0.926805139 0.489310861 -0.518586874 -0.701172233 0.116486609 -0.250381947 -0.961113811 0.124009997 0.590278447 -0.797617018 0.239831895 0.114739746 -0.964010119 0.275851458 -0.504075646 -0.818421483 0.121114686 0.295663804 0.947583318 -0.0567189716 -0.182810366 0.981510758 0.0579041019 -0.596184134 0.800756872 -0.0581467375 -0.0118997013 0.998237133 0.641285777 -0.595483482 -0.48389253 0.221933603 0.65433979 0.722900391 0.0814744309 0.435800403 0.896348119 -0.0104403812 0.785764635 -0.618437469 0.413650274 0.652080357 -0.635361791 -0.995793462 0.00112025905 0.0916197821 -0.999747694 0.0223311093 -0.00243423018 -0.974364281 -0.174690977 -0.141765133 -0.99710834 -0.0690153092 -0.0318088122 0.999743283 -0.0221794453 -0.00462616561 0.997424006 -0.0281468872 0.0659780055 0.999328852 -0.0289087258 0.0224977508 -0.999521196 0.0304992963 0.00520928204 -0.995224416 0.0975007266 0.00469292467 0.996303439 -0.0399923809 0.0760265365 0.995440543 -0.015774224 -0.0940706879 0.995789528 0.00263131596 0.0916311294 -0.943563163 -0.168420821 0.285171807 -0.997517884 0.0167914629 -0.068381846 -0.995646894 0.0276882295 -0.0889981389 -0.913172185 -0.203605816 0.353073925 0.119320802 0.992797017 -0.0107994899 0.166648746 0.985492706 -0.032130383 0.0107411379 0.999231398 0.0376990475 0.704857409 -0.000351139373 0.709348917 0.759681106 -0.009946879 0.650219738 0.709165633 -0.00107684138 0.705041051 -0.705609739 0.000186383928 0.70860064 -0.739646673 -0.0146200303 0.672836542 -0.834209621 -0.0611417741 0.548047483 -0.73108989 0.00764688896 -0.682238281 0.690955698 -0.00581889693 -0.722873688 0.630815625 -0.0288159717 -0.775397539 0.61216259 -0.0355908647 -0.789930582 -0.0526924394 -0.996184707 0.0695667118 -0.857423544 -0.0742978081 0.509219706 0.708867133 0.0014150854 -0.705340624 -0.0385365523 0.997483492 0.0595111661 0.763687074 -0.010681605 0.645498216 -5.46651563e-06 -1.90719107e-11 -1 6.46903473e-08 8.49955768e-08 -1 9.80639641e-08 3.87501693e-08 -1 1.14897247e-07 9.22730781e-09 -1 -5.58909551e-06 -2.54032031e-08 -1 -5.74184605e-06 -6.10183832e-08 -1 4.66738766e-06 -8.07376566e-08 -1 -8.66252321e-06 -1.12561566e-12 -1 -1.60628078e-05 0 -1 6.18672202e-05 0 -1 -1.67989183e-05 0 -1 0.992429674 -0.122705601 -0.00516323512 0.924923182 -0.379935324 -0.0128948996 0.992428958 0.122711562 0.0051626456 0.9328807 0.359983712 0.0120526589 0.850858092 -0.525373876 0.00478132488 4.38765846e-06 1.70297945e-08 1 3.02092849e-06 0 1 -8.47165609e-07 0 1 -1.11187558e-06 -2.0625486e-10 1 -3.52335223e-06 4.31878e-08 1 -2.27891155e-06 3.47910287e-08 1 -2.88871803e-07 1.10502389e-08 1 -5.93793921e-08 -2.36786963e-08 1 -5.92102971e-08 -8.97629775e-08 1 -2.40184846e-07 -2.81025365e-07 1 4.16349894e-06 4.49872104e-08 1 3.97725016e-05 0 1 0.357581496 -0.933874547 0.00371489068 0.384374857 -0.923175514 -0.00170396909 -0.122448713 -0.992460549 -0.00532969227 -0.359963804 -0.932888269 -0.0120620076 -0.524090946 -0.851631701 0.0072187311 -0.932890773 -0.359957606 0.0120535661 -0.851647317 -0.524065673 -0.00721230963 -0.992429197 -0.122709744 0.00516350567 -0.992429197 0.122709759 -0.00516181346 -0.93289417 0.359948903 -0.0120513141 -0.851634324 0.524086714 0.00721990736 -0.359994113 0.932876527 0.0120686181 -0.524182916 0.851575077 -0.0072187339 -0.122611523 0.992440641 0.00528563512 0.122634239 0.992437899 -0.00528236572 0.35995239 0.932892621 -0.0120660532 0.524169683 0.851583242 0.00722017651 0.851611197 0.524124324 -0.00721878186 -0.846911013 -0.0361691006 0.530503094 -0.867503047 -0.0470427163 0.495202452 -0.86407733 -0.0451815091 0.501327217 -0.842777729 -0.0340707712 0.537182391 0.0164147466 -0.999723494 -0.0168359224 0.361208081 0.00822036061 0.932448983 0.42860049 -0.0262138452 0.903113782 0.47594437 -0.0512042232 0.87798351 0.0307461731 0.0435525402 -0.998577893 0.00951792859 0.0306635667 -0.99948442 -0.0131230298 0.0168999117 -0.999771059 0.0100435391 0.999890387 -0.010879064 0.313148886 0.0320322998 0.949163675 0.0523736551 0.0566680916 -0.997018397 0.999351799 0.035388492 0.00660383934 0.999634862 -0.0195283219 0.0186755545 0.999622345 0.0263612065 0.00776294107 0.993701339 0.109350286 -0.024499381 0.994708359 0.101364799 -0.0167453252 -0.996323705 0.00437098928 -0.0855566114 -0.997462988 -0.0331029072 -0.0630217418 -0.200246543 0.00420833193 0.979736507 -0.998745501 -0.0244349856 0.043708019 -0.13019605 -0.968032718 0.214386731 -0.18727468 0.961873591 0.199317425 0.429749161 0.0468328521 -0.901732981 0.493373901 0.00389550533 -0.869808614 0.460032314 0.0266864765 -0.887501061 0.395661324 0.0689235479 -0.915806532 0.112673163 -0.03231344 0.993106544 0.0679288581 -0.00123114861 0.997689426 0.13251473 -0.0461409427 0.990106463 0.167126045 -0.0703277215 0.983424067 -0.956788063 -0.0104731247 -0.290597469 -0.957440794 -0.00955923367 -0.288471371 -0.957240462 -0.00984061603 -0.289126128 -0.956512213 -0.0108570261 -0.291490138 -0.0147414356 -0.475321501 -0.87968868 -0.21070987 -0.620776594 -0.755140901 -0.409107149 -0.466393948 -0.784288228 0.998817503 -0.0444771089 -0.0196309891 0.999269426 -0.0321106836 -0.0207235739 0.991597533 -0.128797501 -0.0120641114 0.0251692794 0.813711762 0.580723405 -0.00096377061 0.454004616 0.89099884 0.0141683826 0.485304207 0.874230564 0.0169127602 0.998490512 -0.0522552058 0.0152838873 0.974405646 0.224276781 0.989416659 -0.14459309 0.0121464515 0.989532411 -0.143440932 0.0158224571 0.991421938 -0.125629336 0.036052376 0.991580129 -0.124409452 0.03593174 -0.00400590105 -0.995241106 0.0973605737 0.00716939056 -0.98224628 0.187458873 -0.00251818262 -0.710516751 0.703675807 0.00345515111 0.527633548 -0.849465072 0.000494681881 0.347915381 -0.937525809 -0.000703205529 0.368059158 -0.92980212 -0.011083602 0.90641135 0.422250599 0.00548150949 -0.970652401 -0.24042432 -0.000885886839 -0.967048407 -0.254591107 0.000526551856 -0.348495692 0.937310219 -0.0133691402 -0.53324157 0.845857382 -0.00146162102 -0.37008667 0.928996086 -0.00997186359 -0.592362523 -0.805609822 -0.999567509 0.0293544903 0.00176788005 -0.999403298 0.034464661 0.00227571442 -0.999294102 0.0375424325 0.00135926448 -0.990815938 -0.131099135 0.0331179015 -0.0114213796 0.98413825 -0.177035093 0.00641183928 0.867007494 -0.498253882 -0.00530080125 0.686900139 -0.726732492 -0.996404827 -0.074154675 0.0409701988 -0.996788979 -0.069514893 0.039742507 -0.0301895123 -0.368041486 0.929319143 0.00037399237 0.99030596 0.138902709 -0.0203198195 -0.196203157 -0.9803527 -0.00376356882 0.990522921 0.13729611 0.00181105372 0.185206696 0.982697904 -0.989948213 -0.138033733 0.0308102295 0.000837565341 0.185654178 -0.982614815 -0.00257736142 0.603946209 -0.797020912 0.0110367183 0.410306156 -0.91188103 0.0331871733 -0.840201199 0.541258335 0.00941734854 -0.986736178 0.162058637 0.0328916274 -0.995616674 -0.0875529796 0.00482042506 -0.405177325 0.914225399 -0.0357703678 -0.557875991 0.829153061 -0.010356416 0.819313288 0.573252559 0.00175320602 0.981454492 0.191687182 -0.00988232531 0.9890818 -0.147035718 0.968669772 0.222141206 0.111050427 0.994619429 -0.0940029398 0.0435386635 0.997315526 0.0728291497 0.00759545434 0.0039036565 -0.231716082 -0.972775638 0.00747939711 -0.663886547 -0.74779588 -0.00401581405 -0.58205235 -0.813141406 0.00204680813 -0.984974563 0.172687262 0.00208483939 -0.183934629 0.982936263 -0.0255749449 0.248010248 0.96841979 -0.0125455931 0.644602895 0.764414608 -0.462714285 0.725071967 -0.51006484 -0.741649985 0.659658134 -0.121681668 -0.0170749389 -0.903625965 0.427982032 -0.0415727384 -0.986822844 0.156372681 0.000987699139 -0.944153309 0.329504967 -0.999653161 0.0237293616 -0.0114240944 -0.97492373 0.0746196508 -0.20965609 -0.00782346912 -0.954747677 -0.297314078 0.00408856617 -0.235014841 -0.971983194 -0.985391259 0.163014397 0.0492992252 -0.98434031 0.16489768 0.0623127371 0.991394579 -0.121280231 0.0492735282 0.991414309 -0.121128812 0.0492492355 -0.00449562818 0.490048975 0.8716833 0.990805089 0.0458508618 0.127291098 0.991476536 -0.0159264766 0.129308179 -0.000845010683 -0.131787986 0.991277575 -0.97862941 -0.00570644392 -0.205552608 -0.985042393 0.152444735 0.0803247318 -0.99999994 0.000205592994 -0.000159114599 -0.999993145 0.0032310707 -0.00179342832 -0.997614503 0.0357753932 0.0590370111 0.999994457 0.00205030292 -0.0026250747 0.999994278 0.00331064919 -0.000668665976 0.998251379 -0.0293283239 -0.0513232835 -0.999062121 0.0106659969 -0.0419657305 0.99825412 0.0345821492 0.0478834845 -0.998482227 0.0472600907 -0.0282799546 -0.998918295 0.0399061851 -0.0238699019 -0.998600841 -0.0453815646 0.0271453504 0.99851352 0.0467747934 -0.0279792696 0.997063875 -0.0765745044 0 0.998770833 -0.0491724648 -0.00623969734 -0.999742329 -0.019478403 0.0116551854 -0.998514473 -0.046755977 0.027977122 0.99848181 -0.0472710282 0.0282768589 0.951828957 -0.306629479 0 -0.998280287 0.0300936829 0.0503080189 0.999975204 -0.00373247149 -0.00597146805 0.999975204 -0.0037528011 -0.00595931336 0.99749279 -0.06404493 0.0301058739 0.997566879 0.0559296869 -0.0416199192 0.999913573 -0.0116636585 0.0060713822 0.997815251 0.0424311496 -0.0506396741 0.999943376 0.0036566183 -0.00999368913 -0.998692811 -0.0262401197 -0.04386466 -0.998692811 -0.0262407009 -0.0438640863 -0.998692811 -0.0262409039 -0.0438638814 -0.998692811 -0.0262400787 -0.0438647047 0.996532977 -0.0604095645 0.0572073124 -0.998782814 -0.0253192596 -0.0423294604 -0.997945607 0.0328893326 0.0549806468 -0.715523958 0.0352585688 -0.697697818 -0.71156162 -0.00237417244 -0.702619731 -0.712839484 -0.00189532549 -0.701324642 -0.718439043 0.0111742271 -0.695500135 -0.70566541 0.120088734 -0.698294342 0.780467868 0.000514056766 0.625195682 0.888727307 0.000119270328 0.45843628 0.795853734 0.0070671346 0.60544765 0.73826015 0.00742350612 0.674475253 0.703385532 0.00647255033 0.71077913 0.680137336 -0.000511856808 0.7330845 -0.587431252 -0.548583746 -0.594962597 0 0 -1 0.915641785 -0.401910543 -0.00824560132 0.930192649 -0.366900623 -0.0112071484 0.930906177 -0.365081668 -0.0113593601 -0.149664193 -0.988729537 0.00381040829 -0.738163769 -0.67456013 0.0091018388 -0.751787663 -0.658756077 -0.0292542018 -0.788731456 -0.614093244 -0.0281458031 -0.997914851 -0.0632152483 0.0130280051 -0.111626238 0.993573308 -0.0187533647 0.290672421 0.956659079 0.0176890902 -0.0855355784 0.996199548 -0.0164340474 0.914589286 -0.404304087 -0.00804087613 0.316730946 0.948302388 0.0201020427 6.23430824e-05 -0.0169035699 0.999857128 -0.00682374788 -0.0214440655 0.99974674 -0.00014768164 -0.0170420744 0.999854743 0.00544640888 -0.0133526698 0.99989599 0.848196566 -0.529178381 -0.0230815373 0.847341061 -0.530552626 -0.0229570735 0.868125081 -0.495660901 -0.026060665 -0.886974633 -0.461107016 -0.0256181955 -0.255585164 -0.966727793 0.0106588332 -0.908124983 -0.417832494 0.026925521 0.86955595 -0.493134588 -0.0262809116 0.662250459 0.748831153 0.0260055643 -0.0274806023 0.999478221 -0.0169720352 -0.205502853 0.97780174 0.0408937186 -0.859979749 0.508956552 -0.0373905934 0.01420902 -0.0129061555 0.999815762 0.0123295384 -0.00687872712 0.999900341 0.0141518069 -0.0127226543 0.999818921 0.0154877398 -0.0170077085 0.999735415 -0.663283587 -0.748273015 -0.0119338222 -0.723089576 -0.690741062 -0.00427938625 -0.726415575 -0.687245071 -0.00383298984 0.845876455 -0.533367634 0.00346616097 0.927129149 -0.374593079 -0.0105607435 0.930939913 -0.36499542 -0.0113656893 -0.146366641 0.989093304 0.0164681897 0.537835598 0.84287852 0.016990887 -0.170628846 0.985024631 -0.0247445814 -0.227611199 0.97343266 -0.0249402355 -0.659022808 -0.752019823 -0.0124545693 0.839281797 -0.543678641 0.00442850962 0.00103478367 0.00753475586 0.999971092 0.00233457703 -0.00150793791 0.999996126 0.00103010761 0.00756728416 0.999970853 -0.000535685511 0.0184589066 0.999829471 -0.755273879 0.655319452 0.010853163 0.999327958 -0.0227984805 -0.0287036523 0.691076636 0.722519755 0.0194510277 0.989527225 0.144089267 0.00861128047 -0.513892591 0.857732594 -0.0144640198 -0.538525045 0.842516184 -0.0125413146 -0.855993986 0.516663015 0.0182641745 0.996639788 -0.0763147399 -0.0297525674 0.869966269 -0.493099749 -0.00336221722 -0.642163217 -0.766181231 -0.0243448224 -0.627573788 -0.778215647 -0.0230569579 -0.314224958 -0.949345469 0.00242367317 -0.292234808 -0.956337869 0.00408663694 -0.870189726 0.492306769 0.0200961027 0.016501449 -0.0131120924 0.999777853 0.0152620003 -0.00860749185 0.999846458 0.0164705198 -0.0129996752 0.99977982 0.0173916463 -0.0163480379 0.99971509</float_array>
          <technique_common>
            <accessor source="#normals_array" count="1278" stride="3">
              <param name="X" type="float" />
              <param name="Y" type="float" />
              <param name="Z" type="float" />
            </accessor>
          </technique_common>
        </source>
        <vertices id="vertices">
          <input semantic="POSITION" source="#positions" />
        </vertices>
        <triangles material="qmat_10a888b1b30808ba" count="935">
          <input semantic="VERTEX" source="#vertices" offset="0" />
          <input semantic="NORMAL" source="#normals" offset="1" />
          <p>0 0 1 1 2 2 0 0 2 2 3 3 3 3 2 2 4 4 3 3 5 5 6 6 3 3 6 6 0 0 4 4 5 5 3 3 7 7 8 8 4 4 7 7 4 4 2 2 8 8 5 5 4 4 6 6 5 5 8 8 6 6 8 8 9 9 9 9 10 10 6 6 10 10 11 11 12 12 10 10 12 12 6 6 10 10 9 9 13 13 13 13 11 11 10 10 14 14 15 15 11 11 14 14 11 11 13 13 11 11 16 16 12 12 16 16 11 11 15 15 16 16 15 15 17 17 18 18 16 16 17 17 18 18 19 19 16 16 12 12 16 16 19 19 12 12 19 19 20 20 6 6 12 12 20 20 6 6 20 20 0 0 20 20 19 19 1 1 18 18 2 2 1 1 18 18 1 1 19 19 2 2 18 18 7 7 17 17 21 21 7 7 17 17 7 7 18 18 21 21 14 14 8 8 21 21 8 8 7 7 21 21 17 17 15 15 14 14 21 21 15 15 13 13 9 9 8 8 13 13 8 8 14 14 0 0 20 20 1 1 22 22 23 22 24 22 25 23 26 24 24 25 25 23 24 25 23 26 25 23 23 26 27 27 27 28 28 29 25 30 22 31 29 32 28 29 22 31 28 29 27 28 22 31 27 28 23 33 26 24 25 23 28 34 26 35 28 29 29 32 24 36 26 36 29 36 24 37 29 32 22 31 34 42 37 46 38 48 39 49 40 50 41 51 38 48 37 46 43 53 40 50 38 48 41 51 34 42 35 44 37 46 45 61 34 42 38 48 40 50 45 61 38 48 37 46 42 52 43 53 46 62 47 63 48 64 46 62 48 64 49 65 46 62 49 65 50 66 46 62 50 66 51 67 46 62 51 67 52 68 46 69 52 69 53 69 54 70 52 71 51 72 54 70 51 72 50 73 54 70 50 73 49 74 54 70 49 74 48 75 54 70 48 75 47 76 54 70 47 76 55 77 46 78 55 79 47 80 55 79 46 78 53 81 54 82 55 79 53 81 53 81 52 83 54 82 56 84 57 85 58 86 56 84 58 86 59 87 59 88 58 89 60 90 59 88 60 90 61 91 62 92 56 84 59 93 62 92 59 93 61 94 56 84 62 92 63 95 64 96 62 97 61 98 64 96 61 98 60 99 63 95 62 92 64 100 63 95 64 100 57 85 57 101 64 102 60 103 57 101 60 103 58 104 63 95 57 85 56 84 65 105 66 105 67 105 65 106 67 106 68 106 65 107 68 108 69 109 65 110 69 111 70 112 71 113 70 112 69 111 69 114 72 114 71 114 71 115 72 115 73 115 71 116 73 116 74 116 71 117 74 118 68 119 71 117 68 119 70 120 69 109 68 108 74 121 69 122 74 122 73 122 69 123 73 123 72 123 70 124 68 124 67 124 70 125 67 125 66 125 70 126 66 126 65 126 75 127 76 128 77 129 75 127 77 129 78 130 79 131 80 132 81 133 79 131 81 133 82 134 82 135 81 136 77 137 82 135 77 137 76 138 81 139 80 140 78 141 81 139 78 141 77 142 78 130 83 143 75 127 80 144 83 143 78 130 80 144 79 145 75 146 80 144 75 146 83 143 79 147 82 148 76 149 79 147 76 149 75 150 84 151 85 152 86 153 87 154 86 155 88 156 86 153 85 152 89 157 86 153 89 157 90 158 87 154 88 156 91 159 92 160 91 159 88 156 90 158 89 157 93 161 93 161 89 157 94 162 95 163 93 164 96 165 97 166 98 167 91 159 99 168 91 159 98 167 97 166 100 169 98 167 99 168 98 167 100 169 100 169 97 170 101 171 101 171 99 168 100 169 102 172 101 173 103 174 104 175 105 176 106 177 107 178 108 179 93 180 89 181 107 182 94 183 104 184 93 180 108 179 97 170 105 185 109 186 101 171 97 170 109 186 101 171 109 186 110 187 110 188 109 189 108 190 103 174 108 191 107 192 87 193 84 151 86 153 88 156 86 155 90 194 99 195 84 196 87 197 92 198 88 156 90 194 99 168 87 154 91 159 85 199 102 200 89 201 111 202 85 203 84 196 92 160 97 166 91 159 95 204 90 194 93 205 95 204 92 198 90 194 106 206 97 170 92 198 94 207 107 178 93 180 106 206 92 198 95 204 96 165 106 208 95 163 106 209 96 209 93 209 104 175 106 177 93 210 102 211 85 203 111 202 111 202 84 196 99 195 102 172 111 212 99 213 102 172 99 213 101 173 103 174 101 173 110 214 97 170 106 206 105 185 89 201 102 200 103 215 89 181 103 216 107 182 109 189 104 175 108 190 109 189 105 176 104 175 110 214 108 191 103 174 112 217 113 218 114 219 115 220 116 220 117 220 118 221 119 221 112 221 114 219 113 218 120 222 120 222 121 223 114 219 122 224 112 225 119 226 122 227 123 228 112 229 112 230 123 228 113 218 115 231 118 232 124 233 113 234 125 234 120 234 125 235 126 236 120 222 124 237 114 219 121 238 123 228 125 239 113 218 121 238 125 240 124 237 116 241 119 242 118 243 124 237 125 240 119 244 123 228 119 245 125 239 114 219 118 246 112 217 115 247 117 248 118 243 124 237 118 246 114 219 120 222 126 236 121 223 115 231 124 249 116 241 127 250 122 224 119 226 117 248 116 251 118 243 122 227 127 250 123 228 125 235 121 223 126 236 116 241 124 249 119 242 123 228 127 250 119 226 128 252 129 252 130 252 131 253 132 254 133 255 134 256 133 257 132 258 134 259 132 254 130 260 135 261 134 259 136 262 136 262 130 260 137 263 138 264 137 264 128 264 139 265 140 266 128 267 141 268 137 269 130 270 131 253 142 271 143 272 139 265 128 267 137 273 139 265 141 274 129 275 136 262 137 263 133 276 142 271 131 253 133 255 132 254 131 253 128 277 132 254 128 277 130 260 131 253 143 272 128 278 140 266 129 275 128 267 140 266 139 265 129 275 143 272 142 279 128 278 134 256 135 280 133 257 136 262 134 259 130 260 129 281 141 268 130 270 133 276 135 261 136 262 142 279 138 282 128 278 138 283 133 276 137 263 141 284 139 265 137 273 142 271 133 255 138 285 144 286 145 287 146 288 147 289 144 290 148 291 144 286 147 292 145 287 148 293 146 294 149 295 147 296 150 296 145 296 148 293 144 297 146 294 147 289 148 291 150 298 150 298 148 291 149 299 149 299 146 300 145 301 149 299 145 301 150 298 151 302 152 303 153 304 154 305 151 302 153 304 154 306 153 307 155 308 156 309 155 310 152 303 154 306 155 308 157 311 153 304 152 303 155 310 152 312 151 312 156 312 156 313 154 314 157 315 151 316 154 314 156 313 155 310 156 309 157 317 158 318 159 319 160 320 159 321 161 322 160 323 160 324 162 325 163 326 159 321 164 327 161 322 162 325 158 328 163 326 164 329 159 330 162 325 162 325 159 330 158 328 163 331 158 318 160 320 160 324 161 332 162 325 161 333 164 333 162 333 165 334 166 335 167 336 165 337 168 338 166 339 169 340 165 334 170 341 170 341 165 334 167 336 169 342 171 343 168 344 168 345 171 346 166 335 166 335 171 346 167 336 165 337 169 347 168 338 169 342 170 348 171 343 170 349 167 349 171 349 172 350 173 351 174 352 175 353 173 354 176 355 172 356 174 357 176 358 175 359 177 360 173 361 175 359 178 362 177 360 177 363 178 363 174 363 176 355 173 354 172 364 175 365 176 365 178 365 174 352 173 351 177 366 176 358 174 357 178 367 179 368 180 369 181 370 182 371 179 372 183 373 182 374 183 375 180 376 182 377 180 369 179 368 183 373 184 378 185 379 180 376 183 375 186 380 185 381 181 382 187 383 184 384 181 382 185 381 185 381 187 383 188 385 189 386 185 379 188 387 189 386 188 387 190 388 187 389 190 390 188 391 179 372 184 378 183 373 184 384 179 392 181 382 181 370 180 369 187 389 186 380 183 375 189 393 189 386 183 373 185 379 180 369 186 394 187 389 186 380 189 393 190 395 187 389 186 394 190 390 191 396 192 397 193 398 191 399 194 399 192 399 193 400 195 401 194 402 195 403 193 404 196 405 193 398 192 397 196 406 196 407 194 408 197 409 195 401 198 410 199 411 195 403 196 405 198 412 191 413 193 400 194 402 198 412 196 405 197 414 196 406 192 397 194 415 199 411 194 402 195 401 197 409 194 408 199 416 198 412 197 414 200 417 197 409 199 416 201 418 199 411 198 410 202 419 201 420 199 420 202 420 202 419 198 410 200 421 200 422 197 409 202 423 197 409 201 418 202 423 203 424 204 425 205 426 203 427 205 428 206 429 206 430 207 431 204 432 206 433 208 434 207 435 204 425 209 436 210 437 207 431 211 438 204 432 204 432 211 438 209 439 207 435 208 434 211 440 210 441 212 442 213 443 209 436 212 444 210 437 214 445 213 446 209 447 209 447 213 446 212 448 203 449 206 430 204 432 208 450 206 429 205 428 205 426 204 425 210 437 208 450 205 428 211 451 211 451 205 428 210 441 214 452 209 439 211 438 211 451 210 441 213 443 213 453 214 453 211 453 215 454 216 455 217 456 217 456 216 455 218 457 217 456 218 457 219 458 215 459 217 459 219 459 220 460 219 461 221 462 222 463 220 464 221 465 221 462 223 466 224 467 222 463 221 465 224 468 216 469 215 470 220 460 216 471 220 464 218 472 218 472 220 464 222 463 220 460 215 470 219 461 219 458 218 457 225 473 225 473 218 457 222 474 221 462 219 461 225 475 225 473 222 474 226 476 221 462 225 475 223 466 226 476 224 477 223 478 225 479 226 479 223 479 226 476 222 474 224 477 227 480 228 481 229 482 230 483 231 484 232 485 229 486 231 484 230 483 233 487 234 488 228 481 235 489 228 490 236 491 228 492 234 493 237 494 238 495 228 492 237 494 228 496 232 496 239 496 229 497 240 498 236 499 241 500 242 501 243 502 240 503 229 504 228 490 227 480 241 505 244 506 240 503 228 490 235 489 233 487 244 506 243 507 241 508 238 509 231 510 241 511 245 512 242 513 241 508 231 510 246 514 245 515 246 516 237 494 241 508 230 517 238 509 238 518 246 519 232 485 241 505 227 480 229 482 231 520 229 520 246 520 241 508 229 521 230 517 228 481 227 480 233 487 242 513 237 522 234 523 236 491 228 490 239 524 230 483 232 485 228 525 238 509 230 517 228 526 243 502 242 501 234 527 236 499 240 498 235 528 233 487 227 480 244 506 244 529 241 500 243 502 234 488 233 487 243 507 246 530 229 531 236 532 242 513 245 512 237 522 245 512 241 508 246 514 246 530 236 532 239 533 232 485 231 484 238 518 246 516 238 495 237 494 246 519 239 534 232 485 247 535 248 536 249 537 247 535 249 537 250 538 247 535 250 538 251 539 247 535 251 539 252 540 248 541 247 542 253 543 253 543 254 544 255 545 253 543 255 545 256 546 253 543 256 546 257 547 253 543 257 547 258 548 254 544 253 543 252 549 253 543 247 542 252 549 254 550 252 551 251 552 255 553 254 550 251 552 256 554 255 553 251 552 251 552 250 555 256 554 257 547 256 546 250 556 250 556 249 557 257 547 258 548 257 547 249 557 249 557 248 541 258 548 253 543 258 548 248 541 259 558 260 558 261 558 262 559 259 560 263 561 263 562 261 563 264 564 265 565 260 566 266 567 259 560 262 559 265 568 265 565 267 569 260 566 263 562 264 564 267 570 264 571 260 572 268 573 259 574 266 567 260 566 261 575 260 572 264 571 263 561 259 560 261 576 266 567 259 574 265 565 265 568 262 559 263 561 267 577 265 568 263 561 267 570 264 564 268 578 268 573 260 572 267 579 269 580 270 581 271 582 269 583 272 584 270 585 273 586 274 587 275 588 276 589 274 590 273 591 271 582 270 581 273 592 276 593 271 594 275 595 269 583 271 594 276 593 276 593 273 596 272 584 275 588 271 597 273 586 273 598 270 598 272 598 276 589 275 599 274 590 269 583 276 593 272 584 277 600 278 600 279 600 280 601 277 602 281 603 282 604 283 605 279 606 284 607 282 604 279 606 277 602 279 608 281 603 284 609 279 610 278 611 277 612 284 609 278 611 279 613 283 613 281 613 282 614 281 603 283 615 280 616 284 617 277 618 282 619 284 617 280 616 282 614 280 601 281 603 285 620 286 621 287 622 288 623 289 623 290 623 288 624 291 625 289 626 288 627 290 628 286 629 286 630 291 625 288 631 291 625 292 632 289 626 285 633 287 634 291 625 291 625 287 634 292 632 286 629 290 628 289 635 286 630 285 633 291 625 287 622 289 636 292 637 287 622 286 621 289 636 293 638 294 639 295 640 293 641 296 642 297 643 297 644 294 645 298 646 295 647 294 648 296 649 297 650 296 650 294 650 293 641 299 651 296 642 299 652 293 653 300 654 293 638 298 655 294 639 300 654 293 653 295 656 299 651 300 657 296 642 298 646 293 658 297 644 300 659 295 647 296 649 301 660 302 661 303 662 302 663 304 664 305 665 301 666 306 667 307 668 301 666 307 668 302 669 301 660 303 662 308 670 302 671 309 672 303 673 303 674 309 675 310 676 303 662 311 677 308 670 307 668 304 678 302 669 304 679 312 680 310 681 304 682 310 682 311 682 304 679 307 683 313 684 307 685 305 686 312 687 307 685 312 687 314 688 304 679 313 684 312 680 309 675 313 689 310 676 315 690 311 691 310 692 314 688 312 687 315 693 313 684 315 690 312 680 311 691 315 690 313 684 302 671 306 694 309 672 306 695 301 695 309 695 305 696 306 696 302 696 306 697 305 686 307 685 305 665 304 664 311 698 309 699 301 660 308 670 305 686 303 700 310 701 311 702 303 662 305 665 312 687 305 686 310 701 313 703 307 685 314 688 309 704 308 670 311 677 309 704 311 677 313 705 314 688 315 706 310 676 310 676 313 703 314 688 316 707 317 708 318 709 319 710 320 711 316 712 319 710 321 713 320 711 322 714 321 713 323 715 321 713 324 716 323 715 316 707 322 714 317 708 325 717 326 718 327 719 327 719 328 720 329 721 328 722 326 723 318 724 330 725 331 726 326 718 317 727 329 728 328 722 321 713 332 729 324 716 329 728 322 730 333 731 319 710 316 712 327 732 319 710 332 729 321 713 322 730 329 728 317 727 327 719 329 721 333 733 334 734 335 735 336 736 335 737 337 738 336 739 338 740 339 741 340 742 336 736 341 743 342 744 334 734 336 736 342 744 343 745 342 746 344 747 345 748 343 745 344 747 325 749 334 734 346 750 325 717 330 725 326 718 330 725 337 751 331 726 346 750 334 734 330 725 318 724 326 723 331 752 336 739 347 753 341 754 347 753 344 755 341 754 330 725 347 756 337 751 325 749 316 712 334 734 328 722 318 724 317 727 316 707 320 757 321 713 316 707 321 713 322 714 316 712 325 749 327 732 327 719 326 718 328 720 323 715 324 716 348 758 323 759 333 731 322 730 323 759 348 760 333 731 332 761 319 762 327 719 332 761 327 719 333 733 324 716 332 729 348 758 348 763 332 761 333 733 334 734 316 707 318 709 335 737 331 752 337 738 334 734 318 709 335 735 335 737 318 724 331 752 345 748 339 741 343 745 338 740 334 734 339 741 330 725 334 734 338 740 340 742 339 741 345 748 339 741 334 734 342 744 343 764 339 741 342 744 342 765 341 754 344 755 325 717 346 766 330 725 330 725 338 740 340 742 336 739 337 738 347 753 330 725 340 742 345 748 330 725 345 748 347 756 347 756 345 748 344 767 349 768 350 769 351 770 352 771 353 772 354 773 355 774 352 771 356 775 352 776 355 777 351 778 355 777 349 768 351 778 357 779 358 780 349 768 358 780 359 781 360 782 360 782 359 781 349 768 350 769 361 783 351 770 362 784 361 783 350 769 356 775 352 771 354 773 354 785 363 786 356 787 356 787 361 788 362 789 364 790 362 784 350 769 365 791 364 792 359 793 366 794 357 795 356 775 366 796 356 787 365 791 367 797 368 798 369 799 369 799 353 800 370 801 353 800 351 778 370 801 371 802 369 799 372 803 373 804 374 805 375 806 370 801 376 807 377 808 377 808 372 803 369 799 369 799 370 801 377 808 367 809 374 805 373 804 378 810 373 811 379 812 380 813 376 814 373 811 380 813 372 815 376 814 373 811 376 814 379 812 353 800 352 776 351 778 356 775 357 795 355 774 355 777 357 779 349 768 357 779 381 816 358 780 381 817 365 818 358 780 366 794 381 819 357 795 358 780 360 782 349 768 351 770 361 783 363 820 364 792 356 787 362 789 361 788 356 787 363 786 365 821 381 819 366 794 349 768 364 790 350 769 359 781 364 790 349 768 365 791 356 787 364 792 358 780 365 818 359 781 368 798 353 800 369 799 370 801 351 770 363 820 374 822 367 797 369 799 375 823 374 822 369 799 371 802 375 823 369 799 377 808 376 807 372 803 378 810 379 812 363 786 378 824 368 825 367 809 368 825 378 824 353 772 354 785 378 810 363 786 354 773 353 772 378 824 378 824 367 809 373 804 379 826 370 801 363 820 370 801 379 826 376 807 380 827 375 823 371 802 373 804 375 806 380 828 380 827 371 802 372 803 382 829 383 830 384 831 385 832 386 833 387 834 387 834 388 835 389 836 387 837 390 838 388 839 382 840 384 831 386 841 387 837 384 831 390 838 390 838 391 842 392 843 390 838 393 844 388 839 394 845 384 831 383 830 395 846 385 832 387 834 394 845 383 830 396 847 397 848 389 836 388 835 396 849 389 850 397 851 398 852 397 851 391 853 399 854 400 855 401 856 400 855 402 857 403 858 404 859 401 860 403 861 399 862 405 863 406 864 405 865 401 856 407 866 405 865 407 866 408 867 409 868 405 863 408 869 386 833 385 832 402 870 406 864 405 863 409 868 410 871 407 872 411 873 412 874 409 868 404 875 409 868 411 873 413 876 386 841 384 831 387 837 400 855 382 840 386 841 395 846 387 834 389 836 384 831 394 845 390 838 393 844 390 838 392 877 397 848 388 835 393 878 392 879 397 848 393 878 390 838 394 845 398 880 392 879 391 881 397 848 396 849 383 882 395 883 395 883 383 882 385 884 396 849 395 883 389 850 398 880 394 845 396 847 398 852 396 849 397 851 390 838 398 880 391 842 414 885 400 886 399 862 402 870 385 832 412 887 400 855 386 841 402 857 402 870 412 887 403 861 401 856 400 855 403 858 383 830 382 829 414 885 414 885 382 829 400 886 405 865 399 854 401 856 408 869 407 872 410 871 401 860 411 888 407 889 401 860 413 890 411 888 414 885 409 868 412 874 385 884 414 885 412 874 383 882 414 885 385 884 403 861 412 887 404 859 414 885 406 864 409 868 414 885 399 862 406 864 401 860 404 859 413 890 410 871 409 868 408 869 404 875 409 868 413 876 409 868 410 871 411 873 415 891 416 892 417 893 418 894 417 895 419 896 420 897 418 898 421 899 422 900 415 901 417 895 423 902 424 903 425 904 426 905 416 892 427 906 425 904 422 907 420 897 420 908 421 909 428 910 425 911 416 892 429 912 425 911 428 910 416 892 429 912 416 892 426 905 430 913 431 914 427 906 432 915 433 916 429 912 433 917 423 902 425 904 432 915 429 912 431 918 433 916 425 911 429 912 431 914 429 912 427 906 427 906 429 912 426 905 434 919 435 920 436 921 418 894 419 896 435 920 435 920 419 896 436 921 419 922 437 923 436 921 438 924 434 919 439 925 436 921 437 923 440 926 441 927 438 928 442 929 421 899 435 930 443 931 421 909 443 932 428 910 443 931 434 933 441 927 416 892 428 934 419 922 434 933 438 928 441 927 441 935 444 936 445 937 437 923 445 938 440 926 439 925 445 938 446 939 440 926 445 938 439 925 420 897 422 907 418 898 418 894 422 900 417 895 422 900 424 940 415 901 417 893 416 892 419 922 427 906 447 941 430 913 424 940 447 941 427 906 423 942 447 941 424 940 415 901 424 940 427 906 415 891 427 906 416 892 432 943 447 944 433 917 433 917 447 944 423 902 425 904 424 903 422 907 425 911 420 908 428 910 447 941 432 945 430 913 430 913 432 945 431 914 419 922 428 934 437 923 435 930 421 899 418 898 446 939 442 946 439 925 442 947 438 924 439 925 439 925 434 919 436 921 439 925 436 921 440 926 444 948 441 927 442 929 437 923 428 934 445 938 443 931 435 930 434 933 443 932 445 937 428 910 443 932 441 935 445 937 444 949 442 946 446 939 445 937 444 936 446 950 448 951 449 952 450 953 451 954 448 951 452 955 448 951 450 953 452 955 452 955 450 953 453 956 449 957 453 958 450 959 451 960 453 958 449 957 452 955 453 956 454 961 449 957 448 962 455 963 451 960 449 957 455 963 451 954 455 964 448 951 451 954 452 955 454 965 451 966 454 966 453 966 456 967 457 968 458 969 459 970 460 971 457 972 460 973 459 974 456 967 456 967 458 969 460 973 458 975 457 972 460 971 456 976 459 970 457 972 461 977 462 977 459 977 458 978 461 979 459 980 461 979 458 978 462 981 463 982 464 983 465 984 463 985 466 986 464 987 463 988 467 989 466 990 467 991 465 991 468 991 466 995 468 995 469 995 467 989 468 996 466 990 465 992 464 997 469 993 467 998 463 982 465 984 469 999 464 987 466 986 470 1000 471 1001 472 1002 470 1000 472 1002 473 1003 470 1000 473 1003 474 1004 470 1000 474 1004 475 1005 470 1000 475 1005 476 1006 470 1000 476 1006 477 1007 470 1000 477 1007 478 1008 470 1000 478 1008 479 1009 470 1000 479 1009 480 1010 481 1011 480 1012 479 1013 481 1011 479 1013 482 1014 480 1012 481 1011 483 1015 481 1016 482 1017 484 1018 481 1016 484 1018 485 1019 481 1016 485 1019 486 1020 481 1016 486 1020 487 1021 481 1016 487 1021 488 1022 481 1016 488 1022 489 1023 481 1016 489 1023 490 1024 481 1016 490 1024 491 1025 481 1016 491 1025 492 1026 481 1016 492 1026 483 1027 483 1015 492 1028 470 1029 483 1015 470 1029 480 1012 491 1030 471 1031 470 1029 491 1030 470 1029 492 1028 471 1031 491 1030 490 1032 490 1032 489 1033 472 1034 490 1032 472 1034 471 1031 489 1033 473 1035 472 1034 488 1036 474 1037 473 1035 488 1036 473 1035 489 1033 474 1037 488 1036 487 1038 487 1038 486 1039 475 1040 487 1038 475 1040 474 1037 486 1039 476 1041 475 1040 485 1042 477 1043 476 1041 485 1042 476 1041 486 1039 477 1043 485 1042 484 1044 484 1044 482 1014 478 1045 484 1044 478 1045 477 1043 482 1014 479 1013 478 1045 493 1046 494 1047 495 1048 496 1049 493 1046 495 1048 495 1050 494 1050 497 1050 498 1051 495 1052 497 1053 493 1054 497 1055 494 1056 496 1057 498 1057 493 1057 498 1051 496 1058 495 1052 493 1054 498 1059 497 1055 499 1060 500 1061 501 1062 501 1062 502 1063 503 1064 504 1065 505 1065 502 1065 501 1066 500 1066 502 1066 503 1067 505 1067 500 1067 503 1068 500 1068 499 1068 499 1060 501 1062 503 1064 506 1069 507 1069 508 1069 509 1070 510 1070 511 1070 507 1071 510 1072 509 1073 507 1071 509 1073 508 1074 509 1075 511 1076 506 1077 509 1075 506 1077 508 1078 510 1079 507 1080 506 1081 510 1079 506 1081 511 1082 512 1083 513 1084 514 1085 514 1086 513 1087 515 1088 514 1089 516 1090 512 1091 514 1089 517 1092 518 1093 517 1094 519 1095 520 1096 520 1096 519 1095 521 1097 519 1098 522 1099 521 1100 521 1101 523 1102 524 1103 518 1093 525 1104 514 1089 513 1084 526 1105 515 1106 523 1107 527 1108 524 1109 525 1104 516 1090 514 1089 526 1105 513 1084 516 1110 525 1111 526 1112 516 1113 525 1111 522 1114 526 1112 528 1115 520 1116 529 1117 529 1118 527 1119 522 1114 529 1120 524 1109 527 1108 519 1095 517 1094 515 1088 517 1094 514 1086 515 1088 530 1121 517 1092 528 1115 530 1121 518 1093 517 1092 529 1117 520 1116 521 1101 528 1115 517 1092 520 1116 523 1107 521 1100 527 1108 512 1083 531 1122 513 1084 515 1106 526 1105 519 1098 532 1123 518 1093 530 1121 512 1091 516 1090 531 1124 532 1123 530 1121 528 1115 518 1093 532 1123 525 1104 525 1104 532 1123 528 1115 521 1100 522 1099 527 1108 516 1110 513 1084 531 1122 519 1098 526 1105 522 1099 525 1111 528 1125 522 1114 529 1117 521 1101 524 1103 522 1114 528 1125 529 1118 533 1126 534 1127 535 1128 536 1129 537 1130 538 1131 534 1132 539 1133 536 1129 540 1134 541 1135 542 1136 540 1137 542 1138 538 1139 543 1140 544 1141 545 1142 536 1129 546 1143 537 1130 533 1144 539 1133 534 1132 547 1145 545 1146 540 1134 535 1128 534 1127 548 1147 548 1147 542 1136 549 1148 550 1149 551 1150 552 1151 552 1151 551 1150 538 1131 549 1148 551 1152 539 1153 548 1147 549 1148 539 1153 551 1150 553 1154 538 1131 547 1155 543 1140 545 1142 541 1156 553 1157 551 1152 549 1148 542 1136 541 1135 544 1141 553 1154 545 1142 542 1138 534 1158 536 1159 542 1138 536 1159 538 1139 543 1160 547 1145 540 1134 544 1161 540 1137 538 1139 544 1161 543 1162 540 1137 553 1154 544 1141 538 1131 533 1144 535 1163 539 1133 548 1147 534 1127 542 1136 536 1129 539 1133 552 1151 537 1130 546 1143 538 1131 536 1129 552 1151 546 1143 546 1143 552 1151 538 1131 552 1151 539 1133 550 1149 541 1135 540 1134 545 1146 550 1149 539 1133 551 1150 539 1153 535 1164 548 1147 549 1148 541 1156 551 1152 541 1156 545 1165 553 1157</p>
        </triangles>
        <triangles material="qmat_2f2f7b216765ae1c" count="40">
          <input semantic="VERTEX" source="#vertices" offset="0" />
          <input semantic="NORMAL" source="#normals" offset="1" />
          <p>575 1211 576 1211 577 1211 578 1212 577 1213 576 1214 579 1215 580 1216 577 1217 580 1216 575 1218 577 1217 575 1218 580 1216 581 1219 575 1220 581 1221 576 1222 578 1212 579 1223 577 1213 581 1221 578 1224 576 1222 581 1225 580 1226 579 1227 581 1225 579 1227 578 1228 582 1211 583 1211 584 1211 584 1229 583 1230 585 1231 584 1232 586 1233 587 1234 584 1229 585 1231 586 1235 585 1236 583 1237 588 1238 583 1237 582 1239 588 1238 582 1239 587 1234 588 1238 587 1234 582 1239 584 1232 587 1240 586 1241 585 1242 587 1240 585 1242 588 1243 589 1211 590 1211 591 1211 592 1244 589 1245 591 1246 593 1247 591 1248 590 1249 594 1250 593 1251 590 1252 594 1250 590 1252 589 1253 592 1244 595 1254 589 1245 593 1247 592 1255 591 1248 595 1256 592 1257 593 1258 595 1256 593 1258 594 1259 595 1260 594 1250 589 1253 596 1211 597 1211 598 1211 597 1261 599 1262 600 1263 597 1264 596 1265 599 1266 598 1267 597 1261 600 1263 598 1267 600 1263 601 1268 596 1269 598 1270 602 1271 598 1270 601 1272 602 1271 602 1273 599 1266 596 1265 602 1274 601 1275 600 1276 602 1274 600 1276 599 1277</p>
        </triangles>
        <triangles material="qmat_fbc365fc3facc314" count="51">
          <input semantic="VERTEX" source="#vertices" offset="0" />
          <input semantic="NORMAL" source="#normals" offset="1" />
          <p>30 38 31 39 32 40 32 40 31 39 33 41 34 42 32 43 35 44 35 44 36 45 37 46 32 40 33 41 36 47 37 46 36 45 42 52 31 54 39 49 44 55 44 55 39 49 41 51 44 56 33 41 31 39 44 55 38 57 33 58 44 55 41 51 38 57 33 58 38 57 43 53 30 59 32 43 34 42 35 44 32 43 36 45 30 59 34 42 45 60 31 54 30 59 45 60 31 54 40 50 39 49 40 50 31 54 45 60 42 52 33 58 43 53 42 52 36 45 33 58 465 992 469 993 468 994 554 1166 555 1167 556 1168 557 1169 558 1170 559 1171 554 1166 560 1172 555 1167 557 1169 561 1173 558 1170 555 1167 560 1172 559 1174 557 1175 559 1175 561 1175 561 1176 559 1176 558 1176 561 1177 559 1178 560 1179 554 1177 561 1177 560 1179 556 1180 559 374 561 1181 554 1181 556 1180 561 1181 555 1182 559 1182 556 1182 562 1183 563 1183 564 1183 562 1184 565 1184 563 1184 566 1185 567 1186 564 1187 562 1188 567 1186 566 1185 568 1189 563 1190 565 1191 568 1192 564 1193 563 1194 564 1193 568 1192 562 1195 565 1191 562 1196 568 1189 564 1197 562 1197 566 1197 562 1198 564 1198 567 1198 569 1199 570 1200 571 1201 569 1199 571 1201 572 1202 569 1199 572 1202 573 1203 574 1204 570 1205 569 1206 574 1204 569 1206 573 1207 574 1204 573 1207 572 1208 574 1204 572 1208 571 1209 571 1210 570 1210 574 1210</p>
        </triangles>
      </mesh>
    </geometry>
  </library_geometries>
  <library_visual_scenes>
    <visual_scene id="scene">
      <node id="base_link_dae">
        <instance_geometry url="#geometry">
          <bind_material>
            <technique_common>
              <instance_material symbol="qmat_10a888b1b30808ba" target="#qmat_10a888b1b30808ba" />
              <instance_material symbol="qmat_2f2f7b216765ae1c" target="#qmat_2f2f7b216765ae1c" />
              <instance_material symbol="qmat_fbc365fc3facc314" target="#qmat_fbc365fc3facc314" />
            </technique_common>
          </bind_material>
        </instance_geometry>
      </node>
    </visual_scene>
  </library_visual_scenes>
  <scene>
    <instance_visual_scene url="#scene" />
  </scene>
</COLLADA>