<?xml version='1.0' encoding='utf-8'?>
<COLLADA xmlns="http://www.collada.org/2005/11/COLLADASchema" version="1.4.1">
  <asset>
    <created>2026-09-14T00:00:00Z</created>
    <modified>2026-09-14T00:00:00Z</modified>
    <unit name="metre" meter="1" />
    <up_axis>Z_UP</up_axis>
  </asset>
  <library_effects>
    <effect id="qmat_10a888b1b30808ba_effect">
      <profile_COMMON>
        <technique sid="common">
          <lambert>
            <emission>
              <color sid="emission">0 0 0 1</color>
            </emission>
            <diffuse>
              <color sid="diffuse">0.74876 0.74876 0.74876 1</color>
            </diffuse>
            <reflectivity>
              <float sid="specular">0.921233</float>
            </reflectivity>
            <index_of_refraction>
              <float sid="ior">1.45</float>
            </index_of_refraction>
          </lambert>
        </technique>
      </profile_COMMON>
    </effect>
    <effect id="qmat_2f2f7b216765ae1c_effect">
      <profile_COMMON>
        <technique sid="common">
          <lambert>
            <emission>
              <color sid="emission">0 0 0 1</color>
            </emission>
            <diffuse>
              <color sid="diffuse">0.002853 0.002853 0.002853 1</color>
            </diffuse>
            <index_of_refraction>
              <float sid="ior">1.45</float>
            </index_of_refraction>
          </lambert>
        </technique>
      </profile_COMMON>
    </effect>
    <effect id="qmat_fbc365fc3facc314_effect">
      <profile_COMMON>
        <technique sid="common">
          <lambert>
            <emission>
              <color sid="emission">0 0 0 1</color>
            </emission>
            <diffuse>
              <color sid="diffuse">0 0 0 1</color>
            </diffuse>
            <index_of_refraction>
              <float sid="ior">1.45</float>
            </index_of_refraction>
          </lambert>
        </technique>
      </profile_COMMON>
    </effect>
  </library_effects>
  <library_materials>
    <material id="qmat_10a888b1b30808ba" name="qmat_10a888b1b30808ba">
      <instance_effect url="#qmat_10a888b1b30808ba_effect" />
    </material>
    <material id="qmat_2f2f7b216765ae1c" name="qmat_2f2f7b216765ae1c">
      <instance_effect url="#qmat_2f2f7b216765ae1c_effect" />
    </material>
    <material id="qmat_fbc365fc3facc314" name="qmat_fbc365fc3facc314">
      <instance_effect url="#qmat_fbc365fc3facc314_effect" />
    </material>
  </library_materials>
  <library_geometries>
    <geometry id="geometry" name="base_link_dae">
      <mesh>
        <source id="positions">
          <float_array id="positions_array" count="2547">-0.194616824 0.0863049775 0.0845104232 0.194682732 0.0862655267 0.0845414102 0.194614783 0.086304985 0.0830156207 -0.194684774 0.0862655118 0.0829846412 0.194363102 0.0858468637 0.082513012 -0.194536746 0.0857782215 0.082513012 -0.196293667 0.0846080258 0.0829590634 -0.196099013 0.0849699974 0.0845130011 -0.195822373 0.0844350979 0.082513012 0.195928365 0.084331356 0.082513012 -0.19592914 -0.0841908082 0.082513012 -0.196501017 -0.0833299533 0.0830130205 -0.196501017 0.0834699869 0.0845130011 -0.196501017 -0.0833299309 0.0845130086 -0.196098998 -0.0848299712 0.083013013 -0.196098998 -0.0848299712 0.0845130011 -0.195823878 -0.0842957795 0.0850130394 -0.195930481 0.0843312219 0.0850130394 -0.194536731 -0.0856382176 0.0850130394 0.194363073 -0.0857068151 0.0850130394 0.195927024 -0.0841908827 0.0850130394 -0.194684803 -0.0861254856 0.0845413804 0.194614798 -0.0861649364 0.084510453 -0.194616869 -0.0861649513 0.0830156058 0.194682732 -0.0861254707 0.0829846784 0.196097001 -0.0848299563 0.0845130309 0.196291625 -0.0844680443 0.0829590932 0.196498975 -0.0833299533 0.0845130384 0.196498975 0.0834700167 0.0830130428 0.196291625 0.0846081004 0.0845669881 0.195820287 0.0844351873 0.0850130394 0.194534734 0.0857782289 0.0850130394 -0.194365114 0.0858468413 0.0850130394 0.196097001 0.0849700123 0.0830130428 0.195821792 -0.0842958465 0.082513012 0.194534719 -0.0856381878 0.082513012 -0.194365069 -0.0857068375 0.082513012 0.340383798 0.0487500094 0.221447632 0.392997652 0.0281311292 0.221433699 0.388062239 0.0338157862 0.209084079 0.322669894 0.0463189483 0.209084049 0.345730662 -0.0487499498 0.209126949 0.300606996 -0.0130318776 0.209084049 0.396630496 -0.0179458857 0.209084079 0.39067632 -0.0285770055 0.221244395 0.348522127 -0.0487499498 0.22129406 0.300606996 0.010966952 0.221433461 0.314142793 -0.0341872126 0.221072748 0.355736226 0.0495769382 0.209084064 0.300842106 0.0149287442 0.209081471 0.387972355 0.0305518843 0.20902963 0.377053827 -0.0411724634 0.209080607 0.381812125 0.0384637825 0.131365269 0.363285035 0.0483332723 0.132411972 0.395590216 0.0201893616 0.137391269 0.398884982 -0.0055277138 0.209084064 0.398807943 -0.0113574816 0.140889645 0.377542257 0.0435741395 0.121594794 0.399356991 -0.00304652564 0.121584043 0.334989876 -0.0482020453 0.121626586 0.318561792 0.0382194147 0.2090545 0.309959263 0.0312332083 0.131617859 0.337218136 0.0490128212 0.132744059 0.325285435 0.0442322008 0.121768653 0.30248034 0.0182152782 0.121803142 0.299356967 0.000518367568 0.131756291 0.303294152 -0.0209100395 0.122362934 0.392048031 -0.0261498876 0.132707402 0.381822705 -0.0385001898 0.132652059 0.375122011 -0.0441687517 0.121622853 0.360839516 -0.0493334271 0.132903308 0.306255907 -0.0245526507 0.209061101 0.345986634 -0.0497295894 0.209084064 0.326247454 -0.0446370691 0.132905081 0.311766118 -0.0335827582 0.127592713 0.282319516 -0.0367365703 -0.0707469806 0.208612368 -0.0365501307 -0.0707469881 0.208825424 0.0367693454 -0.0707469881 0.284727305 0.0364373773 -0.0707469806 0.34646076 0.0219189394 -0.0707469732 0.382950544 0.0210029706 -0.0682469755 0.383039355 -0.0209969506 -0.0690803081 0.347051024 -0.0217283089 -0.0707469732 0.347054124 0.0217331946 -0.0657469779 0.282314241 0.0367428437 -0.0657470003 0.346456081 -0.02191443 -0.0657469854 0.208612382 0.0365561917 -0.0657470003 0.208825395 -0.0367632806 -0.0657470003 0.284729987 -0.0364313424 -0.0657470003 -0.199877247 0.0213970635 0.0736404136 -0.199929342 -0.0213132203 0.0735935494 -0.199847788 -0.021231683 0.0704324618 -0.19998844 0.0214949045 0.0703472421 -0.200612232 -0.0204101279 0.0695129931 -0.200689569 0.0206114259 0.0695129931 -0.3856574 -0.0215190928 0.0699163228 -0.385765046 0.0215749145 0.069918938 -0.385641605 0.0216750056 0.0741179883 -0.200601891 0.0205596332 0.0745130107 -0.385777742 -0.0214243215 0.0741196871 -0.200786158 -0.0206049867 0.0745130107 -0.200435132 -0.0362727195 -0.0708437562 -0.262483388 -0.0372299515 -0.0696757212 -0.312995613 -0.0199397188 -0.0704879984 -0.379680187 -0.0188098997 -0.0708660111 -0.200305074 0.0364223868 -0.070828706 -0.200311154 -0.0362951383 -0.0661424473 -0.200425714 0.036396794 -0.0661333501 -0.262286633 0.0373699591 -0.0678559691 -0.312719315 0.0200949777 -0.0666867718 -0.378581911 0.0200024713 -0.0693448335 -0.3797113 -0.0186380856 -0.0659869835 -0.301992685 0.0208492819 -0.070538938 -0.31789735 -0.0195545536 -0.0664087087 -0.284149319 -0.0268702563 -0.0663441941 0.399445891 0.0203008782 0.069538027 0.400506824 -0.0199370384 0.0698742941 0.204654023 -0.0212427694 0.0696285218 0.204272732 0.0211108252 0.0698917434 0.401273668 0.0187770613 0.0704733357 0.400341094 0.0200567525 0.0744535252 0.204419151 0.0212572347 0.0741343275 0.204517409 -0.0210696887 0.0744675994 0.400317103 -0.0201267675 0.0741518214 0.315133125 -0.021509055 0.0735183209 0.312144756 -0.021541182 0.0705099404 0.311532974 0.0216918569 0.0705293491 0.312955916 0.0216707475 0.0735167637 0.196448743 0.101720445 -0.078303881 0.196469143 0.101495601 -0.0704901516 0.195636421 0.0746909901 -0.0746079534 0.115496069 0.0839560181 -0.0745043159 0.185201749 0.0829778239 -0.0817959532 0.196293935 0.0845711827 -0.0863870308 0.109300032 0.083630994 -0.0813254714 0.11684756 0.0813077167 -0.0823208764 0.0395957418 0.0782925487 -0.0824172348 0.196493074 -0.101254202 -0.0704886392 0.195600256 -0.0783264041 -0.0744826943 0.0426435992 0.0887170359 -0.0758755878 -0.196501002 0.083229959 -0.0827088133 -0.196277827 0.0844279528 -0.0863870308 0.0329335332 0.0853451788 -0.0800746828 0.0373367481 0.0815304443 -0.0744873807 0.195691466 -0.0749822631 -0.0826621205 0.19649899 -0.084431529 -0.0861461908 0.196334094 -0.101551965 -0.0783933923 0.118821181 -0.0863605738 -0.0790400505 0.181853637 -0.0829539821 -0.0815658942 0.113090299 -0.0787824541 -0.0825213343 -0.0386916548 0.0834878236 -0.0744878277 -0.0331427753 0.0833621174 -0.0812341645 -0.0390625559 0.076633893 -0.0824401975 -0.109155014 0.0883385018 -0.0749486983 -0.0430282615 0.0828139856 -0.0813480094 -0.115662903 0.0832185969 -0.0816426575 -0.146997139 0.0811098069 -0.0824404433 -0.113532618 0.0755487308 -0.0822061971 -0.119178191 0.0835447982 -0.0744672045 -0.19563663 0.0796737224 -0.0744864866 -0.185164794 0.0820487216 -0.0817148238 -0.196478263 0.101484932 -0.0704885423 -0.196494386 -0.101144046 -0.0704892799 -0.039735809 -0.0799817368 -0.0824866146 -0.0335639641 -0.0867702812 -0.077778399 0.0384937301 -0.0821209997 -0.0820446536 -0.196432203 -0.101494245 -0.078497462 -0.196501002 -0.0843102187 -0.085996829 -0.0381105915 -0.0848455727 -0.0745859295 -0.115724392 -0.084261395 -0.0745404288 -0.109475367 -0.0822586119 -0.0818010345 -0.116926327 -0.080884099 -0.0823710412 -0.184679896 -0.0854760334 -0.074567765 -0.184846118 -0.0814297572 -0.0821888596 -0.196440428 0.10150668 -0.0782560706 0.11346598 -0.085996896 -0.0757714361 0.0372612961 -0.0781706497 -0.0744903237 0.0425034054 -0.0894739777 -0.074802734 -0.196435615 -0.0759702846 -0.0744672343 0.254841238 0.0878467113 0.0875807405 0.193949416 0.0869966149 0.0745130107 0.258498996 0.088716194 0.077857323 0.139856115 0.09047997 0.0869642273 0.195448011 0.0865486413 0.0827666521 0.255723596 0.101741672 0.0871752501 -0.132868335 0.0983524919 0.0878489241 0.140122399 0.0981227234 0.0872832909 0.258498996 0.100248918 0.077258803 -0.258501023 0.0891675949 0.0779549628 0.131331638 0.0836539045 0.0823879242 0.190997496 0.0842806697 0.0799856111 0.0582219027 0.0847961381 0.0817080066 0.0584625416 0.0858471915 0.0745130107 0.00465439353 0.0979432911 0.0870359614 0.000938103825 0.0906673297 0.0873740762 -0.255610347 0.0878872946 0.0874724761 -0.258312464 0.102034569 0.0745842755 -0.191401869 0.0844582245 0.0824186131 -0.0577360988 0.0847812518 0.0815334246 -0.0586968251 0.085051693 0.0745130107 -0.017889753 0.0794953629 0.0825124159 -0.192076236 0.0858744457 0.0745142624 -0.258392036 0.0986922085 0.0787596032 -0.255850494 0.101611279 0.0871675462 -0.139263526 0.0903412849 0.0872833729 0.258499026 -0.089045383 0.0767122656 0.258330047 -0.099012062 0.0788156688 0.258265227 -0.101886153 0.0745662674 0.255883723 -0.101523168 0.0877216235 0.254992276 -0.0876979232 0.0874259323 0.191643372 -0.0862975195 0.0745283291 0.193315268 -0.0839836076 0.0822064057 0.0585208908 -0.0839157328 0.0823792592 0.0580353402 -0.0862548575 0.0754540488 -0.192384139 -0.0855274498 0.0820682272 -0.0579401962 -0.0839592069 0.0823349208 -0.0582446791 -0.0863047317 0.0747523755 -0.258370906 -0.101884238 0.0745556951 -0.258501023 -0.0886590108 0.0776947513 -0.258460373 -0.0989245921 0.0787879303 -0.140706912 -0.0980745405 0.087159358 0.0382405668 -0.0989303365 0.0851874799 -0.256378442 -0.10136617 0.0873264596 -0.255195647 -0.088837415 0.0876452252 0.143493667 -0.0905262902 0.0873157009 -0.103511788 -0.0900533646 0.0865007788 0.000835324696 -0.0910002291 0.0869154632 -0.174999863 -0.0904361978 0.0867716298 -0.192763105 -0.0858075246 0.0745275244 0.140713513 -0.0972550139 0.0873190463 -0.0129457125 -0.0973042771 0.0875569582 0.257166713 0.101233087 -0.0745211989 0.199811965 0.0380699784 -0.0745853633 0.257964432 0.0381857604 -0.0746146366 0.198955119 0.102070019 -0.0747971535 0.256310135 0.0844333619 -0.104820907 0.255657554 0.0556196384 -0.104954325 0.204783082 0.0848510116 -0.104965381 0.203067884 0.0556709915 -0.104892783 0.197998986 0.0705466345 -0.104987003 -0.255055755 -0.0556049347 -0.104938447 -0.198939994 -0.055996079 -0.104831569 -0.199434176 -0.0835277811 -0.104912944 -0.201286435 -0.037929941 -0.0746714547 -0.25808984 -0.0395651236 -0.0744985417 -0.256017298 -0.0838200226 -0.104920886 -0.203926548 -0.101929992 -0.0747421235 -0.198197827 -0.0967760831 -0.0748869553 -0.257323712 -0.101929992 -0.0748510361 -0.198734388 0.083935596 -0.104777873 -0.200325444 0.102069996 -0.0745789334 -0.198152885 0.0436073504 -0.0745374635 -0.2579723 0.101186171 -0.0745430067 -0.25582695 0.084283039 -0.104926601 -0.256466389 0.0560599789 -0.104898773 -0.257239819 0.0387405679 -0.0745402724 -0.202864707 0.0380699597 -0.075581871 -0.199550092 0.0555100851 -0.104913078 0.255916387 -0.0556433313 -0.104787357 0.255218744 -0.0844469145 -0.10494183 0.201775193 -0.0843562484 -0.104987003 0.257990539 -0.101244174 -0.0746169463 0.257609189 -0.039536003 -0.0744956508 0.198815852 -0.0379299298 -0.0747057572 0.19984369 -0.0559517406 -0.104856066 0.198874891 -0.100496896 -0.0745115131 0.204643175 -0.0995764434 -0.0813048556 -0.407094449 0.033476036 0.0266043004 -0.401381046 0.0339051224 0.0320491157 -0.406969637 -0.03374945 0.0265075006 -0.41549778 0.033197511 0.0461860038 -0.421388537 0.0338736326 0.0409079045 -0.401623785 -0.0337834284 0.0323213339 -0.415992022 -0.0330983177 0.0466415398 -0.421163857 -0.0334294066 0.0406548381 0.258245468 0.101983391 -0.0550099872 0.261634737 0.0455858447 -0.0474779941 0.258476943 0.102030881 -0.0744631663 0.197399005 0.0439577512 -0.0479835197 0.197399005 0.102070019 -0.0700621307 0.197399005 0.0408856533 -0.0734384358 0.258157432 0.0212842431 -0.0585089959 0.258735716 0.040625006 -0.0712101236 0.197787285 0.0178822279 -0.0559093058 0.258700192 -0.0173893068 -0.0542194806 0.197417423 -0.0359856524 -0.0424044989 0.262159288 -0.0423714444 -0.0453339033 0.260893166 -0.0402782299 -0.0682795122 0.258443803 -0.101783 -0.074464865 0.197399005 -0.0280478746 -0.0706614256 0.197518453 -0.101297341 -0.0564420819 0.197421372 -0.101763837 -0.0744601935 0.25845927 -0.101872765 -0.0551689193 -0.197017357 0.102069996 -0.0619627014 -0.197017714 0.0403015055 -0.0740083605 -0.258809209 0.102069996 -0.0725248829 -0.197025076 0.0559002347 -0.054074496 -0.261326909 0.0465891398 -0.0480256006 -0.258648366 0.0398917645 -0.067234084 -0.258700073 0.0185893737 -0.0563717447 -0.197000995 0.0195107777 -0.0544666052 -0.258425742 -0.0201882571 -0.0537128784 -0.262359202 -0.0421512239 -0.0455107465 -0.197024375 -0.0191864986 -0.0419869907 -0.258389264 -0.0321209282 -0.0724963024 -0.257602274 -0.098427318 -0.0564498641 -0.197535023 -0.0171078816 -0.0535217859 -0.197007313 -0.0349314176 -0.0690165311 -0.258393168 -0.101842724 -0.0744622126 -0.197325841 -0.0997199416 -0.0571841858 -0.197012678 -0.101860121 -0.0744623244 0.258770823 0.102070019 0.0651323795 0.258152038 0.041646637 0.0715723187 0.261812896 0.0470593758 0.0493438728 0.197136268 0.101968981 0.0550441146 0.197008625 0.102037363 0.0744970068 0.197019026 0.0402772129 0.0724820718 0.197051346 0.0395610295 0.0447935946 0.196998999 0.0198372416 0.0597852394 0.258667827 0.0192530937 0.0548857339 0.258414686 -0.0191606376 0.0565949455 0.26078853 -0.046189975 0.0477478877 0.197691277 -0.0178375691 0.0532662831 0.196998999 -0.034504924 0.0705539882 0.25945121 -0.0412773229 0.0721397027 0.196998999 -0.0382715315 0.0463252366 0.258755237 -0.101929978 0.0663448274 0.197154105 -0.10191083 0.0550447591 0.197018102 -0.101807982 0.0744968206 -0.197019219 0.101964787 0.0744900629 -0.259924352 0.096517846 0.0745130107 -0.19700101 0.0403973348 0.0740429908 -0.197127864 0.101327837 0.0578280054 -0.258423239 0.102005735 0.0550591387 -0.260486215 0.0454051681 0.0475287139 -0.259898305 0.0408778824 0.0652534887 -0.258315116 0.0193533078 0.0560471192 -0.197029889 0.0191806927 0.0570902862 -0.197086066 0.0364197083 0.0420940518 -0.260817856 -0.045363497 0.047716476 -0.258250684 -0.0275991894 0.0652771667 -0.197068572 -0.0191270094 0.0550023504 -0.19700101 -0.0447934791 0.0480790213 -0.197028011 -0.101843931 0.0744803771 -0.197128519 -0.101891711 0.0550342202 -0.259046525 -0.10193 0.0709784031 -0.197032139 -0.0404515713 0.073780559 0.381392121 0.0775937662 0.0937083587 0.408333808 0.00444115279 0.113646783 0.430772156 0.0497029424 0.0732978135 0.389242589 0.0659340248 0.0920654461 0.409553647 -0.0359560214 0.105341114 0.353365272 0.0569945872 0.116690636 0.404644966 -0.00175735436 0.0740131959 0.423893988 0.0467173345 0.000964569277 0.422529995 -0.0536914021 0.0156050576 0.383875906 0.0226066001 0.0709413886 0.396713763 0.0246430468 -0.0698960945 0.268291175 0.0414272174 0.074513942 0.38767606 -0.076277189 0.085843876 0.430785567 -0.0495427474 0.0737890154 0.387261868 -0.0556429513 0.0730483383 0.29071188 0.000951821101 0.119336113 0.343361378 -0.0543949232 0.108266726 0.273537576 -0.0420772508 0.0997715145 0.270254612 -0.04049097 0.0705310777 0.271685421 -0.0423079655 0.0727584809 0.419238001 -0.0581852682 -0.00955092814 0.423178673 -0.0284478161 0.00338801602 0.409198701 -0.0562812798 -0.0371674001 0.39051187 0.076862298 0.0668792352 0.383134574 0.0056433212 0.0695729926 0.273382962 0.0419478975 0.102697082 0.268046826 0.0447428674 0.0696591809 0.267107129 0.0421192273 0.0999796093 0.26825887 -0.0470570736 0.096290417 0.425744742 0.0558391549 0.00551232789 0.388294101 0.0275284126 -0.0720529705 0.418301851 0.0471516177 -0.0449212641 0.402933687 -0.0318196826 -0.0707146376 0.381208509 -0.0245475713 -0.0701676533 0.395566642 -0.0241397433 -0.0720529705 0.41760996 0.0270207319 0.222000048 0.411845952 -0.0532893874 0.222000062 0.377938449 -0.0775009617 0.222000048 0.288323134 -0.0555782691 0.222000048 0.272156209 -0.0319143198 0.222000062 0.272474855 0.0326938853 0.222000062 0.287779957 0.0551889464 0.222000048 0.353357464 0.0770769864 0.222000048 0.396246523 0.0710535347 0.222000167 0.418043405 0.0255761128 0.24136512 0.393340975 0.0726051331 0.240586683 0.33909288 0.0742331892 0.240350604 0.277642876 0.0456855595 0.240253881 0.270543963 0.00113608269 0.240312606 0.276417792 -0.0430834889 0.240331799 0.315128416 -0.0667468235 0.240064174 0.372020602 -0.0775009617 0.240674302 0.405877888 -0.0609208755 0.240874514 -0.39431864 0.0562571287 0.0221948307 -0.386132419 0.0519399606 0.0535586812 -0.372809947 0.0246735159 0.0226116274 -0.396170229 0.0220938176 0.0239369366 -0.375708193 0.0221771803 0.0239889268 -0.37576443 -0.0219922233 0.0241036005 -0.386250138 -0.0511308461 0.0546866581 -0.372809947 -0.0246714354 0.0232140459 -0.393042743 -0.0354122184 0.0209653191 -0.374693602 0.0232622009 -0.0546656251 -0.393041313 0.0253718384 0.0204304662 -0.394807369 0.0258737616 -0.0622717962 -0.37441653 -0.0239846762 -0.0547400638 -0.396161765 -0.0219779536 0.0236042179 -0.39460668 -0.0293349568 -0.0649850667 -0.256760657 0.0846526027 0.0867915973 -0.257575542 0.0238567144 0.0866702646 -0.198183 0.0850514024 0.0868846476 -0.204937905 0.0828220099 0.0835120454 -0.255935907 0.0826108977 0.0793722793 -0.248617247 0.0238258597 0.0832779184 -0.256934345 0.02609233 0.0745350271 -0.200684234 0.0240803529 0.0856184587 -0.200534552 0.0250735339 0.0708638579 -0.197919548 0.0721272156 0.0696521625 -0.204486951 -0.0252737608 0.0837962404 -0.249254555 -0.0239972118 0.0830745399 -0.201246306 -0.0248213857 0.0708557069 -0.199619398 -0.0726691037 0.0697648823 -0.200774908 -0.0842589065 0.0848268569 -0.247128323 -0.0845770687 0.083339408 -0.257038593 -0.0238573384 0.0858605132 -0.256636024 -0.0841708183 0.0870101228 -0.197644427 -0.0241549332 0.0869567096 -0.257608384 -0.0823572874 0.0745771453 0.257269949 -0.0232752841 0.0843474939 0.197580084 -0.0246264786 0.0869122967 0.257754356 -0.0845075697 0.0854564831 0.206084788 -0.0236283448 0.0833438188 0.202958792 -0.0822768733 0.0827694014 0.201125696 -0.0704136267 0.0692019388 0.25195992 -0.024367515 0.0832351372 0.198713899 -0.0256333966 0.071274139 0.244935185 -0.0850600675 0.0834931657 0.199383631 -0.0839821771 0.0870444626 0.199140251 0.0840865001 0.0871618912 0.198432475 0.0252994802 0.0712554976 0.198736072 0.0242100414 0.0869373456 0.204217166 0.08339376 0.0832376555 0.254739463 0.0245856959 0.0827049986 0.204011232 0.0254607759 0.0837840661 0.199603498 0.0776092187 0.0704934448 0.255816758 0.0844012946 0.0853322968 0.256628603 0.0837907568 0.0743752643 0.257032305 0.0239843111 0.0869729966 -0.399842292 0.0485242493 0.0700639784 -0.422744185 0.0425188094 0.0440022424 -0.423324019 -0.0392750986 0.0442265607 -0.415836185 0.0455749258 -0.00944046676 -0.406082809 0.0212834403 0.0224890262 -0.394580275 0.0574679896 0.0596481524 -0.408646137 0.0462643392 -0.0424252115 -0.418684065 -0.0475018881 0.0534270443 -0.397553146 -0.0542685017 0.0645964444 -0.414354622 -0.0418326519 -0.00528450217 -0.416537613 -0.045869004 -0.00724622514 -0.414274603 0.00742150052 -0.0388084017 -0.413043916 -0.0217548963 -0.071679011 -0.413803309 -0.0247477293 -0.0604936406 -0.415513635 -0.0218169838 -0.057659559 0.258475512 0.110434525 0.038488768 0.176110208 0.113084249 0.0358194746 0.258445144 0.119017348 0.0272327606 0.258444518 0.148967817 0.0276152734 0.258499026 0.126471564 0.00700812507 0.176495314 0.127858818 0.0544491298 0.256736428 0.139721632 0.0516585186 0.248040944 0.147635207 0.0306995958 0.177479789 0.122739598 0.0645846948 0.258133769 0.125583723 0.0672851652 0.258472651 0.102095291 0.0452149957 0.258172452 0.102098331 0.0740500316 0.257079065 0.115842059 0.0724456161 0.176292047 0.148997545 0.0279285908 0.176021963 0.126185611 0.00468287012 0.176351503 0.138800651 0.0341405012 0.176088184 0.133405477 0.0409340709 0.176067397 0.122486942 0.0204693321 0.176030964 0.137913167 -0.0348768979 0.176089764 0.125448748 -0.0108477483 0.176330283 0.11514312 0.071505554 0.17606324 0.102084979 0.0452712253 0.258421719 0.148965001 -0.0276810043 0.258473843 0.123669066 -0.017233843 0.258451939 0.111982554 -0.0369137824 0.176024899 0.116424188 -0.0315850824 0.176175699 0.148947254 -0.0276665948 0.23459211 0.144399762 -0.0339352675 0.256194651 0.140967682 -0.0488727987 0.258212924 0.130903706 -0.0624979883 0.207586408 0.127130926 -0.0622938089 0.258247882 0.102082483 -0.0451935083 0.258378357 0.102109171 -0.073900044 0.256825358 0.117456555 -0.0720803142 0.176975012 0.102153338 -0.0740239769 0.176227942 0.116219595 -0.0707100555 0.17651169 0.122074045 -0.0215169806 0.176174894 0.133235082 -0.0413430668 0.176032528 0.102115534 -0.0451781712 0.176650256 0.102099061 0.0739454776 0.177955076 0.12463627 -0.0623507835 0.256078213 -0.142422259 0.0454146899 0.22441265 -0.14124836 0.0375855416 0.258384645 -0.148819268 0.0285227429 0.258348137 -0.136649907 0.055214107 0.258453071 -0.124468364 0.0138683552 0.258467674 -0.125534788 -0.0095741963 0.176135495 -0.126255304 0.00582593074 0.258490354 -0.118360311 0.0281779096 0.176018357 -0.122231834 0.0207782686 0.258405268 -0.102068767 0.0452246107 0.258214682 -0.114002883 0.0730732679 0.177662343 -0.112112239 0.0727250054 0.255793005 -0.127515465 0.0658343658 0.17775245 -0.119741261 0.0680152699 0.226103559 -0.147405878 0.0299321953 0.176291198 -0.148837537 0.028155908 0.176523611 -0.139317498 0.0333976708 0.176019579 -0.114585742 0.0334442742 0.17645213 -0.127902061 0.0543642417 0.17606011 -0.148853317 -0.027909698 0.17606017 -0.101968095 0.0738727301 0.176192582 -0.101938061 0.0452388115 0.25849241 -0.11031945 -0.0384316407 0.258365184 -0.120640405 -0.024447551 0.258474737 -0.128601849 -0.0649025068 0.257850498 -0.148783982 -0.030315157 0.256422102 -0.147004873 -0.0343403071 0.25672543 -0.115136296 -0.0725757778 0.176334664 -0.119692869 -0.0678962767 0.176048175 -0.101985171 -0.0452566445 0.25846681 -0.101952597 -0.0451979153 0.258006245 -0.101941384 -0.0740239769 0.177404299 -0.113379225 -0.0721033514 0.176312074 -0.125135258 -0.0599023141 0.256722271 -0.136951014 -0.0553029478 0.17607604 -0.123447552 -0.017790392 0.176029116 -0.117014393 -0.0305075888 0.176445171 -0.138737172 -0.03370101 0.176150337 -0.101996854 -0.0740239769 0.176150173 -0.132892385 -0.0417580791 0.257972121 -0.101929978 0.0736698881 -0.176619232 0.140971854 0.0323443823 -0.228891373 0.147369817 0.0301682409 -0.176843151 0.134384871 0.0392517261 -0.176913992 0.148993924 0.0280573778 -0.258863032 0.148977071 0.0302207768 -0.258958995 0.12591657 0.00739359204 -0.176513329 0.126563013 0.000785318087 -0.176563039 0.123069786 0.0192449614 -0.176566213 0.114974216 0.0335187986 -0.258891016 0.115024842 0.0339143984 -0.176627323 0.114754744 0.0718689263 -0.257872492 0.102204785 0.0740500018 -0.176972419 0.102098197 0.0738895833 -0.176554605 0.102087781 0.0452984348 -0.177941591 0.126105487 0.0586211905 -0.258985788 0.12257269 0.0202820599 -0.25878939 0.141020879 0.048858393 -0.2585738 0.127905682 0.0655658916 -0.256234467 0.122192614 0.0696637109 -0.211909667 0.127256453 0.0625683442 -0.258973986 0.102085054 0.0452202745 -0.17679815 0.148918211 -0.0279557537 -0.176558509 0.141649023 -0.0317504443 -0.176949099 0.134541363 -0.0387656651 -0.176558912 0.102119759 -0.0452728607 -0.176664129 0.124789946 -0.0135854743 -0.176508501 0.118285052 -0.0285630357 -0.258966506 0.110428713 -0.0384704657 -0.256677181 0.142043009 -0.0463259332 -0.17675814 0.122476079 -0.0652080625 -0.257255554 0.136582747 -0.0557934307 -0.176658362 0.102102458 -0.0739208236 -0.177026108 0.11232008 -0.0726519153 -0.258945048 0.127855003 -0.0656461418 -0.258874804 0.1256468 -0.00973445736 -0.254985392 0.148964942 -0.029692445 -0.25898549 0.148510933 -0.0251439437 -0.257012457 0.114304319 -0.0729603767 -0.258703679 0.10208147 -0.0737682208 -0.258839399 0.121453807 -0.0236135852 -0.258935422 0.102093786 -0.0451906398 -0.17659615 -0.134587467 0.0385965146 -0.234233767 -0.144718453 0.0329998583 -0.176649764 -0.148789719 0.0276703704 -0.176544249 -0.126387164 -0.00464684842 -0.176587299 -0.148836985 -0.0274266973 -0.25875631 -0.125344023 0.0106065376 -0.258858532 -0.126128808 -0.00760169979 -0.176515967 -0.124160953 0.0148044266 -0.258602589 -0.148832276 0.0291385371 -0.176675007 -0.1019914 0.045425497 -0.176507413 -0.118399419 0.0281401947 -0.25896287 -0.111951575 0.0365648046 -0.176747784 -0.119963855 0.0677383095 -0.178357109 -0.126647368 0.057480894 -0.256789446 -0.14214541 0.0458745994 -0.258716702 -0.136221066 0.0562432669 -0.25897336 -0.121510044 0.0222880226 -0.258902639 -0.148784533 -0.0286730472 -0.178565949 -0.110889733 0.0733337477 -0.257196039 -0.117870018 0.0717898905 -0.258760542 -0.101941898 0.0738645643 -0.258769095 -0.101947032 0.0452265143 -0.258932233 -0.129319891 0.063998796 -0.176509112 -0.110214688 -0.0385478288 -0.176594049 -0.120837256 -0.0240042694 -0.176572278 -0.134610072 -0.0382700935 -0.224719808 -0.147388965 -0.0298999902 -0.230684817 -0.142822027 -0.0357215516 -0.176563576 -0.101941422 -0.0452002063 -0.176760197 -0.119586743 -0.0681021959 -0.178688332 -0.125686258 -0.059228383 -0.258662403 -0.101947777 -0.0451974422 -0.176804215 -0.101972967 -0.0740240067 -0.258984268 -0.120780274 -0.0247317068 -0.258942991 -0.110442616 -0.0383723229 -0.25887078 -0.101937912 -0.0737727955 -0.258902848 -0.130342096 -0.0630041808 -0.256921172 -0.141614676 -0.0474510118 -0.257492602 -0.11589136 -0.0723899528 -0.176580533 -0.101936541 0.0737037435 -0.177986577 -0.112179346 -0.0726394653 -0.280260563 0.0165080503 0.0660713017 -0.276368648 -0.0144349849 0.0669246316 -0.277446896 0.0164078008 0.0523065068 -0.284861147 -0.0183440149 0.0521634631 -0.318722337 -0.0210689027 0.0601554997 -0.361085743 0.0203204975 0.0515082479 -0.348978519 0.00131991226 0.0488136634 -0.363129407 -0.0214294568 0.0580557026 -0.366196036 0.0194719769 0.066971153 -0.365407199 -0.00358785433 0.0330808908 -0.318617404 0.0218976904 0.0599768087 0.419402093 0.00208189501 -0.0307667013 0.420465559 -0.0153536135 -0.0165892337 0.420117229 -0.0165880751 -0.0126738353 0.420354933 0.0157866795 -0.0127972914 0.419591993 0.00233891467 0.00416515768 0.419491023 0.0186006986 -0.0314788818 0.41943863 0.0186102018 0.0058672009 0.421269 -0.0220679305 -0.0128548695 0.423195571 0.0334398188 0.0766689107 0.428711981 0.0323282555 0.0711868703 0.420504093 0.0350700282 0.0629563928 0.414169043 0.0320669524 0.0566140488 0.423170239 -0.0330607332 0.0766611919 0.408979625 0.0337351672 0.0625128895 0.408632785 -0.0340926014 0.0620530657 0.428272784 -0.0337529965 0.0706129298 0.414575219 -0.0331122689 0.0568930097 0.195498988 -0.10142988 0.0705130324 -0.195501 -0.101429887 0.0705130026 -0.196001098 -0.101295993 0.0705130026 -0.19636701 -0.10092999 0.0705130026 -0.196501002 -0.100429989 0.0705130026 -0.196501017 0.100570008 0.0705130026 -0.19636701 0.101070009 0.0705130026 -0.196001112 0.101435997 0.0705130026 -0.195501015 0.10157001 0.0705130026 0.195498988 0.101570033 0.0705130324 0.195999011 0.101436019 0.0705130324 0.196364984 0.101070017 0.0705130324 0.196498975 0.100570023 0.0705130324 0.196498975 -0.100429967 0.0705130324 0.196364984 -0.100929983 0.0705130324 0.195999011 -0.101295978 0.0705130324 0.196498975 -0.100429967 0.0745130405 0.196498975 0.100570023 0.0745130405 0.196364984 -0.100929983 0.0745130405 0.196364984 0.101070017 0.0745130405 0.195999011 0.101436019 0.0745130405 0.195498988 0.101570033 0.0745130405 -0.195501015 0.10157001 0.0745130107 -0.196001112 0.101435997 0.0745130107 -0.19636701 0.101070009 0.0745130107 -0.196501017 0.100570008 0.0745130107 -0.196501002 -0.100429989 0.0745130107 -0.19636701 -0.10092999 0.0745130107 -0.196001098 -0.101295993 0.0745130107 -0.195501 -0.101429887 0.0745130107 0.195498988 -0.10142988 0.0745130405 0.195999011 -0.101295978 0.0745130405 -0.397725046 0.02203249 0.0638713613 -0.395783186 -0.0218562502 0.0631039888 -0.390138775 -0.02192997 0.0729849562 -0.393200755 0.0220219363 0.0745130032 -0.371278763 -0.0214486048 0.062789239 -0.371170998 0.0217807852 0.0652519539 -0.38595587 0.0214571152 0.0695724934 -0.411779284 0.00600114092 -0.0096905129 -0.411910504 -0.0169040374 -0.0259276293 -0.411247134 -0.00154771109 -0.0440887772 -0.41321376 0.0170314685 -0.0262805261 -0.412721664 0.0157069936 -0.0262335092 -0.411518008 0.0188316498 -0.0449887365 -0.413310945 -0.02192997 -0.0281712133 -0.41145128 0.0188180022 -0.0074785701 -0.411423057 -0.0187443942 -0.00743608689 -0.389624298 -0.01440972 -0.0561557487 -0.385845214 -0.0176718663 -0.0685904622 -0.366638482 -0.0184299909 -0.0603495166 -0.387382597 0.0159259327 -0.0676373169 -0.38252154 0.0185102038 -0.0703450441 -0.366868824 0.0185700003 -0.0576643907 -0.389961511 0.0137493433 -0.0560980402 0.175387964 0.103302956 0.0767835677 0.173598334 0.123106867 0.0652012974 0.175141111 0.127446398 0.0666956529 0.173144907 0.143391892 0.0367646925 0.173388436 0.134863466 0.0368637666 -0.174620345 0.117315836 0.0737696663 0.174723819 0.147467017 -0.0101901041 0.113526888 0.14346166 0.0366543904 0.0696019828 0.140586808 0.0454432331 0.0511286482 0.146780282 0.0145269865 0.173596814 0.139778107 0.00593684334 0.173514813 0.137577206 -0.025007559 0.17449604 0.140786141 -0.0435897969 0.173305303 0.125077754 -0.0622398704 0.175528318 0.117524803 -0.0725445226 0.175020829 0.131186262 -0.0621739998 0.028537875 0.141580805 0.04078684 -0.0167363752 0.141367748 0.0411797538 -0.0148632042 0.146050528 0.0200302638 -0.174231261 0.132806674 -0.0425985605 0.175104707 0.102313302 -0.0773360133 -0.175509185 0.102811828 -0.0773360133 -0.0587120727 0.146666348 0.016728403 -0.172042683 0.13443163 0.0585888587 -0.17397128 0.136048898 0.0335696638 -0.0710186511 0.139780223 0.0464747213 -0.175888762 0.102325082 -0.0740109608 -0.174963921 0.126969188 -0.0677509233 -0.175546199 0.102140009 0.0769342631 -0.175501451 0.1123669 0.073081024 0.175290838 0.102327146 0.0740434825 -0.106027022 0.142132923 0.0407938436 -0.130646005 0.14648658 0.0173666161 -0.175211787 0.143193677 0.0360723548 -0.174041167 0.139513239 -0.0110572102 -0.175142601 0.146575585 -0.0243182238 -0.174249277 0.121176101 -0.0681045577 0.175698996 -0.101999879 0.0754794851 0.173659265 -0.119810209 0.0688356385 -0.176168993 -0.101999879 0.0751795471 0.174639225 -0.13372536 0.0593027286 0.121780381 -0.145613983 0.0252956543 0.174615964 -0.145715982 0.0218249895 0.17438893 -0.115768969 0.0748976097 -0.175299361 -0.128597796 0.0650648028 0.121279873 -0.134981036 0.0555912144 0.0781163946 -0.145833984 0.0234285444 0.17340073 -0.134783164 -0.0366447233 -0.173810095 -0.136931896 -0.0284434445 0.173695698 -0.139758095 0.00315996399 0.174456 -0.146843448 -0.0192271695 0.175698996 -0.101999879 -0.0749126524 0.174364328 -0.120851398 -0.0724146217 -0.175039634 -0.115488403 -0.0749153122 0.173689082 -0.121779457 -0.0668955296 0.174605906 -0.135552332 -0.0548505299 0.0361475833 -0.143065974 0.03611416 -0.174808562 -0.114949353 0.075026609 -0.0781080425 -0.139617234 0.0474116765 -0.0327461064 -0.140848011 0.0434712507 -0.176137924 -0.103044242 -0.0761400983 -0.17423366 -0.123299047 -0.0644661337 -0.0428248122 -0.146402642 0.0174438078 0.00371016655 -0.145181447 0.0279070456 -0.0790757686 -0.146036997 0.0203422457 -0.174079806 -0.122506633 0.0658019036 -0.13869299 -0.137704104 0.0505008809 -0.114001378 -0.143587768 0.0331159011 0.17356886 -0.13423425 0.038709119 -0.174122885 -0.138638571 0.0214614365 -0.170010567 -0.147327006 0.0103175864 -0.174780875 -0.1423112 0.0380761251 -0.175297454 -0.143953785 -0.0333571136 -0.175026938 -0.131184086 -0.0618089475 -0.412358582 0.0166085083 -0.0364610292 -0.412368447 -0.0162725206 -0.0167033467 -0.411310971 0.00796698965 -0.0135220103 -0.410298347 0.0184149705 -0.0384314172 -0.410161585 -0.0181389991 -0.014881718 -0.411310971 -0.00925595034 -0.0423140116 -0.411310971 -0.00768995984 -0.0396970101 -0.411310971 0.00953197014 -0.0109050004 0.419269025 0.0130869998 -0.0210079402 0.419269025 -0.0157049503 -0.00378494011 0.419269025 -0.0130869402 -0.00535104005 0.417985409 -0.0158293229 -0.0291817971 0.420204103 -0.00981483143 -0.0293719564 0.420469016 0.00949224271 0.00292324577 0.418175995 0.0166208223 0.00176381425 -0.407933414 0.0309356023 0.0277209301 -0.408146054 -0.0321488269 0.0281495228 -0.419554681 -0.0324640609 0.039704401 -0.419973105 0.0309350807 0.0401698388 -0.418352395 0.0332277194 0.0385494195 -0.409350246 0.0332280099 0.0295469314 -0.409105182 -0.0331386514 0.0300091468 0.370824724 0.0628966615 0.0896570534 0.373548567 0.0711895004 0.0896570534 0.385005087 0.0703517348 0.0896570534 0.380029231 0.0576639995 0.0896570534 0.385485977 0.0672266707 0.22950311 0.381403923 0.0579944625 0.22940205 0.373217165 0.0592335686 0.22937277 0.370829761 0.0671786144 0.229498819 0.37746343 0.0725109801 0.229411632 0.278960317 0.0397738218 0.0846880376 0.292522997 0.0406379327 0.0846880376 0.289073199 0.0283355471 0.0846880376 0.280719101 0.0295000263 0.0846880376 0.293004006 0.0353594832 0.224431068 0.28901127 0.0283188522 0.224431857 0.278964907 0.0309765041 0.224574 0.289042562 0.0424137972 0.224431917 0.280730337 0.0412343442 0.224398792 0.27835083 -0.0375461802 0.0846880376 0.280734092 -0.0295030251 0.0846880376 0.292522401 -0.0300924852 0.0846880376 0.287547618 -0.0427809693 0.0846880376 0.286809713 -0.0427809693 0.22453402 0.292996436 -0.0374680683 0.224397644 0.29238537 -0.031264428 0.224432856 0.284723401 -0.0279329699 0.224431962 0.278306991 -0.0353302322 0.224565089 0.370789975 -0.0641656145 0.0896570534 0.381641865 -0.0576639399 0.0896570534 0.383728713 -0.0711682215 0.0896570534 0.375173956 -0.0719099268 0.0896570534 0.381608874 -0.0580879897 0.22940205 0.385485977 -0.0651028231 0.229399979 0.373489797 -0.0590219386 0.229384586 0.381495833 -0.072142601 0.229400277 0.371275753 -0.0690187961 0.229583159</float_array>
          <technique_common>
            <accessor source="#positions_array" count="849" stride="3">
              <param name="X" type="float" />
              <param name="Y" type="float" />
              <param name="Z" type="float" />
            </accessor>
          </technique_common>
        </source>
        <source id="normals">
          <float_array id="normals_array" count="5070">-0.337737292 0.869245172 0.361035049 0.350420862 0.856966078 0.377907813 0.33773151 0.869247556 -0.361034691 -0.350426853 0.856963098 -0.377909124 0.157209247 0.420905769 -0.893377602 -0.179977104 0.402106255 -0.897729814 -0.846995771 0.349524438 -0.400538117 -0.768592119 0.523648143 0.367503494 -0.393995821 0.161675423 -0.904780805 0.450964481 0.176876053 -0.874840498 -0.450209528 -0.176600859 -0.875284851 -0.919599533 -0.0940755829 -0.38142696 -0.936052978 0.0662894547 0.345558256 -0.903418243 -0.0941830277 0.418288231 -0.776060998 -0.511352479 -0.369117886 -0.790089488 -0.493956417 0.362995386 -0.412413478 -0.168130279 0.895347595 -0.45097369 0.176951751 0.874820471 -0.171209529 -0.401707679 0.899621189 0.157339975 -0.420863003 0.893374741 0.450163603 -0.176598445 0.875308931 -0.339641154 -0.862424314 0.375324041 0.33778742 -0.869193792 0.361111999 -0.337800652 -0.869191527 -0.361105055 0.350420207 -0.856975257 -0.377887607 0.768476486 -0.523460567 0.36801216 0.847196817 -0.349687725 -0.399970025 0.935728192 -0.0660645366 0.346479744 0.935937464 0.0660474896 -0.345917344 0.84698844 0.349530011 0.400548756 0.393977106 0.161673576 0.904789329 0.179981664 0.402101099 0.897731185 -0.157205492 0.420904398 0.893378913 0.768597424 0.523639202 -0.367505103 0.394765317 -0.162272245 -0.904338479 0.179957494 -0.40215373 -0.897712469 -0.157328695 -0.420876801 -0.893370271 0.193692282 0.91384083 -0.356900901 0.726044655 0.391281545 0.565471351 0.648123682 0.761394083 0.0146561163 0.170471802 0.891578436 -0.419556081 -0.0447133817 -0.77828759 -0.626313925 -0.124672033 -0.158677697 -0.979427516 0.000192293999 -0.000404729159 -0.999999881 -0.00031387835 -0.000358249992 -0.999999881 0.16836755 -0.279524058 -0.94526118 0.942306697 -0.0153320627 0.334399462 0.317818761 -0.0150515176 0.948032022 0.463138282 -0.786704481 -0.408165455 0.0819879696 -0.996455789 -0.0188101269 -0.167997047 0.174304381 0.970255077 -0.24404721 0.0228708629 0.969493628 -0.174382433 -0.0549318269 0.983144581 -0.00251076021 -0.00178465014 0.999995232 -0.511007786 -0.70490855 -0.491909504 -0.832506359 -0.253494263 0.492619365 -0.776137412 0.288519472 -0.560684562 -0.526315868 0.553844631 0.645172596 0.000579680025 -0.000992659479 0.999999344 -0.000109982757 0.000218420057 0.99999994 0.00017555675 9.04969056e-05 1 -4.21000987e-05 0.000490600767 0.999999881 0.122852117 0.991147339 0.0503424034 0.681086719 0.73137027 0.0349052176 0.19756715 0.971781671 -0.128870562 0.783046842 0.619846821 0.0512601137 0.918800831 0.377651215 -0.114823982 0.990592599 -0.125311553 0.0549842976 0.981221914 -0.192722842 -0.00784227904 -0.0017539874 0.000977892894 0.999997973 0.430400163 0.669395089 -0.605529428 0.750449181 -0.020453576 -0.66061157 -0.198368192 -0.716384292 -0.668912232 -0.578751743 0.814226329 0.0456282124 -0.762187183 0.640600085 -0.0932856873 -0.965675652 0.257294118 0.0356413461 -0.148740381 0.977978528 -0.14640452 -0.340034664 0.662214279 -0.667719066 -0.695365191 0.255655289 -0.671645463 -0.993259668 -0.0200373735 -0.11416547 -0.704970181 -0.28987658 -0.647293329 0.84331882 -0.508909762 -0.172696859 0.595811844 -0.801492929 0.0511594079 0.663314462 -0.748121619 -0.0181108322 0.396394134 -0.665075779 -0.632887006 0.19056794 -0.977697372 -0.0882709175 -0.84616226 -0.529534161 0.0600253455 -0.000992233166 -0.000651826907 0.999999285 -0.0001008611 -3.01325999e-05 1 -0.13603963 -0.988940895 0.059068948 -0.502190411 -0.864340425 -0.0268412083 -0.679531097 -0.687588632 -0.255850285 -0.00149668939 0.00229697884 0.999996245 0.00655861385 -0.00293496833 -0.999974191 0 -2.93774532e-10 -1 1.46362808e-07 -1.75498616e-09 -1 2.76010638e-07 -3.5644625e-09 -1 0.0471281819 -0.0515358299 -0.997558534 0.0315943323 -0.0117907729 -0.999431252 0.0134386802 0.0198640134 -0.999712348 -0.0495254174 0.213603914 0.975664198 0.120598398 0.992421269 0.0235796105 0.136973992 0.99036175 0.020535823 0.147751182 0.988975644 0.00983777177 0.0837395042 0.996321976 -0.018171452 0.0372852497 -0.00511092972 0.999291599 0.0912095979 -0.0195618961 0.995639563 0.0791432485 -0.0092327958 0.996820509 0.0324589014 -0.000444939913 0.999472976 -7.2705582e-08 1.79548763e-07 1 -6.8653712e-08 6.48898819e-08 1 -8.24472792e-08 -6.89897774e-08 1 5.71897729e-08 -1.04591777e-06 1 -0.00223991321 0.999266922 0.0382180959 -0.00253022811 0.99909395 0.0424841456 -0.999241352 -0.00265695178 0.0388539955 -0.999094665 -0.00290238974 0.0424432978 -0.999241292 0.0026569285 -0.0388566069 -0.999094546 0.00290237204 -0.0424459912 0.0837720335 -0.996319592 0.0181525685 0.147726953 -0.988979638 -0.00979851279 -0.00223703496 -0.999266803 -0.0382208191 -0.00252717733 -0.99909395 -0.0424846932 0.119412534 -0.992560506 -0.0237540901 0.137475103 -0.990292966 -0.020505717 0.0219068043 -0.999161541 -0.0345874988 0.0227224976 0.999149084 0.0344207883 0.661892951 0.650598943 0.372315347 0.65581435 -0.661093295 0.364504099 0.663846731 -0.65162158 -0.367010564 0.637708247 0.667446673 -0.384503722 0.338777035 -0.318540901 -0.885303259 0.339594603 0.283114731 -0.896951258 -0.00105528848 -0.721507192 -0.692406118 -0.00119835627 0.693210781 -0.720733881 -0.00114167621 0.721952677 0.69194144 0.341088325 0.302918851 0.889887035 -0.999684453 -0.00215058471 -0.0250281822 -0.999565423 0.00315961568 0.0293093324 -0.99966383 0.00281426613 0.0257752091 -0.999588907 -0.00249595568 -0.0285619348 0.308741093 -0.355025619 0.882403374 -0.00103506108 -0.693992794 0.719981253 -0.0172348898 -0.0971004665 -0.995125353 -0.00681974646 -0.0687272549 0.997612178 0.00014435222 0.000206773126 -0.99999994 -0.0090355156 0.0300191771 -0.9995085 -0.00155101495 0.00571267214 -0.999982476 0.999650657 -0.00178292091 -0.0263700765 0.999721706 0.00143423467 0.0235476661 0.999705136 -0.00164485886 -0.0242278241 0.999668658 0.00157253945 0.0256935451 0.0155664226 0.999861717 0.00585146202 -0.0253417864 0.140967101 0.989689887 0.0394905172 -0.239090905 -0.970193803 -0.002895087 0.01209048 0.999922693 -0.0259845685 0.0872979239 0.995843291 -0.0195235796 0.0662547424 0.997611701 0.00085434824 -0.000123799677 0.999999642 -0.0119542843 0.0394979939 -0.99914813 0.0165138934 -0.0893010572 0.995867789 -0.0423356183 0.258480877 -0.965088248 -0.237888858 0.775656998 -0.584606767 -0.0512763672 0.278969109 -0.958930135 -0.00824473705 0.985409915 0.169997945 -0.044098042 0.996406496 0.0723153725 -0.999564469 0.0285729002 -0.00738047902 -0.0078588156 -0.0710637048 -0.997440815 0.0105386497 -0.995334208 0.0959104076 -0.00293849013 -0.00474067125 0.999984443 -0.142383903 -0.425082743 0.893885612 -0.0607135147 -0.442231774 0.894843519 -0.0604940094 -0.997958302 0.0204863623 -0.0145760821 -0.999277592 0.0350972004 -0.0146921938 -0.999217689 0.0367165804 -0.172810555 -0.982311964 -0.0721088052 0.0153277889 -0.999869168 -0.0051720459 0.308120906 0.683796287 -0.661425889 0.0232953336 -0.676208973 -0.736341476 -0.00359764532 -0.721393645 -0.69251585 -0.00479550939 0.690621436 -0.72320056 0.889780521 0.261541665 -0.374014109 0.53104943 0.576817334 0.620699823 -0.00483716931 0.729236066 0.68424505 -0.00330688525 -0.684164643 0.729320049 0.0140459323 -0.731018603 0.682212949 0.00873165019 -0.901809633 0.432045311 0.0038784598 -0.895644665 -0.444753379 -0.999676883 -0.00840106048 -0.0239909831 -0.999400437 -0.00204808731 0.0345618501 -0.999542654 -0.00252905255 0.0301354676 -0.999571681 -0.00882484391 -0.0279034395 0.00249086623 0.905220866 -0.424934059 0.00627189362 0.893209398 0.449597239 0.999019265 -0.000928008987 0.0442683436 0.998405635 -0.00231952779 0.0563982725 0.999550581 -0.0290041137 0.00757394172 0.999366343 -0.027591778 -0.0224852208 0.989725471 -0.00679183425 -0.1428193 -0.0646515265 -0.383938164 -0.921092629 -0.0705363378 -0.779516935 -0.622396946 -0.0496913642 -0.863429308 -0.502016544 -0.110736318 -0.816273987 -0.566951692 -0.067695111 -0.792568624 0.606013536 -0.0225996189 -0.983958483 0.176960438 0.339679867 -0.565875232 0.751267433 0.999819934 0.00925825723 -0.0165632255 0.992961287 0.0182814337 -0.117019743 -0.00676226942 -0.401764184 -0.915718198 0.271164626 -0.594770849 0.756780922 0.000226386983 -0.942497015 -0.334214449 0.000346922112 -0.950846076 -0.309663653 -0.219612852 -0.924741566 0.310842752 -0.710549176 -0.698747456 0.082896404 -0.182951286 -0.374548823 -0.908978522 0.997464597 0.0526301824 0.0479009151 0.997281551 0.0500136055 0.0541128963 0.999641895 -0.0184214581 -0.0194110721 0.0719294399 0.898461401 0.43312034 0.013251286 0.425664842 0.904783845 0.0836169496 0.613731623 0.785074294 0.190355226 -0.470836073 -0.861439645 0.178673774 -0.741338313 0.646910489 0.600749135 -0.619203508 0.505655468 0.351592869 -0.455908209 0.817636967 0.000765193719 -0.0224486385 -0.999747694 -0.375176728 -0.869033039 0.322527468 -0.00986263528 -0.805067897 0.593100727 -0.249128327 -0.692618012 0.676916122 -0.374387801 -0.391212553 0.840705991 -0.0116938911 -0.396302491 0.918045521 -0.0127529688 -0.265131414 0.964127958 -0.0586003996 -0.899900734 -0.432139635 0.0129997795 0.179007977 -0.983761728 0.0126306424 0.170190305 -0.985330284 0.60719353 0.22464256 -0.762136281 -0.000259067718 -0.00394157367 -0.999992192 -0.000301339373 0.000505233067 -0.999999821 0.298859328 -0.546295226 0.78246063 -0.00032519261 -0.099266924 -0.995060802 -0.0158506241 -0.889781415 -0.45611155 -0.0307752322 -0.941272855 -0.336241424 0.0478140935 -0.998057067 0.0399494916 -0.99992013 -0.0110931434 -0.00605732016 -0.993054092 -0.0167290047 -0.116463408 -0.999988556 -0.00242579612 -0.00412257388 0.0685734004 0.990788281 -0.116774648 0.115407601 0.979281664 0.166398779 0.0229544677 0.920160174 0.390868664 -0.000442804827 -0.848923981 -0.528514743 -0.000983360107 -0.368225187 -0.929736137 0.000158212031 -0.399707139 -0.916642904 -0.000158448413 -0.999288261 0.0377220102 1.36433837e-05 -0.851759493 -0.523932993 0.192343518 0.767819822 -0.611111045 -7.66339726e-05 0.00048571988 -0.999999881 0.0322293676 0.933228731 0.357834339 0.00946421083 0.971238852 0.237919241 0.101440206 0.804006696 -0.585903645 0.0508832857 -0.134552136 -0.989599228 -0.00790920667 0.803281426 -0.59554714 -0.00265057432 0.000316310587 -0.999996424 0.269544512 0.854650855 0.443754017 0.129545853 0.97385323 -0.186622113 -0.999998331 0.0010054037 0.00151918596 -0.999945939 -0.00725485105 -0.00744725345 0.999082744 -0.0253038369 0.0345462225 0.00720329816 0.00726351235 -0.999947667 -0.000337968289 0.429747969 -0.902948797 -0.00042011679 0.853349745 -0.521338701 -0.00015557163 0.426355153 -0.904555857 0.00580139318 -0.193785012 -0.981026888 0.767718196 -0.486308873 0.417267799 4.0914133e-06 7.46025853e-06 1 8.33958964e-08 -2.74247668e-07 1 2.34781737e-06 4.09553968e-06 1 -0.000222582807 0.847779572 -0.530348718 -0.000533893355 0.999595404 0.0284384415 -0.00586466631 -0.306293219 0.951919138 -0.373164088 0.918621123 0.129937544 -0.142636597 0.932329655 -0.332289398 -0.254124671 0.315396905 -0.914300501 -0.213090882 0.463115066 -0.860300362 0.00265538995 0.954153061 -0.299307346 -0.45061487 0.828071952 0.333531171 -0.0187409986 0.329097301 -0.944110036 0.153220743 0.789875984 0.593817592 0.00354481605 0.00927523524 -0.999950707 -0.0558534265 0.272645801 -0.960491896 -0.0231678896 0.00114363944 -0.999730945 -0.0264668986 0.694096625 0.719395101 -0.0262483396 0.693248987 0.720220029 -0.0200729445 0.312930584 -0.949563861 0.0232521798 0.927418113 0.373302728 -0.0845781416 0.877245605 -0.472532272 0.904011488 0.42126292 -0.0728063881 -2.71402059e-05 0.999996066 0.00280228956 0.00639707083 -0.435585022 0.900124848 -0.881079137 -0.213715658 -0.421930254 0.0504234731 -0.996272147 0.0699948519 -0.999933541 0.00574908499 -0.00999548566 -0.999850333 -0.0147367325 0.00905993953 -0.998339355 0.0167348813 -0.0551222265 -0.99989301 0.00453203125 0.0139099266 -1.66076507e-06 -3.64005768e-06 1 -0.000280109991 -0.999045193 0.0436876006 -0.0307237152 0.987534821 0.15437308 0.271362126 0.929474056 -0.249881044 -0.00861591101 -7.94630105e-05 -0.999962866 0.0290430672 -0.997663558 -0.0618374832 0.133890256 -0.966592729 -0.218567878 0.0305678323 -0.996514976 -0.0776110664 0.0221981909 0.99381578 0.108799763 0.0209426433 0.996589065 0.0798224807 0.00298826024 0.872266352 0.489021987 0.0891136155 -0.982967973 0.160725549 0.00146579463 0.0306173339 0.999530077 0.00165916095 -0.660476148 0.750845194 0.00342551433 -0.782130063 0.623105764 0.000268243981 0.0502297506 0.998737633 0.00310550048 -0.082279861 0.996604443 0.000233882238 0.0518278107 0.998656034 -0.017225733 -0.841386318 0.540159523 0.160356387 -0.984912217 0.0650670156 0.00391777372 -0.988455057 -0.151463568 0.00458093872 -0.989799201 -0.142395943 -0.0194746815 0.99224323 0.122776724 -0.00247405586 -0.99707216 0.0764266625 -0.000197920614 0.0556930602 0.998447895 -0.000554893515 0.0864641666 0.996254802 -0.0536034144 -0.994747996 -0.087196067 0.00412350101 0.989374697 -0.14532961 0.00418160856 0.989021838 -0.147710085 -0.000192189022 0.999516368 0.0310973339 -0.0154943718 -0.97572124 0.218467444 0.00292987446 -0.662235975 0.749289632 -0.00296172407 -0.769141614 -0.639071465 -0.000249816396 -0.999260128 -0.0384592414 0.00150529074 -0.171128705 -0.985247552 0.00124719774 -0.173013359 -0.984918714 -0.0534136184 -0.211865917 -0.975838006 0.00830891728 0.161276802 -0.986874223 -3.15321304e-05 0.00377767673 -0.999992847 -0.0242829695 -0.648742795 -0.760620177 -0.0252163969 -0.949500084 0.31275183 0.0292376857 -0.9902367 0.136295334 -0.0714877993 -0.709924698 -0.700640023 -0.944723427 0.264506847 0.193736285 -0.985014856 0.143314034 0.095952116 -0.986066341 0.13852939 0.0921019092 -0.999882281 0.0122247133 -0.0092698019 0.0469290428 -0.021666972 -0.998663187 0.0530460589 -0.0517547801 -0.997250021 0.0310475174 -0.987067103 0.157272473 0.00314677227 -0.0842156038 0.996442616 0.000765036209 0.984073043 -0.177762881 0.00267658429 0.112359732 0.993663967 -6.63472165e-05 0.202265918 0.979330659 -0.000255247287 0.999432981 0.0336697921 -0.00272513321 0.995896041 -0.0904637948 -0.000921946776 0.120204665 0.992748678 -4.92265053e-06 0.000724210346 -0.999999762 -0.0268125478 -0.94180727 0.335082233 -0.0206547156 0.990013659 0.139450237 0.999838591 -0.0176574476 -0.00331332698 0.982134342 -0.162490845 0.0949152038 0.988345683 -0.132666394 0.0746485963 0.941803694 -0.284948051 0.178354785 0.0450446866 0.996286511 -0.0733769834 0.0328689516 0.957945824 -0.285060376 0.0252451263 0.98682332 0.159819916 -7.62968921e-05 0.947416604 -0.320002854 0.00324831577 0.63566798 -0.771955729 -0.0148398429 0.973358929 0.228805989 0.00103013788 -0.341733187 0.939796448 0.000121823192 -0.207754716 0.978180945 0.00103273417 -0.342110813 0.939659059 -0.00411054119 -0.0200007074 -0.999791503 0.0328258649 0.140328884 -0.989560664 -0.00446803682 0.955225945 -0.295843542 -0.0026857506 0.600048363 -0.799959183 -0.0481992364 0.195679933 -0.979482591 -9.66254174e-06 0.107162654 0.994241476 -3.54357035e-05 0.105890766 0.994377792 0.00198805053 0.205210716 0.978715777 -0.000872950943 0.767969251 0.640486121 0.00347394473 0.981908321 -0.189325139 0.00814755447 0.963519812 0.267513007 -9.31650175e-06 -0.99918586 0.0403433703 -4.53187477e-06 -0.999178052 0.0405360647 -0.000321834465 -0.999614716 0.0277537908 0.000565714552 -0.0612017699 0.998125255 0.000561397173 -0.062213596 0.99806273 -0.0086724041 -0.995772302 -0.0914457142 -0.00480639981 -0.993062973 -0.117485687 -0.00544141186 -0.929087579 0.36981976 -0.0255567599 0.964862168 0.26151073 -0.0267512426 0.955055714 0.295216829 0.00024229179 0.0738648698 0.99726826 0.00509595824 -0.270439178 0.962723553 -0.00218087621 0.0071472493 -0.999972105 -0.0257731769 0.999143064 -0.0323862433 -0.0409276448 0.997457623 0.0583370999 -0.99983716 -0.00577968685 -0.017094085 -0.990812898 -0.119770013 0.0628092587 -0.987703502 -0.137156188 0.0750330091 -0.953379095 -0.256400377 0.159145176 0.0444141328 0.992901027 -0.110340029 0.0146316793 0.313205779 -0.949572563 0.014747154 0.308215976 -0.951202095 0.0389403254 0.164023146 -0.985687613 0.0250028707 -0.990827262 0.132801443 0.00422886387 -0.995639443 -0.0931888595 0.0233111177 -0.993356049 0.112695955 0.00827449095 0.961844623 0.273471057 0.00149156724 0.13372016 0.991017997 -0.00238275714 -0.113050841 0.993586361 0.00201369869 0.206462607 0.978452444 -0.00286688586 0.794544876 -0.607198656 -0.000324659544 -0.140551195 0.990073383 -0.000327596237 -0.999621153 0.0275216177 -0.00108980201 -0.433130145 0.901330709 -0.0181479957 -0.999481678 -0.026589077 0.00341743068 -0.974965692 -0.22232911 -0.0200534426 -0.999735475 -0.0112631787 -0.0567853935 0.230036184 -0.971523941 -0.0417854376 0.998620927 0.0317848437 -0.00225334568 0.00103021564 0.99999696 -0.00196085521 0.00076460978 0.999997795 0.000506129523 -0.00147561624 0.999998808 -0.554031193 0.719021857 -0.419591427 0.0148699814 0.874292016 -0.48517254 0.00904788077 0.513711691 -0.857915163 -0.00469375681 0.00324632344 0.999983728 0.998732507 0.00290536345 -0.0502489321 0.998244941 -0.00292454055 -0.0591476671 0.995835006 -0.0221458618 -0.0884430707 -0.351656348 0.499190956 -0.791925609 -0.428478956 -0.481084764 -0.76482892 -0.727888286 0.014917207 -0.685533404 0.00115232577 -0.505938292 -0.862568915 -0.545302749 -0.727413952 -0.416549861 0.999296486 0.0126966229 -0.0352896303 0.00147529214 -0.866998136 -0.498309165 -0.0085360026 0.517693102 -0.855523825 0.00504730316 0.48521477 -0.87438041 0.592607319 -0.394676 -0.702173352 -0.00481867744 0.867233872 -0.497877717 -0.0268512741 0.883267522 -0.468099922 -0.996733606 0.0085280966 -0.080308266 -0.992590845 0.0337542854 -0.116722152 -0.997573197 0.00113877293 -0.0696163327 0.261953801 -0.841372728 -0.472728342 0.0014476052 -0.503725171 -0.863862753 0.999358237 0.0311605614 0.0176672377 0.853355289 -0.469315827 -0.226996377 -0.998646975 -0.011981613 -0.0506034829 0.997561157 0.0521881208 0.04634846 0.00926813204 -0.00314067514 0.999952137 0.000812938553 -0.00319988211 0.999994576 -0.00203929748 -0.00567707978 0.999981821 0.0272753518 -0.00222901534 0.999625444 0.00450115977 -0.00128986675 0.999989033 0.00105231162 -0.856655955 -0.515887082 0.999847829 0.0170794781 0.00355086545 0.998849928 0.0371405259 0.0303226057 0.914137721 -0.367409378 -0.171355143 -0.998499334 0.00344469422 -0.0546555631 -0.996307313 0.0224904642 -0.0828604922 -0.998911738 -0.00198910479 -0.0465980619 0.0053295237 -0.065279454 0.997852802 0.00122664636 -0.0116530098 0.999931335 0.0163203925 -0.198710382 0.979922354 0.000270703691 0.000367134431 0.999999881 0.583861113 -0.405147254 -0.703535318 0.347284228 -0.824801862 -0.446201265 -0.009475586 -0.504410267 -0.863412142 0.000622099207 5.10888203e-05 0.999999821 -0.00357927149 0.509136438 -0.860678375 0.00525705982 0.490960956 -0.871165693 -0.0136936493 0.873379052 -0.486848533 -0.000463474775 0.863105416 -0.505023599 -0.0202052295 -0.868192792 -0.495815545 -0.999414265 -0.0117243985 -0.0321503878 0.00982919801 0.522614717 -0.8525123 0.0140476609 -0.50485909 -0.863087475 -0.552079916 -0.399458468 -0.731874824 0.997401953 -0.00227122405 -0.0720015615 0.996822655 -0.00714758923 -0.079331927 0.994307995 -0.0235262979 -0.10391403 0.0257762484 0.882045329 -0.470458984 0.00641389424 0.866962671 -0.498331785 -0.00174585835 0.509186685 -0.860654294 -0.0009605331 0.00066516368 0.999999344 -0.000784185017 0.000495248532 0.999999583 0.00175857916 -0.00195475598 0.999996543 0.0298977289 -0.887518406 -0.459801316 -0.156722859 -0.910825193 -0.381884098 -0.667560875 -0.699454129 -0.255198658 0.998230696 0.00628500665 -0.0591265373 -0.00348885241 0.00310125388 0.999989092 -0.999440014 -0.00104707608 -0.033445593 -0.997933447 -0.0199130792 -0.0610923506 0.689792991 0.00232313829 -0.724002957 0.693447411 0.0017347961 -0.720505178 0.732785583 -0.00479577761 -0.68044275 0.0367434658 0.995572031 0.0865231603 -0.0101387203 0.999761462 -0.0193437412 0.0218038317 0.998367429 0.0527924523 -0.707345963 -0.000295289094 -0.706867456 -0.706197381 0.000193478831 -0.708015025 -0.707083285 -0.000183438591 -0.707130194 0.70729512 0.000176261747 0.706918418 0.706230998 -0.000263736147 0.707981467 0.707603335 0.000303846842 0.706609845 0.70591253 -0.000395283598 0.708298922 0.003990761 -0.998650491 0.05178155 -0.000362099439 -0.999134481 0.041595865 -0.0103627555 -0.999781132 0.0181745868 -0.014802618 -0.999860287 0.00776770851 -0.0248567499 0.998306811 -0.0525890738 -0.666639507 0.010091343 0.745311975 -0.674162328 0.00890447851 0.738529503 -0.750452638 -0.00388807384 0.660912752 -0.756583273 -0.00498431502 0.653878391 0.736086488 -0.00536135444 -0.676866293 -0.705932796 0.000305910566 -0.708278716 0.99802947 0.0615836419 0.0120259495 0.991273463 -0.0260349642 -0.129224837 0.998728216 0.0450676866 -0.0226023681 -0.0814881399 0.731095612 0.677391231 -0.0544659011 0.145240813 0.987896025 -0.00981853716 0.0778449774 0.996917129 0.000817390217 0.999996662 0.00245158025 -0.205745503 0.510923386 0.834641278 -0.0717259422 0.0549566746 -0.995909214 -0.0178446621 0.00106870884 -0.9998402 0.00420314306 -0.314818174 -0.949142694 -1 0 0 -0.999977887 -0.00659973035 0.000796429173 -0.999968767 -0.00665184902 -0.00426595146 0.974303603 -0.0386919044 -0.221890554 0.99270004 -0.0452171788 -0.111812338 0.0772718266 -0.219844311 -0.972469807 -0.0206694342 -0.349119186 -0.936850369 0.0968957916 0.27697444 -0.955979288 0.0206784923 -0.321798146 -0.946582437 -0.999701202 -0.00441929232 -0.0240403283 -0.999997735 0.00168870215 -0.00127538561 0.956281722 0.0255138967 -0.291332036 0.996150613 0.0265560504 -0.0835386589 0.998161376 0.0306701064 -0.0522799268 0.99836725 -0.0551592857 -0.0148405218 0.11639075 0.234267518 -0.965179741 0.0924735591 0.294856817 -0.951056302 0.0254587103 0.0725069642 -0.997042954 -0.00205688691 -0.999798119 0.0199882388 -0.000311949349 -0.999664903 0.0258834977 -0.00769244786 -0.999969959 0.000941561942 -6.01097345e-05 0.0514641553 -0.99867487 0.0133880265 -0.0748541802 0.997104585 0.0017148226 -0.187064156 0.982346177 -0.0221386589 -0.16169773 0.986591995 -0.999990642 -0.000806915283 0.0042433599 -0.999992311 0.00336526008 0.00201180065 -0.999985218 -0.000581782311 0.00540295336 0.0390264392 -0.0618432872 0.997322559 -0.00934478547 -0.999945521 -0.00464490894 0.998082697 -0.0618844628 -0.00108793215 0.165458873 0.188768402 -0.967982352 -0.0235878993 -0.333164245 -0.942573726 0.0304176304 0.0543989949 -0.998055875 0.999999881 -9.19372469e-05 0.000441127515 0.999999881 0.000163026139 0.000454667723 0.99999994 0.000417761737 4.25120415e-05 -0.0510109551 0.310994029 0.949041963 0.0176377278 0.236357972 0.97150594 -0.00934984628 0.228427991 0.973515928 -0.988397181 -0.0269578267 -0.149480045 -0.990973115 -0.0139086377 -0.133337349 -0.991420925 -0.0367721133 -0.125428557 -0.0519220456 -0.316509038 -0.947167456 -0.631660283 -0.165889591 -0.757288575 -0.0190162081 -0.358540267 -0.933320582 -0.671191454 0.202486753 -0.713092625 -0.0195252858 -0.101321578 0.994662106 -0.00115298259 -0.0231370721 0.99973166 -0.906344533 0.00166314072 -0.422536135 0.999646544 0.00745566515 -0.0255187768 0.999999523 -0.000584180467 -0.000746094622 -0.999907851 -0.0095271226 0.00967020076 -0.999995589 -0.00196246617 -0.00222640997 0.998903751 0.0246852655 -0.0397731662 0.999991119 0.0042097806 -6.97380237e-05 0.0278663784 0.358018965 -0.933298409 0.00943866 0.479963183 -0.877237856 -0.999026835 -0.00118728448 0.0440908261 -0.166147426 0.16609776 0.972011626 0.0697287545 0.381829798 -0.921598554 0.00389554771 -0.733973622 0.679166853 0.999879837 -0.0021109269 0.0153574869 -0.000281031069 -0.992416501 0.122920528 -0.0154269505 -0.984364986 0.17546396 -0.00619610352 -0.696530521 0.717500389 6.30850991e-06 0.0281852651 -0.999602735 0.027674431 0.0524972118 -0.99823755 0.999831021 -0.00157031522 0.0183162801 0.986390293 0.00740459654 0.164254129 0.987437904 -0.0368729457 0.153645054 0.983609498 -0.0300893504 0.177783519 0.154599458 0.2804434 -0.947338641 0.0791999698 0.117346555 -0.989927828 0.0987497643 0.217129707 -0.97113502 0.0824315473 0.0352244005 0.995974064 0.0207829196 -0.292680919 0.955984294 0.0705377758 -0.284546494 0.956063688 -0.999985337 0.00175128551 -0.00512164412 -0.999997795 -0.00161815947 -0.00131741294 -0.999999166 0.000573128171 -0.0011821253 -0.00106277992 0.999993205 -0.00352194579 0.0555358417 -0.370598555 0.927131295 0.0257117916 -0.321534067 0.946548879 0.932821095 -0.0312393066 0.358983248 0.980514884 0.0222260915 0.195183367 0.996686041 0.0189804006 0.0790990293 -0.999844015 -0.0089298673 -0.015240158 0.00530025316 0.339133322 0.940723419 -0.0124959834 0.353910685 0.935195744 -0.0127609 0.414477646 0.909970045 0.0498031676 0.270914853 0.961314082 -0.998353481 0.0103245312 0.056424804 -0.999887288 0.0127220144 0.00796907023 -0.999905646 0.0135744233 -0.00211027265 0.0586946048 -0.114232183 -0.991718709 0.171001583 -0.31743297 -0.932735085 0.0844338015 -0.22358422 -0.971020639 0.998425901 0.0265835896 0.0493860319 0.998162866 -0.0170089584 0.0581516586 0.0546960272 -0.0175384823 0.998349011 0.130119279 -0.095779784 0.986861289 -0.9999699 -0.00339308591 -0.0069735446 -0.999982357 -0.00265735947 -0.00531443721 0.149055377 0.103286706 0.983419716 -0.999975443 0.00244009425 -0.0065700775 0.0625258535 0.0643667057 -0.9959656 0.0255985893 -0.061063502 -0.997805595 -0.00127906725 -0.999985278 0.00527862832 0.000993814785 -0.00726101128 0.999973118 -0.0703650191 -0.087217249 0.9937011 -0.0919626579 -0.35891512 0.928828716 -0.0164739192 0.975534797 0.219227061 -0.0704559386 0.9972651 0.0223223362 -0.00161469914 0.962469399 0.271385342 -0.99831903 0.0352580547 -0.0459995046 -0.996923089 0.0448841155 -0.0642631128 -0.999068201 -0.0201508421 0.0381659754 -0.0914694592 -0.314251095 0.944923043 -0.998884857 -0.0414879173 0.0225349702 -0.55877018 -0.0404508635 0.828335464 -0.0570795164 -0.327775449 0.943029821 0.999984503 0.000609504874 -0.0055343844 0.999994278 0.00107345369 -0.00320941489 0.99999553 0.00105330814 -0.00279571302 -0.0418441184 0.100075774 -0.994099557 -0.0504443385 0.0912250057 -0.994551837 -0.0777541175 -0.15322344 -0.985127866 -0.637459159 0.15271841 0.755197287 -0.99149251 0.015530657 0.129233986 0.99999696 0.000782365736 -0.00232639979 0.999916852 -0.000838093983 0.0128657771 0.999999523 0.000616632344 0.000763965887 0.999991953 -0.00206671515 -0.00344325299 0.999982595 -0.00286182086 -0.0051614251 -0.0758666918 -0.742254794 -0.665809333 -0.210888028 -0.531719327 -0.820244312 -0.992000997 0.0201782566 0.124606721 0.999978602 0.000343742897 -0.00653345184 0.0461789109 0.13008818 -0.990426481 -0.00508516468 0.186691299 -0.982405484 -0.0862198696 0.995570302 -0.0374960825 0.043816153 0.338441283 0.939966798 0.00652142288 -0.0971011668 -0.995253146 0.999998927 0.00105705671 0.00103261869 -0.0405943729 0.328206182 0.943733454 0.0012494151 -0.999996245 0.00245020958 -0.0890562758 0.0444794893 0.995032966 -0.0563887618 0.0113764601 0.998344064 0.519408107 0.560796976 0.644765019 0.511176288 -0.0112163937 0.859402716 0.685616136 0.582212925 0.436988086 -0.236734182 -0.171787262 -0.956266761 -0.557697535 -0.166077361 -0.813259959 -0.379501551 0.371161729 -0.847477138 -0.039527528 0.614974201 0.787555873 -0.998460174 0.000176814967 -0.0554731525 -0.96583277 -0.257578254 0.0286450628 -0.995862544 -0.0778295249 0.046908088 0.484898031 -0.865109146 0.128296867 0.993451357 -0.0709834844 0.0895303711 0.953482807 -0.274215668 0.125204951 -0.873784184 -0.47781083 0.0905429721 -0.00430692127 -0.568120062 0.822934449 0.112050191 -0.630897522 0.767732382 -0.000670668611 -0.190465257 0.981693685 -0.0243471898 -0.804717541 0.593158364 0.864657521 -0.330446512 0.378381431 -0.446536601 0.792010188 -0.416323036 0.269834608 0.921390176 -0.279695213 -0.312775463 -0.0375187919 0.949085772 -0.0841797069 -0.643249154 0.761015296 0.088635847 0.7073102 -0.701324463 -0.120028034 -0.984208584 -0.130102828 0.114642762 0.993272305 -0.0163438283 0.526045442 -0.781847239 -0.334650695 0.998776555 0.0120636439 -0.0479563661 0.195861474 0.975785911 -0.0973662287 0.738805652 0.659160316 0.140263498 0.0192133784 0.00845313538 0.999779642 -0.00430967147 -0.0266906153 -0.999634445 0.0308149364 -0.0960582495 -0.994898617 0.0183544699 -0.082378678 -0.996432066 -0.00204520323 -0.0374904163 -0.999294877 0.201089919 -0.979403019 -0.0182361584 -0.425355166 0.903987348 0.0433566049 -0.20416753 0.971895516 0.117195249 -0.717586994 0.535345078 0.445504844 -0.797358692 -0.187535971 0.573628306 0.987544596 0.0146619771 -0.156654552 0.984011114 0.00800566282 -0.177926928 0.995208383 0.0349007472 -0.0913354307 -0.997413814 -0.0127899349 -0.0707259402 0.473847479 0.879522741 0.0436844565 0.0591259487 0.968184412 -0.243152469 0.985416353 -0.16659157 -0.0346683785 0.966155648 -0.072611779 -0.247529343 -0.994549155 0.102247566 -0.0204318557 -0.991916597 0.125788048 -0.0166985821 -0.993850231 0.109027214 -0.0193588324 0.982856631 -0.139026076 -0.121097401 -0.259508878 0.940794349 -0.218085185 0.522316933 0.109771796 -0.845656633 0.848947585 0.0198381469 -0.528104603 0.694253862 -0.0392993353 -0.71865648 -0.0356317945 -0.0313144401 -0.998874247 -0.981251538 -0.168545008 -0.0934771225 -0.30602771 -0.929673076 0.205073163 -0.553616464 -0.830894411 0.0558857992 0.994980931 0.0480358936 0.0877812058 -0.957486987 0.145231649 0.249251813 -0.882935882 0.0716089234 0.464000463 -0.699990094 0.666647196 -0.256116122 0.454676718 -0.863526881 0.218152285 0.885982752 -0.451307684 -0.106564544 -0.866156697 -0.474559814 0.156733915 0.0695985407 -0.190626666 -0.979192257 -0.00494880881 -0.0211600792 0.999763846 -0.0198768191 -0.0107417069 -0.999744713 -0.999103665 -0.0262188781 -0.0332332216 -0.0544750765 -0.966557443 -0.250597596 0.996759415 0.0418446623 -0.0687004253 -0.990827203 0.134260133 -0.0153498333 -0.496983618 0.864463389 -0.0755667016 0.988638461 0.124858409 0.0836920962 -0.75133574 -0.0115061142 0.659819782 -0.866704762 0.0896488205 0.49069947 -0.943671048 0.106536552 0.313264936 7.80133405e-07 7.26996916e-07 -1 2.16288231e-06 -2.28812652e-07 -1 4.89847537e-07 -5.89658313e-08 -1 -7.34649689e-07 2.91310869e-07 -1 -4.74009653e-07 2.34582259e-07 -1 9.36389632e-09 -2.2894487e-07 -1 -1.32622617e-07 -4.53028832e-07 -1 9.38670041e-07 8.48267689e-07 -1 3.17524518e-06 4.35237143e-06 -1 0.906661212 -0.411379039 0.0934491903 0.979486406 0.201392144 -0.00690012518 0.984458923 0.174050227 0.0233921204 -0.00593084143 0.00271400646 0.999978721 -0.00391629711 0.0144932708 0.999887288 -0.00593148079 0.0112242326 0.999919415 -0.00725088269 0.0046318681 0.999962986 -0.00727174757 0.000821583322 0.999973238 -0.00436879927 -0.00603773445 0.999972224 -0.0043287538 -0.00926484913 0.999947727 -0.00891790446 -0.00272008101 0.999956548 -0.00336784311 -0.00519817509 0.999980807 0.521989346 0.851496398 0.0498097278 0.618153453 0.785830736 0.0188765284 -0.0571576059 0.996299922 0.0641827732 -0.230189025 0.9730106 0.0162275955 -0.549728572 0.83131659 0.0819223523 -0.808422208 0.585707426 0.0583126806 -0.965662241 0.258707881 0.0238043796 -0.999884844 0.00844821986 -0.0126057351 -0.845797539 -0.530907571 0.0525707342 -0.966663122 -0.255708963 0.0132422959 -0.567355394 -0.822009742 0.0490700081 -0.284107983 -0.948615253 -0.139326215 0.216039374 -0.976354957 -0.00761664426 0.0741388202 -0.99697113 0.0234952681 0.769114077 -0.637021065 0.0516502 0.819548666 0.556308568 -0.137334481 0.938970625 0.321964711 0.121131875 0.980394304 0.105994456 0.166109085 -0.00274560088 0.0510755442 0.998691022 -0.98589468 -0.0826434195 -0.145539612 -0.959000111 -0.277443379 -0.0578268878 -0.869537532 -0.466271073 0.162775323 -0.985033572 0.156653807 -0.071892038 -0.951068878 0.307165623 -0.0334249064 0.914172769 -0.399916023 0.0659950227 0.457274675 -0.767225087 -0.449739337 0.460893005 -0.855744123 -0.235116139 -0.999871731 -0.00353104738 -0.0156219564 0.998873591 0.0425152369 -0.0210723076 0.0506501943 0.99859339 -0.0156779978 0.115287639 0.993332088 0.000262344227 0.127531841 0.991828978 0.00329613569 -0.0965326503 -0.994478464 -0.0411580056 -0.0146708125 -0.999714315 -0.0188687649 -0.111763656 -0.992702067 -0.0452931598 -0.999839365 -0.00583456596 -0.0169456024 0.754812658 -0.653537929 -0.0560890622 0.00272223866 0.996569633 -0.0827134624 -0.0335977934 0.996614695 -0.0750355795 -0.194073617 0.980181634 -0.0397409312 0.10907656 0.0611889064 -0.99214828 -0.600471079 0.671613216 0.434016317 0.918650806 0.00327410502 0.395056963 -0.02412894 -0.198081985 0.979888439 -0.998481154 0.0534289069 -0.0134420991 0.00410851697 -0.999897182 -0.0137404157 0.999752998 0.00367566757 -0.0219179057 0.0365507193 0.999148548 -0.0191384461 -0.974016309 -0.226471364 0.00170991092 0.289803296 -0.954317331 -0.0727495477 -0.242440119 0.969743192 -0.0286511928 -0.00157497253 -0.00197462481 0.999996781 0.00875248294 -0.0119976653 0.999889731 0.0080732787 -0.011338504 0.999903142 0.016267186 0.960180461 -0.278906614 0.011657428 0.829784989 -0.557961404 0.0173958503 0.964506209 -0.263486505 -0.99337095 0.0135422079 -0.114152111 -0.994148135 0.0144456355 -0.107054904 -0.998280764 0.0210657958 -0.0546967015 0.167116791 -0.0446319282 -0.984926403 0.372735351 -0.00575700961 -0.927919865 0.729643404 0.0455077179 -0.682311893 0.998510778 -0.0523272604 0.0154318959 0.998447955 -0.0553231426 0.00640501501 0.998190939 -0.0437235348 0.0412690751 -0.930460155 0.00927420426 -0.366275638 -0.994315565 -0.0559805967 -0.0905691832 -0.997237086 -0.0727516264 -0.0150139118 0.0185649842 -0.021520257 0.999596 -0.0557855889 -0.988815069 -0.138321027 -0.0732156634 -0.980115116 -0.184428364 -0.0191654619 -0.99895364 -0.0415247791 0.0217009615 0.813475013 -0.581194818 0.0352535248 0.799765766 -0.599276185 0.0671367794 -0.0457510948 -0.996694267 0.0489171706 -0.0322551131 -0.998281896 0.998029649 -0.0419124104 0.0466916673 0.00430856878 -0.999781132 0.020471435 -0.879841864 0.0366945863 -0.473847926 -0.998573065 0.0218135081 -0.0487439185 -0.0278038401 -0.998735845 -0.0418773144 -0.973323643 -0.0597864613 -0.221509993 -0.994433165 -0.0315202773 -0.100544117 -0.989941418 -0.0397656932 -0.135774389 -0.169656724 -0.0102633322 -0.985449791 0.0226873755 -0.00861215219 -0.999705493 0.300143629 0.0568131097 -0.952200651 0.00889807008 -0.00882316846 0.999921501 0.0390770063 0.0193032753 0.999049723 0.0105478382 -0.00728635443 0.999917805 -0.018614741 -0.0344394371 0.999233425 0.0321742296 -0.0154365143 -0.999363065 0.985493183 0.0196193997 -0.168577343 0.997947216 -0.0532390364 0.0355937071 0.999198735 -0.0399741046 -0.00198283512 0.974831462 0.038153328 -0.219654068 0.00303690601 -0.993036807 0.117765509 -0.0752555504 -0.993537843 -0.0849652737 -0.0245455764 -0.998596132 0.0469390526 -0.21209003 0.00595880719 -0.977231979 0.652315855 0.13741523 -0.745386481 0.00570932496 0.999360502 -0.0352994278 0.00624266034 0.999081194 -0.0424008332 0.00626929011 0.999065876 -0.0427554734 0.00564255705 0.999391854 -0.0344105586 -0.967444777 -0.0651557818 -0.244551197 -0.997000813 -0.00518221594 0.0772175938 -0.0948049799 -0.986103833 -0.1364232 0.0425055735 0.0184279829 0.998926282 0.0351002552 0.0109767625 0.999323487 0.0348997973 0.0107750976 0.999332726 0.885150731 0.0461318791 -0.46301195 0.982890427 -0.0506531857 -0.177089289 0.973911703 -0.0354807079 -0.224136248 -0.00220954721 0.00991148036 -0.999948442 0.0488357507 0.423031449 -0.904798031 -0.171754658 -0.681655169 -0.711228907 0.846128821 0.0700202957 -0.528358936 -0.996340036 -0.0504689254 -0.0689881295 -0.983035028 -0.0936778709 -0.157691374 -0.995621681 -0.0455184467 -0.0816429406 -0.109114841 0.994023919 0.0032302998 -0.0401515067 0.982982576 0.17925702 0.0632405132 -0.790372849 -0.609353304 0.1748503 0.142166004 -0.974277258 0.15542534 -0.0215036701 -0.987613559 -0.609676659 -0.673420191 -0.418090463 -0.146880209 0.986370385 -0.0741600618 -0.00109744235 -0.96071893 0.277520955 0.0272223968 0.00305302115 0.999624729 -0.999538541 0.0185441375 -0.0240585934 -0.999903619 0.00923292525 0.0103691984 -0.999781311 0.00667444291 0.0198191684 0.0123577239 0.0196716972 -0.99973011 0.0068906364 0.0149761047 -0.999864101 -0.0214270409 -0.00935301464 -0.999726653 0.918201685 -0.0231719669 -0.395434827 0.913335562 -0.0263659451 -0.406353205 0.937883079 -0.00912135374 -0.34683162 0.00120108179 -0.997358203 -0.0726306736 0.00145192433 -0.997592568 -0.0693322793 -0.00311525515 -0.991609097 -0.129234985 0.0168113429 0.999651432 -0.0203555766 -0.99695313 0.0212517288 -0.0750519857 0.0396820754 0.0431330763 -0.998280942 0.0320978947 0.0277775936 0.999098659 0.0161189195 0.0123839229 0.99979341 0.0151772266 0.01147677 0.999818981 -0.0955236778 0.951760352 -0.291594744 -0.074492991 0.961081624 -0.266031802 -0.154035389 0.919519722 -0.361602783 -0.999103963 0.0218385532 -0.0362531357 -0.0115324128 0.982048094 -0.1882779 -0.000625917397 -0.00374589511 0.999992788 0.998892426 0.0160589963 0.0442265049 0.997113943 0.0220345687 0.0726518854 0.903850555 -0.0823367611 -0.419850916 0.871222496 -0.0955430567 -0.481500715 0.941205621 -0.00653132889 -0.337771058 -0.00375116267 -0.990487754 -0.137549892 -0.722798049 0.00263611786 0.691054285 -0.751972914 0.007138432 0.659155309 -0.975292206 -0.135995105 0.174098864 -0.842498541 -0.520545125 -0.138668641 -0.965808928 -0.229650289 0.12030711 -0.984728694 -0.166190416 0.0518670268 -0.61871767 0.784934521 0.03265398 -0.831874073 0.552330077 0.0540095456 -0.345975995 0.937726676 0.0311341863 -0.244957358 0.969531655 0.0020594541 -0.707256079 -0.553100169 0.44030562 0.524733961 -0.0443115421 -0.8501122 0.587412477 -0.019262379 -0.809058428 0.617746413 -0.00653528469 -0.786350191 0.477892697 0.877449155 0.0412492342 0.351334542 0.93269521 0.0815090835 -0.283246279 0.928402543 0.240499943 -0.00993557181 -0.950091183 -0.31181404 0.376589209 0.920821071 0.101336487 -0.990167618 0.06946145 -0.121421412 -0.999542296 -0.0205592569 -0.0221931376 -0.999401867 -0.0183336139 -0.0293224305 0.691065729 -0.0226362497 -0.722437322 -0.96640116 0.151717916 -0.207486093 -0.984812498 0.0304975081 -0.170921624 0.987454534 -0.152421579 -0.0412455425 0.984237432 -0.166779265 -0.0588334277 0.990660608 -0.126385257 0.0511694439 0.862352252 0.442494184 0.246063903 -0.417170733 0.872171581 0.255509973 -0.980967402 -0.0989836454 -0.167048439 -0.916317463 0.368341655 0.15711996 -0.899080634 0.401936084 0.173497438 0.39379546 -0.509814918 0.764862001 0.505766511 -0.0515919216 -0.861126304 0.893913507 -0.00393405464 0.44822225 -0.00878107268 -0.715051949 0.699016154 0.974524796 -0.193716049 -0.113028795 -0.953124821 0.0145630911 0.302226663 -0.480814666 -0.0572466142 0.874951482 0.960696876 -0.207199812 0.184742466 0.987847865 -0.148969114 0.0443257429 -0.963412225 0.218638659 -0.155029282 0.996037841 0.0345058776 0.081963405 -0.131230012 -0.988050401 -0.0808402002 0.608715355 -0.753325939 -0.248928919 0.906603396 0.400481522 0.132984385 -0.000292640907 -0.714203894 -0.699937701 0.00292880717 -0.759903193 -0.650029659 -0.00756306248 -0.875662863 -0.482863754 0.999691427 0.0203604978 0.0142305018 0.999999702 3.0219855e-05 -0.00075486413 0.999998569 0.00164201821 0.000439409836 -0.690537453 0.648200154 0.32092759 -0.0765480176 0.851973593 0.517958879 -0.0379657783 0.912391543 0.407554001 -0.497575372 0.685311437 0.531758368 0.654836535 0.467684418 0.59368372 0.999948263 0.00413810182 0.00929341279 0.676155806 0.0933727846 0.730817914 0.483062416 0.25957188 0.83622551 0.99999851 0.00116247777 0.00126525736 -0.999961495 0.004092074 0.0077659823 -0.999974906 0.00671912497 0.00224215793 -0.999700606 0.0244571231 0.000709189684 -0.999870658 0.0154900784 0.00433007814 -0.999995291 -0.00215924438 0.00216900441 -0.999997079 -0.000487145793 -0.0023736814 0.00682464335 -0.924703598 -0.380626649 0.00595894922 -0.996024787 -0.0888767093 -0.00990761817 -0.992836177 -0.119072042 -0.999996841 -0.00207550614 -0.00140663027 -0.999747396 -0.0208580252 -0.00837162044 -0.661476016 0.326821685 0.675008893 0.0025274551 -0.902155101 -0.431404382 -0.000230327714 -0.907865822 -0.41926071 -0.102240749 0.867331803 0.487116396 -0.999963939 -0.00302666333 0.00793691631 0.656415761 0.737992704 -0.156477138 0.999997795 0.00142865453 -0.00153542962 0.999994457 -0.00316800806 -0.00104018417 -0.0123136304 -0.947539568 0.319401234 -0.000221005161 -0.791526377 0.611135006 -0.00573030813 -0.759387195 0.650613725 -0.0247406792 0.88512814 -0.464689195 -0.0635796189 0.866872489 -0.494458973 0.353883445 0.826008141 -0.438722014 0.652785242 0.535749018 -0.535578609 -0.0611408465 0.757393122 -0.650090337 0.999692261 -0.0243907124 0.00452105561 0.99764967 0.0241089556 -0.0641397238 -0.0121143637 0.366766483 -0.930234134 0.00157583703 0.117901735 -0.993023992 -0.0175180957 0.215415403 -0.976365387 -0.669088662 0.350565583 -0.65530467 -0.0128305871 0.876158118 0.481853008 -0.999936342 0.00506302947 0.0100830924 -0.99963665 -0.0265866164 0.00444653584 0.00106189901 -0.984743178 0.174010903 -0.00313709024 -0.916007757 0.401148349 -0.764259517 0.561463654 -0.317279041 -0.0655323267 0.695498705 -0.71553266 0.00462141866 -0.916044831 0.401049256 -0.000344766013 -0.905506194 0.424332976 -0.000431672961 -0.999999166 -0.00124045776 -0.999920845 -0.00571143953 -0.011210693 -0.00492104236 0.983210027 0.18241103 0.940242529 0.290067106 0.178339899 -0.0475195684 0.673064768 0.738055408 -0.0117789777 0.176353216 0.984256446 9.6550968e-05 -1 0.000187829617 -9.58664532e-06 -0.999999881 0.000491659215 -0.999576211 -0.0206934791 0.0204733852 0.937188447 0.133069888 -0.322444081 -0.000541150977 -0.999999404 -0.000931790913 -0.999928713 0.0117557757 0.00208198931 -0.493200243 0.723440051 -0.48310253 -0.998437285 -0.0453306399 -0.0326815136 0.152610034 -0.895062745 0.419014096 -0.0914465338 -0.866907835 0.490008473 0.652225137 -0.741085708 0.159356013 0.661165476 -0.610346317 0.436276913 -0.0117423544 0.974167526 -0.225521073 -0.00986738224 0.990300536 0.13859126 0.00653813407 0.997142494 -0.0752605274 -0.00874359719 0.835307598 -0.549713314 0.00454577524 0.919977009 -0.391945928 0.999996006 -0.00282588066 -2.62659469e-05 0.999994695 -0.00218408997 0.00242865435 0.999965727 0.00338617922 0.0075525064 0.658644915 -0.204685017 0.72407937 -0.536196172 -0.307284683 0.786174119 0.328005046 -0.596291184 0.732700169 -0.586434186 -0.556175888 0.588866115 -0.0208570603 -0.753002703 0.65768683 -0.00962636247 -0.865978539 0.499988467 -0.0525510944 -0.719426334 0.692577899 -0.999896944 -0.0124106091 0.00721281301 -0.99990499 -0.0102574993 0.00920565613 -0.998814881 -0.037683852 0.0308014508 -0.999737859 0.0199928824 -0.0111569464 -0.999885201 -0.00292220665 -0.0148688471 -0.999820769 -0.00520441448 0.0182033069 -0.999594212 -0.00980507955 0.0267444197 -0.0916859657 -0.866031408 0.491511196 -0.99419868 -0.0665680617 0.0844844505 0.000508330239 0.916800201 -0.399345845 -0.00428187707 0.924829066 -0.380358815 0.0023857716 0.775702715 -0.631093979 -0.999827981 0.0179678835 -0.00460465439 0.99999404 -0.00311600603 0.0014833957 0.999925196 0.012226793 0.000300728163 0.660323083 -0.481964678 -0.575919628 0.999893963 -0.0139631554 -0.00413146662 0.999687374 -0.0249391515 -0.00179165392 -0.00292750145 -0.971709907 -0.236159399 0.0976375863 -0.89088881 -0.443603486 0.461890936 -0.275364578 -0.843107998 -0.678297698 -0.499004483 -0.539357781 0.00547846314 0.920372427 0.391004503 -0.000665142026 0.901093125 0.433625162 -0.00045552518 0.999999881 0.000224313771 -0.444384754 -0.322900862 -0.8356179 -0.104275934 -0.866866112 -0.48751381 0.463165551 -0.762788594 -0.451255143 -0.999995708 -0.000521488721 0.00288381753 -0.999975562 -0.00566738378 -0.00409975601 -0.060555622 -0.681589067 -0.729225218 -0.00324131711 0.72079879 0.693136752 -0.669893861 -0.133420423 -0.730370581 -0.999961078 -0.00633340562 -0.00614107959 -0.99990654 -0.0126811536 0.00510649709 -0.999934494 -0.00777008338 -0.00840595923 0.999698639 0.019333614 0.0151284393 0.00249636802 -0.0493077673 0.998780489 -0.00598494103 -0.106903382 0.99425137 0.00115366769 0.999992847 -0.00360251754 -0.0138977729 -0.871639907 -0.489949673 -0.000462750904 0.999999344 0.00104749389 0.999952734 0.00597204175 -0.0076734568 0.673292577 -0.0825554803 -0.734752834 -0.998735845 -0.0119501147 -0.0488247834 0.00781229232 0.808056951 0.589052558 -0.00702072447 0.888572454 0.458682507 0.00881827157 0.956489027 0.291634977 -0.108882941 -0.871068239 -0.478941202 -0.000677648874 0.999999702 -0.000408950611 0.0424148142 0.614484489 0.787787914 0.0312773101 0.548578143 0.835514069 0.771736324 0.532895982 0.34705168 0.0124454042 0.858578742 0.512530625 0.0551503636 0.970068693 0.23648493 0.00505101541 -0.992629349 -0.12108437 -0.00498917932 -0.999486268 -0.0316592678 -0.00450422987 -0.93843931 -0.345414877 -0.00142321934 -0.781183541 -0.624299824 -0.00259242533 -0.777495623 -0.628883064 0.999982774 0.00278291805 0.00516944146 0.655952752 0.347770631 0.669911623 0.999995768 0.00242721755 0.00160733564 0.99995321 0.00860680174 0.00441013137 0.999646842 0.0257657655 -0.00650396384 0.999952197 0.0097785946 0.00011615143 -0.639883339 0.151738375 0.75334245 0.00216583628 0.1575986 0.987500906 0.999987423 -0.00288117002 0.00411006901 0.562033176 0.703554928 0.434889913 0.000923905929 -0.92840457 -0.371569812 0.0936883762 0.868122876 0.487427145 -0.656314135 0.499783128 0.565215528 -0.304676026 0.374267757 0.875840247 0.0687422976 0.762214184 0.643664539 -0.00243468396 -0.909670055 -0.415324479 -0.999964178 0.00278510479 0.00799073745 -0.999994099 0.00264217192 0.00220368453 -0.999826849 -0.00319585367 0.018332243 0.999489725 0.0313100591 -0.00631928351 0.993975639 0.0667463243 -0.086933054 0.997406483 0.0282963738 -0.0661785975 0.999942958 0.00883700885 -0.00600010296 0.9999547 -0.00913512707 -0.00266542565 0.999997437 0.00220634695 0.000478579663 0.00132650312 -0.72019285 0.693772674 -0.00730000203 -0.924764752 0.380469263 -0.0120599335 -0.831700683 0.555093229 -0.429102182 0.809886456 -0.399944037 0.0802579075 0.757094741 -0.648356557 0.0738006234 0.80968684 -0.582203329 0.0801689997 0.797014892 -0.598615229 0.999876082 0.0125060631 -0.00956133753 0.999636948 0.0145837748 -0.02265542 0.993625283 0.0484075472 -0.101811379 -0.659708858 0.473086625 -0.583929181 0.0237249937 0.35715276 -0.933744609 0.00571691152 -0.987838805 0.155376256 -0.0073269452 -0.965313017 0.260992438 -0.999993205 0.00253324606 0.00268038339 -0.999997497 -0.00224301638 -2.37261738e-05 -0.999961913 0.0078783147 -0.00375395012 -0.148673788 0.957708597 -0.246354133 -0.746420264 0.662735045 -0.0603244416 -0.426291674 0.256293595 -0.867518902 0.00602765055 0.11785832 -0.99301213 -0.688239992 0.0587577336 -0.723099768 -0.999995887 -0.00262812315 0.00112318096 -0.999994993 0.00296834134 0.00111339008 -0.999982059 -0.00394894229 -0.00450118864 0.999582589 -0.024920268 0.0146163683 0.000414034497 -0.914436817 -0.404728413 -0.000253244099 -0.999999285 0.00118238211 -0.00130918017 -0.999990284 0.00420265133 -0.999991834 0.00293631852 0.00276665366 0.0103407241 0.897249758 -0.441402256 0.00332275429 -0.893505573 0.449039757 0.000303238863 -0.999999821 0.000469627004 0.000256934873 -0.999999762 0.000602273038 0.000716695911 -0.901216507 0.433368593 -0.933094442 0.333254874 -0.135188401 0.792417228 -0.490709782 0.362324268 0.0675491318 -0.830941021 0.552244663 0.016337052 -0.900880873 0.433758914 0.999996662 -0.00255624973 -0.000318523147 0.99998939 -0.00453661382 0.000794408785 0.999999583 -0.000890844211 0.000177114984 0.00254110573 0.983598292 -0.180354938 -0.00690913852 0.9965446 0.0827716962 0.000902977423 0.991219521 0.132223651 0.999985754 -0.00533363223 0.000132178102 -0.646176636 -0.745043576 0.165426314 -0.00620017201 0.926549196 -0.376122445 -0.00892264955 0.835873783 -0.548849165 0.00350890844 0.74858582 -0.663028598 0.677691102 -0.501484692 0.537817657 0.364419878 -0.823491752 0.434809744 -0.165922612 -0.89057982 0.423482329 -0.649403512 -0.627055943 0.43020454 0.00460748468 0.899392068 -0.43711862 -0.00711076567 0.965948522 -0.258636564 -0.996795177 0.0702800229 -0.0382109173 -0.999976397 -0.00353222038 0.0058893268 -0.652852237 -0.740106046 -0.161328658 -0.999982834 -0.00585471699 0.000124746628 0.378678471 -0.271743119 0.8847363 -0.467821509 -0.316635966 0.825157404 -0.677700222 -0.0971859843 0.728887677 -0.999942303 0.00945686363 0.0050990358 -0.668123126 -0.492335379 0.5578686 0.00124343694 0.908300221 -0.418317109 -0.999979973 0.00478424877 0.00414658012 0.999987125 -0.00176589331 -0.00475194165 0.999999285 -0.000788918929 0.000901861815 0.79224354 -0.489984304 -0.363683254 0.0324225873 -0.758266509 -0.651138008 0.0829497278 -0.858771741 -0.505599022 0.0123433694 -0.899272799 -0.437213957 0.999964654 -0.000229049707 -0.00840797555 0.677758038 -0.496520728 -0.542320192 0.330186874 -0.829095304 -0.451195747 0.000138278891 0.900535345 0.434782833 -5.51892335e-05 0.901193798 0.433416426 3.0191426e-05 0.999999702 -0.000788557343 -0.00551638938 0.897878647 0.440208554 -0.00172299775 0.889055371 0.457796484 -0.999996543 -0.0022199424 0.00139142096 -0.00210728683 0.722322941 0.691552699 -0.000503413903 0.718014777 0.696027637 -0.9999668 0.00814045407 -0.000364844018 -0.685061753 -0.0795847625 -0.724124789 -0.650876462 -0.529840767 -0.543717325 -0.356221765 -0.825845718 -0.437132627 -0.504506946 -0.29399395 -0.811812997 0.99999404 -0.00233478425 0.00254290714 0.698755562 -0.0598859526 0.712849438 0.999899685 0.013760034 -0.0033672119 -6.55365948e-05 1 -0.000179657975 0.000414619251 0.999998689 -0.00156456477 0.436735511 -0.293321908 -0.850426018 0.673017502 -0.106346242 -0.731941223 0.000428200176 0.999999821 0.000341531646 -0.999217391 0.0388764031 0.00729993079 0.97190249 0.127693877 0.197736904 0.941238463 -0.11721988 -0.31674853 0.65570569 0.531289041 -0.536453187 0.401303828 -0.686316192 -0.606568456 0.0396135561 -0.484403461 0.873947382 0.00139917096 -0.944013178 0.329904824 -0.349094748 0.776975751 -0.52387166 0.261488855 -0.0735885128 -0.962397158 0.2394353 -0.956725121 0.165371686 -0.6358971 0.501349807 0.586756527 0.707431018 -0.16497907 -0.687257826 0.094104588 0.694376707 0.713432074 0.0458698571 0.996387243 0.0714728907 -0.999087632 0.0207119714 -0.0373480171 -0.996124029 -0.0817579329 0.032443881 -0.999994576 -0.000987760141 -0.00314958859 -0.974364281 -0.174690977 -0.141765133 -0.99710834 -0.0690153092 -0.0318088122 0.99998951 0.00385226845 -0.00247255666 0.998903811 -0.00524541968 0.0465153605 0.999642313 -0.0128653385 0.0234464817 0.989826441 0.142255351 0.00265197339 0.997379005 0.0623365194 -0.0367324576 0.998667896 0.0460861586 0.0232046675 -0.999934852 0.0100763822 0.00536182383 -0.998008609 0.0628826469 0.00496282615 0.996303439 -0.0399923809 0.0760265365 0.998057306 0.0110108536 -0.0613217689 0.998801827 0.0241814256 -0.0425458699 -0.999016821 -0.0443106629 -0.00139023585 0.939806581 0.173262164 -0.294522971 0.913169205 0.203597963 -0.353086233 0.119555593 0.98836422 0.0940355286 0.257862419 0.964059651 0.0640000328 -0.0434784517 0.999018192 0.00850374624 0.70784384 -0.00139342481 -0.706367552 0.70782274 0.00104569248 -0.706389368 0.70780772 0.000959125988 -0.706404507 0.704857409 -0.000351139373 0.709348917 0.759681106 -0.009946879 0.650219738 0.709165633 -0.00107684138 0.705041051 -0.705609739 0.000186383928 0.70860064 -0.706218123 -7.1350456e-05 0.707994342 -0.70820874 -0.000916389166 0.706002474 -0.749618828 0.00831983238 -0.661817551 -0.743742704 0.00728481123 -0.668426275 -0.663115025 -0.00604441529 -0.748493075 0.70773536 0.00139473856 -0.706476212 0.707714915 0.00138593302 -0.706496775 -0.0237187091 -0.995298266 0.0939081982 0.0437359847 -0.997192144 -0.0607860722 -0.00329388166 -0.998880625 0.0471871905 -0.654945314 -0.00731567992 -0.755640864 -0.708777845 -0.00115842023 0.705430865 -0.108919039 0.984945834 -0.134232402 -0.0947084203 0.933005273 -0.347176373 0.763687074 -0.010681605 0.645498216 0.0660764799 -0.991478205 -0.112271257 -1.80748282e-06 1.36056305e-11 -1 6.95025975e-08 2.84738377e-07 -1 7.55243335e-08 9.69473035e-08 -1 7.48622639e-08 3.70849911e-08 -1 7.24505114e-08 9.24866406e-09 -1 2.83689747e-06 -1.10959757e-08 -1 -1.44284832e-06 -3.34444188e-08 -1 -4.06252502e-06 -6.33319033e-08 -1 4.66726442e-06 -8.07287748e-08 -1 -3.75685113e-06 0 -1 -5.42155931e-06 0 -1 7.00408179e-07 0 -1 -6.07621678e-06 0 -1 -1.119632e-05 0 -1 -1.51738623e-05 0 -1 2.71488298e-05 0 -1 0.991443098 -0.130539611 0 0.991443038 -0.130540073 0 0.991442382 0.130545035 0 0.991442263 0.130545929 0 0.866033494 -0.499985963 0 0.866024256 -0.500001967 0 1.71182876e-06 2.05656097e-08 1 -2.53948474e-05 0 1 -3.19957417e-06 0 1 -1.88994943e-06 0 1 -1.11928944e-06 -2.06468412e-10 1 1.13694068e-05 8.09619394e-08 1 -3.39675262e-06 6.33423767e-08 1 -5.06300921e-06 3.33916041e-08 1 -2.88892522e-07 1.10588605e-08 1 -7.22475093e-08 -9.23720211e-09 1 -5.93948748e-08 -3.69778057e-08 1 -4.69380019e-08 -9.64562545e-08 1 -2.40148296e-07 -2.80980061e-07 1 -6.36454433e-06 6.23652952e-08 1 -2.58718155e-05 0 1 5.4318305e-05 0 1 0.499942839 -0.866058409 0 0.499959141 -0.866048992 0 0.130450636 -0.99145478 0 0.1304508 -0.99145478 0 -0.130423605 -0.991458356 0 -0.130436689 -0.991456628 0 -0.499967813 -0.866043985 0 -0.49995777 -0.866049767 0 -0.866045535 -0.499965161 0 -0.866057336 -0.499944687 0 -0.991442561 -0.130543754 0 -0.991445839 -0.130518571 0 -0.991442621 0.130543202 0 -0.991442561 0.130543679 0 -0.866049051 0.499958992 0 -0.866039574 0.499975413 0 -0.500050247 0.86599642 0 -0.500066996 0.865986705 0 -0.1305397 0.991443098 0 -0.130540073 0.991443038 0 0.130554497 0.991441131 0 0.500037313 0.866003871 0 0.5000543 0.865994036 0 0.866033375 0.499986202 0 0.866023779 0.500002861 0 -0.910386324 -0.0726578012 0.407329857 -0.867503047 -0.0470427163 0.495202452 -0.876601875 -0.0520983376 0.478387803 -0.917542338 -0.0774816051 0.390016228 0.0164147466 -0.999723494 -0.0168359224 0.338656694 0.0194676351 0.940708578 0.450487226 -0.02414505 0.892456293 0.47594437 -0.0512042232 0.87798351 0.0307461731 0.0435525402 -0.998577893 0.00951792859 0.0306635667 -0.99948442 -0.0131230298 0.0168999117 -0.999771059 0.418236017 0.0310790036 0.907806575 0.563931167 0.0105789984 0.825754046 0.00964000914 0.99994868 -0.00310683064 0.0523736551 0.0566680916 -0.997018397 0.0933318213 -0.964477599 0.247127742 0.999346554 0.0353130735 0.00771002658 0.999608517 -0.0197657924 0.0198013876 0.999543548 0.0299775917 0.00374635449 0.911903918 0.330180556 -0.243745774 0.964189827 0.226009831 -0.138771638 -0.993088126 0.084045805 -0.0819282532 -0.998889089 0.000205620629 0.047123298 -0.937156022 0.348896295 0.00315179257 -0.994484186 0.057433147 0.0877646878 -0.996826828 -0.0390017144 -0.0693908334 -0.995790005 -0.00156671938 0.0916502997 -0.996731043 -0.024067441 0.077123113 -0.832234502 -0.0155035621 0.554206967 -0.884331524 -0.0176212899 0.466526777 -0.998795092 -0.024442846 0.0425550044 0.993972838 -0.0762261972 -0.0787880868 0.999303579 -0.0250824951 -0.0276254639 0.998184025 -0.0413004272 -0.0438508391 0.999998152 0.000749721774 -0.00177863962 -0.13019605 -0.968032718 0.214386731 -0.295490354 -0.00986258313 -0.955294788 -0.752816737 -0.00684482465 -0.658194542 0.229634851 -0.0681747794 -0.97088623 -0.224119991 0.951972365 0.208611682 -0.283240825 0.894689143 0.345406979 -0.232227206 0.945821643 0.226918474 -0.193227217 0.971115649 0.139991671 0.555981874 -0.0408314392 -0.830190897 0.395661324 0.0689235479 -0.915806532 0.112673163 -0.03231344 0.993106544 0.0679288581 -0.00123114861 0.997689426 0.13251473 -0.0461409427 0.990106463 0.167126045 -0.0703277215 0.983424067 -0.962525129 -0.0308471266 -0.269432336 -0.975409865 -0.0112308431 -0.220112413 0.0827428699 -0.497532636 -0.863489926 0.748115718 -0.334521055 -0.573078156 0.9316383 -0.236089602 -0.276245892 0.999812245 0.0141231595 0.0132670077 0.999640048 0.0217365734 0.0157241225 0.00679423474 0.668684185 0.743515551 -0.00190519239 0.434750795 0.900548816 0.00727701653 0.380646646 0.924691916 0.000592510973 0.958271146 0.285860181 0.00506096287 0.998427749 -0.0558243766 0.0138939107 0.962718844 0.270146906 -0.00220697094 0.93161869 0.36343053 -0.00206432329 0.994646847 0.103312224 0.99155283 -0.129390717 0.00900429767 0.982535481 -0.185044155 -0.0195634868 0.988802314 -0.147412613 0.0232261457 0.990247488 -0.132638425 0.0426257029 0.567958534 -0.683495104 0.458538562 0.100906648 -0.563215137 0.820125937 0.938323319 -0.265908331 0.221002504 -0.00206544506 0.977487504 0.210983187 -0.00278990529 0.972714603 0.231988117 0.00151018845 0.982058585 0.188569963 -0.00275065866 -0.980651438 0.195742562 0.00285092113 -0.949612617 0.313412994 0.0028291624 0.457798451 -0.889051497 0.000427168212 0.300427943 -0.953804433 -0.00267951796 0.366884768 -0.930262566 0.00148514542 0.993814468 0.111042999 0.0116030918 0.833587945 0.552264929 0.000817335909 -0.92234838 -0.38635838 0.0043809819 -0.967033148 -0.254612923 -0.000697316311 -0.962100327 -0.272694916 0.00555737037 0.94915086 0.314772606 -0.00140683632 -0.989430606 -0.145000368 0.000659005658 0.942498863 -0.334208667 0.00105443341 0.764686465 -0.64440161 -0.00531303696 0.687853932 -0.72582972 -0.0075224177 -0.352540851 -0.93576616 -0.00665781926 0.957687378 0.287733555 -0.0178807173 0.993016005 0.11661689 -0.940505266 0.12338943 0.316583097 0.00468268525 -0.906434774 -0.422319919 -0.980134308 0.178199559 0.087072514 -0.990448773 -0.135099977 0.0275545847 -0.970169663 0.225359365 0.089352861 -0.983041167 -0.181105405 0.0288260318 -0.987246096 -0.159173846 -0.00296991644 -0.992649853 -0.118521005 0.0244755186 -0.988131046 -0.142042279 0.0584900193 -0.017566964 0.981022358 -0.193097353 -0.98559016 -0.130175158 0.108011328 -0.949868679 -0.124919012 0.286609083 -0.993176997 0.0990670472 -0.0615232959 -0.988608956 0.116020493 -0.0958724767 0.027864689 0.941367388 -0.336230546 0.00902442262 -0.300655276 0.953690171 0.00898262113 -0.2997168 0.953985929 -0.0259224847 0.113942698 -0.993149102 0.00326593337 -0.942079484 0.335373729 -0.00203199079 -0.999055564 -0.043402873 0.00667043775 -0.654815972 0.755758941 -0.000256108906 0.204152644 0.978939056 0.00357032917 -0.997758806 0.0668182001 -0.0267154835 0.142437682 -0.989443183 0.0289241709 0.970406532 0.239738554 0.000798657828 0.349426657 -0.936963379 -0.00113695662 0.663702905 -0.747995377 0.00456158491 0.413851768 -0.910332859 0.00693780789 -0.833168805 0.552975297 0.000788734644 -0.982652545 0.185454383 0.00874959305 -0.986719489 0.16219759 0.00154368824 -0.360523701 0.932748795 -0.0160634816 -0.754148543 0.656507432 -0.00282242801 -0.930332839 0.366705447 0.00431141444 -0.98898536 0.147950411 0.626826108 0.743451953 0.233169883 0.00355756516 0.98025763 0.197692588 -0.00368554168 0.999887645 -0.0145309884 0.992426872 0.122648753 -0.00679718098 0.994488478 0.104274027 0.0109381089 0.00504174363 -0.130904719 -0.991382122 0.00429234374 -0.476260275 -0.879293859 -0.000123384045 -0.376330465 -0.926485479 0.65186882 0.56704402 0.50351572 0.993879855 0.00676208176 0.110259213 0.999289334 0.0345173813 0.015145218 0.00863012578 -0.970648289 0.240348563 0.000241872898 -0.0414887704 0.999138951 -0.000999834738 -0.308617651 0.951185644 0.00168158254 -0.923841357 0.382771909 -0.00314169307 -0.955873966 0.29376027 0.00353206554 0.49475655 0.869024456 0.0033134995 0.755395412 0.655260861 -0.0122594703 -0.998142779 0.0596714132 0.00705038616 -0.983311772 0.181791723 0.00801319815 -0.989071488 0.147218943 0.00501458626 0.726817608 -0.686812162 -0.0119712343 -0.913914561 0.405730069 -0.0121612363 -0.97094357 0.238999337 -0.0037179403 0.955080509 -0.296323031 0.00479389401 0.987583101 -0.15702419 -0.313473821 -0.94822073 0.0511033945 0.00224512746 -0.990431845 -0.137984291 -0.987369776 0.158279553 -0.00696492521 -0.682302654 -0.703671038 0.198267877 -0.97562176 0.19209224 -0.106126346 -0.968268752 0.179251671 -0.174139097 -0.730808258 -0.661656797 -0.167718619 0.0037617851 -0.0976196751 -0.995216668 -0.982062161 0.18681933 0.0255426504 0.00362285809 -0.87667799 -0.481064051 -0.00374015677 -0.797563434 -0.603223503 -0.996158659 -0.0867405236 0.0120013803 -0.997550607 -0.0633962452 0.0295580104 -0.981166124 0.12725766 0.145322159 -0.988549948 0.129584551 0.0773097426 0.957776248 0.185208201 -0.219914883 0.994043648 -0.0921155661 -0.0582401976 0.995013714 -0.0518259108 -0.0852161124 0.990407407 0.121699162 -0.0654402599 0.986590505 0.155423015 -0.0498281047 0.992724478 0.119176112 -0.0171794947 -0.00434876699 0.376015812 0.926603019 0.992154837 -0.0553932264 0.1120729 -0.000852390483 -0.0118990773 0.999928832 -0.230957478 0.614385724 0.75444603 -0.99727273 -0.0708227679 -0.0207651909 -0.994492888 -0.104563549 0.00709648104 -0.99999994 0.000205592994 -0.000159114599 -0.999993145 0.0032310707 -0.00179342832 -0.997614503 0.0357753932 0.0590370111 0.999994457 0.00205030292 -0.0026250747 0.999994278 0.00331064919 -0.000668665976 0.998251379 -0.0293283239 -0.0513232835 -0.999062121 0.0106659969 -0.0419657305 0.99825412 0.0345821492 0.0478834845 -0.998482227 0.0472600907 -0.0282799546 -0.998918295 0.0399061851 -0.0238699019 -0.998600841 -0.0453815646 0.0271453504 0.99851352 0.0467747934 -0.0279792696 0.997063875 -0.0765745044 0 0.998770833 -0.0491724648 -0.00623969734 -0.999742329 -0.019478403 0.0116551854 -0.998514473 -0.046755977 0.027977122 0.99848181 -0.0472710282 0.0282768589 0.951828957 -0.306629479 0 -0.998280287 0.0300936829 0.0503080189 0.999975204 -0.00373247149 -0.00597146805 0.999975204 -0.0037528011 -0.00595931336 0.99749279 -0.06404493 0.0301058739 0.997566879 0.0559296869 -0.0416199192 0.999913573 -0.0116636585 0.0060713822 0.997815251 0.0424311496 -0.0506396741 0.999943376 0.0036566183 -0.00999368913 -0.998692811 -0.0262401197 -0.04386466 -0.998692811 -0.0262407009 -0.0438640863 -0.998692811 -0.0262409039 -0.0438638814 -0.998692811 -0.0262400787 -0.0438647047 0.996532977 -0.0604095645 0.0572073124 -0.998782814 -0.0253192596 -0.0423294604 -0.997945607 0.0328893326 0.0549806468 -0.714481235 0.0349785984 -0.698779702 -0.71156162 -0.00237417244 -0.702619731 -0.712810516 -0.00190624583 -0.701354086 -0.71881038 0.00585673982 -0.695181549 -0.717873812 0.0238042641 -0.695766151 -0.701558769 0.125195861 -0.701527774 0.780548036 0.000351062015 0.625095665 0.888727307 0.000119270328 0.45843628 0.795853734 0.0070671346 0.60544765 0.737849116 0.00742532499 0.674924791 0.705224216 0.00703239627 0.708949447 0.700490832 0.00564569142 0.713639081 0.680123925 -0.00089328317 0.7330966 -0.587431252 -0.548583746 -0.594962597 1.95025606e-07 0 -1 4.48721323e-07 0 -1 1.9679554e-07 0 -1 0 0 -1 0.915641785 -0.401910543 -0.00824560132 0.930192649 -0.366900623 -0.0112071484 0.930906177 -0.365081668 -0.0113593601 -0.149664193 -0.988729537 0.00381040829 -0.655764937 -0.754933536 0.00690810056 -0.4824287 -0.875828385 -0.0136825554 -0.93340677 -0.358513892 -0.0148193417 -0.954824984 0.296966255 0.0109670367 -0.557024837 0.830397964 -0.0127491532 -0.0495691933 0.998646617 0.0157407988 0.0940856934 0.995510757 -0.0103036733 0.914589286 -0.404304087 -0.00804087613 0.549861848 0.83508724 0.0167702436 -0.00201845448 -0.00331169809 0.99999249 -0.00625881227 -0.0177437775 0.999822974 -0.00210425793 -0.0129582919 0.999913812 -0.000288335403 -0.00151950936 0.999998808 -0.000346953137 0.0167809613 0.999859154 0.543980062 -0.839052737 -0.00872875284 0.776324093 0.630043626 -0.0191276837 0.999940574 -0.00694305589 0.00840426143 -0.693636537 -0.72029686 -0.00638645375 0.386606634 -0.922233939 0.00446378998 -0.84025532 -0.542073786 0.0112668332 0.434879363 0.900488496 -0.000612392148 -0.0635804608 0.997930288 -0.00962673128 -0.135737732 0.990620613 -0.0156861693 -0.988143206 -0.153234169 -0.00960420351 -0.985423505 0.169781834 0.0107096313 0.00484776124 0.00529717514 0.999974191 0.0123295384 -0.00687872712 0.999900341 0.00998852961 0.000619020604 0.999949932 0.00313202757 0.00966309477 0.999948382 -0.00656734454 0.0182075761 0.999812663 -6.70873135e-08 0 -1 -1.51235781e-07 0 -1 -6.47755982e-08 0 -1 -0.651726604 -0.758373678 0.0110332873 -0.927411795 -0.374017894 -0.00423386507 -0.494672626 -0.869075477 -0.00261016726 0.927619457 -0.373520881 0.00207376643 0.924306214 -0.381042361 -0.0215586089 0.837892473 0.545101047 -0.0283025689 0.808930516 0.587876439 0.00572329434 -0.222243443 0.974904358 0.0130124465 -0.580104649 0.814475298 -0.0104193818 -0.997217 -0.0724321753 0.0176595133 0.651537836 -0.758608341 0.00343788811 0.00966314971 0.00741579756 0.999925792 0.0129420338 0.0105971824 0.999860108 0.0115949754 0.00133648759 0.999931872 0.00902182981 0.00128618896 0.999958456 0.00559545774 0.0131403701 0.999898016 9.44090289e-07 0 -1 1.45414674e-06 0 -1 8.90884053e-07 0 -1 0.425412238 0.904348254 -0.0343319364 0.458662242 0.88860625 0.00280465255 0.999978483 -0.00252077798 0.00605808338 -0.96726203 0.252663016 -0.0237809792 -0.670525789 0.741847992 0.00752872601 0.783812582 -0.620759606 -0.0171871725 0.366603702 -0.930276692 0.0136754261 -0.463415861 -0.886072338 -0.0110231228 -0.863454938 -0.504216969 0.0145199336 0.00746201957 0.00582932075 0.999955177 0.0152620003 -0.00860749185 0.999846458 0.0127421012 0.000538247987 0.999918699 0.00562243629 0.0112526584 0.999920905 -0.00455085561 0.0208669584 0.999771893</float_array>
          <technique_common>
            <accessor source="#normals_array" count="1690" stride="3">
              <param name="X" type="float" />
              <param name="Y" type="float" />
              <param name="Z" type="float" />
            </accessor>
          </technique_common>
        </source>
        <vertices id="vertices">
          <input semantic="POSITION" source="#positions" />
        </vertices>
        <triangles material="qmat_10a888b1b30808ba" count="1401">
          <input semantic="VERTEX" source="#vertices" offset="0" />
          <input semantic="NORMAL" source="#normals" offset="1" />
          <p>0 0 1 1 2 2 0 0 2 2 3 3 3 3 2 2 4 4 3 3 4 4 5 5 3 3 6 6 7 7 3 3 7 7 0 0 5 5 8 8 6 6 5 5 6 6 3 3 9 9 10 10 8 8 9 9 8 8 5 5 9 9 5 5 4 4 10 10 11 11 6 6 10 10 6 6 8 8 6 6 12 12 7 7 12 12 6 6 11 11 12 12 11 11 13 13 14 14 11 11 10 10 15 15 13 13 11 11 15 15 11 11 14 14 13 13 16 16 17 17 16 16 13 13 15 15 16 16 18 18 19 19 16 16 19 19 20 20 16 16 20 20 17 17 18 18 16 16 15 15 18 18 15 15 21 21 21 21 22 22 19 19 21 21 19 19 18 18 23 23 24 24 22 22 23 23 22 22 21 21 22 22 25 25 20 20 22 22 20 20 19 19 25 25 22 22 24 24 25 25 24 24 26 26 25 25 27 27 20 20 26 26 27 27 25 25 28 28 27 27 26 26 28 28 29 29 27 27 20 20 27 27 29 29 20 20 29 29 30 30 17 17 20 20 30 30 17 17 30 30 31 31 17 17 31 31 32 32 31 31 30 30 29 29 31 31 29 29 1 1 33 33 2 2 1 1 33 33 1 1 29 29 2 2 33 33 9 9 2 2 9 9 4 4 33 33 28 28 9 9 29 29 28 28 33 33 26 26 34 34 9 9 26 26 9 9 28 28 34 34 35 35 36 36 34 34 36 36 10 10 34 34 10 10 9 9 35 35 34 34 26 26 35 35 26 26 24 24 36 36 35 35 24 24 36 36 24 24 23 23 23 23 14 14 10 10 23 23 10 10 36 36 21 21 15 15 14 14 21 21 14 14 23 23 32 32 31 31 1 1 32 32 1 1 0 0 0 0 7 7 17 17 0 0 17 17 32 32 7 7 12 12 17 17 13 13 17 17 12 12 37 37 38 38 39 39 37 37 39 39 40 40 41 41 42 42 40 43 41 41 40 43 39 44 41 41 39 44 43 45 38 38 43 46 39 39 38 38 44 47 43 46 44 48 41 41 43 45 44 48 45 49 41 41 37 50 46 51 47 52 37 50 47 52 45 53 37 50 45 53 44 47 37 50 44 47 38 38 41 41 45 49 47 54 42 42 41 41 47 54 42 55 47 52 46 51 40 56 42 56 46 56 40 57 46 51 37 50 57 70 58 71 59 72 62 76 57 70 63 77 63 77 64 78 61 74 65 79 64 78 66 80 59 72 58 71 69 84 70 85 59 72 69 84 64 78 59 72 66 80 66 80 59 72 74 91 57 70 54 66 58 71 58 71 54 66 56 68 57 70 52 63 54 66 63 77 57 70 59 72 53 64 52 63 57 70 62 76 53 64 57 70 64 78 63 77 59 72 58 71 56 68 67 81 69 84 67 81 68 83 68 83 70 85 69 84 58 71 67 81 69 84 73 90 74 91 59 72 75 93 76 94 77 95 75 93 77 95 78 96 75 93 78 96 79 97 75 93 79 97 80 98 75 93 80 98 81 99 75 100 81 100 82 100 83 101 79 102 78 103 84 104 83 101 78 103 85 105 81 106 80 107 85 105 80 107 83 108 85 105 83 108 84 109 85 105 84 109 86 110 85 105 86 110 87 111 85 105 87 111 88 112 77 113 86 114 84 104 77 113 84 104 78 103 76 115 87 116 86 117 76 115 86 117 77 118 75 119 88 120 87 121 75 119 87 121 76 122 88 120 75 119 82 123 85 124 88 120 82 123 82 123 81 125 85 124 83 101 80 126 79 102 89 127 90 128 91 129 89 127 91 129 92 130 92 130 91 129 93 131 92 130 93 131 94 132 94 132 93 131 95 133 94 132 95 133 96 134 95 133 93 131 91 129 92 130 94 132 96 134 97 135 89 127 92 130 97 135 92 130 96 134 89 127 97 135 98 136 99 137 97 138 96 139 99 137 96 139 95 140 100 141 99 142 90 128 98 136 97 135 99 142 98 136 99 142 100 141 90 128 99 142 95 133 90 128 95 133 91 129 98 136 100 141 90 128 98 136 90 128 89 127 101 143 102 143 103 143 101 144 103 144 104 144 101 145 104 146 105 147 101 148 105 149 106 150 107 151 106 150 105 149 105 152 108 152 107 152 107 153 108 153 109 153 107 154 109 154 110 154 107 155 110 156 111 157 107 155 111 157 106 158 105 147 104 146 110 159 105 160 110 160 112 160 105 161 112 162 108 163 112 162 110 164 109 165 110 166 104 166 111 166 106 167 111 167 113 167 106 168 113 169 114 170 106 168 114 170 102 171 113 172 111 173 104 174 113 172 104 174 103 175 103 175 114 170 113 172 103 175 102 171 114 170 106 168 102 171 101 176 109 165 108 163 112 162 115 177 116 178 117 179 115 177 117 179 118 180 119 181 115 177 120 182 120 182 121 183 122 184 120 182 122 184 123 185 123 185 122 184 124 186 123 185 124 186 125 187 123 185 125 187 116 178 124 186 122 184 117 179 124 186 117 179 125 187 122 188 121 189 118 190 122 188 118 190 117 191 118 180 126 192 115 177 121 183 127 193 126 192 121 183 126 192 118 180 121 183 120 182 127 193 127 193 120 182 115 177 127 193 115 177 126 192 116 178 125 187 117 179 120 182 123 194 116 195 120 182 116 195 119 181 119 181 116 178 115 177 128 196 129 197 130 198 130 199 131 200 132 201 130 199 132 201 133 202 134 203 135 204 131 200 133 202 132 201 135 204 131 200 135 204 132 201 134 203 136 205 135 204 130 198 129 197 137 206 130 198 137 206 138 207 133 202 135 204 136 208 139 209 136 205 134 203 140 210 141 211 133 202 131 200 139 209 134 203 142 212 136 213 143 214 138 207 137 206 144 215 145 216 137 206 146 217 147 218 148 219 149 220 150 221 151 222 142 212 151 222 150 223 152 224 140 210 136 208 152 225 150 226 153 227 154 228 150 226 154 228 152 229 154 228 155 230 152 229 140 231 152 229 155 230 140 232 155 233 156 234 155 235 153 235 157 235 158 236 150 221 159 237 153 238 158 238 157 238 153 239 150 221 158 236 140 232 156 234 160 240 159 241 160 240 155 242 161 243 159 244 162 245 163 246 164 247 165 248 166 249 167 250 145 251 137 252 166 249 146 253 163 246 145 251 167 250 150 221 168 254 169 255 169 256 168 254 170 257 159 237 150 221 169 255 171 258 170 259 167 260 169 256 170 257 171 258 159 237 169 255 172 261 172 262 171 258 173 263 162 245 167 264 166 265 133 266 128 196 130 198 131 200 130 199 138 267 141 268 128 269 133 270 143 214 131 200 138 267 131 200 143 214 139 271 140 210 133 202 136 208 136 205 139 209 143 272 129 273 161 274 137 275 174 276 129 277 128 269 142 212 151 222 136 278 143 214 150 221 142 212 136 278 151 222 152 224 145 216 144 215 137 206 147 218 138 279 148 280 144 281 145 282 148 283 138 279 144 284 148 280 149 285 148 283 145 282 175 286 138 279 147 218 175 287 143 214 138 267 149 220 175 286 147 218 176 288 150 221 143 214 146 253 166 249 145 251 177 289 143 214 175 287 149 220 165 290 177 291 149 220 177 291 175 286 165 292 149 285 145 282 143 214 177 289 176 288 163 246 165 248 145 293 164 247 176 288 165 294 165 295 176 295 177 295 161 296 129 277 174 276 174 276 128 269 141 268 154 228 153 227 155 230 155 297 160 297 156 297 158 298 155 298 157 298 158 299 159 241 155 242 161 243 174 300 140 301 140 301 174 300 141 302 161 243 140 301 159 244 159 241 140 232 160 240 162 245 159 244 178 303 150 221 176 288 168 254 168 254 176 288 164 247 163 246 168 254 164 247 137 275 161 274 162 304 137 252 162 305 166 249 170 257 163 246 167 306 170 257 168 254 163 246 172 262 169 256 171 258 173 263 171 258 167 260 178 307 173 263 167 260 178 307 172 262 173 263 178 308 159 237 172 261 178 303 167 264 162 245 179 309 180 310 181 311 179 312 181 313 182 314 179 309 183 315 180 310 184 316 185 317 186 318 187 319 188 320 181 321 183 315 189 322 190 323 190 323 189 322 191 324 191 324 192 325 180 310 182 314 181 313 188 326 185 317 193 327 186 318 194 328 195 329 179 312 179 309 195 330 183 315 184 331 187 332 196 333 183 315 197 334 191 335 198 336 199 337 192 325 191 338 200 339 198 336 197 334 198 336 200 339 196 340 180 341 192 342 195 330 197 334 183 315 198 336 201 343 199 337 192 342 201 343 196 340 185 317 202 344 187 345 196 340 201 343 188 346 195 330 188 346 201 343 203 347 196 348 202 349 202 349 196 348 188 350 180 341 187 351 181 352 180 310 183 315 190 323 184 353 186 318 187 345 183 315 191 335 189 322 187 319 202 354 188 320 190 323 191 324 180 310 182 314 194 328 179 312 196 340 187 351 180 341 186 318 193 327 187 345 194 355 182 314 188 326 191 324 198 336 192 325 191 335 197 334 200 356 184 316 203 357 185 317 203 358 184 331 196 333 204 359 194 355 188 326 193 327 185 317 187 345 194 328 204 360 195 329 201 343 192 342 199 361 198 336 197 334 201 343 185 317 203 362 202 344 197 334 195 330 201 343 195 363 204 359 188 326 205 364 206 365 207 366 206 365 208 367 207 366 209 368 210 369 211 370 212 371 211 370 213 372 209 368 211 370 214 373 212 374 214 375 211 376 213 372 210 377 207 378 215 379 213 372 216 380 216 380 207 378 217 381 218 382 219 383 206 384 220 385 221 386 206 387 222 388 217 389 207 390 209 391 223 391 224 392 223 393 225 394 226 395 220 385 206 387 219 396 220 385 222 397 208 398 223 399 227 399 225 399 216 380 217 381 228 400 214 373 216 380 228 401 223 402 209 368 214 373 218 403 217 404 219 405 219 405 217 404 222 406 210 369 209 368 205 407 229 408 208 409 221 386 210 377 205 410 207 378 209 411 224 412 205 413 221 386 208 414 206 387 213 372 211 370 210 369 229 415 230 416 208 398 205 417 218 382 206 384 230 418 229 408 221 386 224 412 226 395 205 413 215 379 212 371 213 372 226 395 225 394 205 413 212 374 215 419 214 375 216 380 213 372 207 378 208 420 222 388 207 390 220 385 230 418 221 386 224 392 223 421 226 395 214 373 215 379 216 380 230 416 220 385 208 398 225 394 218 422 205 413 225 394 227 423 218 422 227 423 223 424 218 422 218 425 228 400 217 381 222 397 220 385 219 396 223 402 214 373 228 401 223 402 228 401 218 426 231 427 232 428 233 429 234 430 231 431 235 432 231 427 234 433 232 428 235 434 233 435 236 436 237 437 238 438 239 439 237 437 236 440 238 438 234 430 239 439 232 441 235 434 231 442 233 435 239 439 234 430 237 437 234 430 235 432 237 437 237 437 235 432 236 440 236 440 233 443 232 441 236 440 232 441 238 438 239 439 238 438 232 441 240 444 241 445 242 446 243 447 241 445 240 444 244 448 243 447 240 444 244 449 240 450 245 451 246 452 245 453 242 446 242 446 241 454 247 455 244 449 245 451 248 456 240 444 242 446 245 453 241 454 243 457 247 455 246 458 244 459 248 460 247 461 243 462 246 458 243 462 244 459 246 458 242 446 247 455 246 452 245 453 246 452 248 463 249 464 250 465 251 466 252 467 253 468 254 469 251 470 255 471 256 472 250 473 255 471 251 470 257 474 251 466 256 475 256 475 254 476 257 474 250 473 252 477 255 471 253 478 249 479 257 474 252 480 250 481 253 478 253 478 257 474 254 476 253 478 250 481 249 479 257 474 249 464 251 466 256 475 255 482 254 476 255 483 252 467 254 469 258 484 259 485 260 486 258 487 261 488 259 489 262 490 258 484 263 491 263 491 258 484 264 492 262 493 265 494 261 495 261 496 266 497 259 485 266 497 261 496 265 498 259 485 266 497 260 486 258 487 262 499 261 488 264 492 258 484 260 486 262 493 263 500 265 494 263 501 264 502 265 498 265 498 264 502 260 486 266 497 265 498 260 486 267 503 268 504 269 505 270 506 268 507 271 508 267 509 269 510 271 511 270 512 272 513 268 514 270 512 273 515 272 513 273 516 274 517 272 518 272 518 274 517 269 519 271 508 268 507 267 520 270 521 271 522 273 523 273 523 271 522 274 524 269 505 268 504 272 525 271 511 269 510 274 526 275 527 276 528 277 529 275 530 278 531 276 532 275 530 277 533 279 534 279 535 277 536 280 537 279 538 280 539 278 540 279 534 278 531 275 530 276 528 281 541 282 542 283 543 281 544 284 545 280 537 282 546 283 543 282 546 281 544 283 543 278 540 283 547 285 548 284 549 276 528 286 550 281 541 276 528 284 549 287 551 286 550 288 552 289 553 287 554 288 555 290 556 291 557 288 558 289 553 288 555 291 559 286 560 290 561 292 562 290 563 289 564 291 565 277 536 282 546 280 537 282 542 277 529 276 528 276 532 278 531 286 560 278 540 280 539 283 547 285 548 283 547 289 564 284 549 286 550 287 551 289 553 283 543 284 545 278 531 285 566 286 560 289 553 284 545 287 554 285 548 289 564 290 563 286 560 285 566 290 561 292 567 290 556 288 558 288 552 286 550 292 568 293 569 294 570 295 571 293 572 296 573 294 574 295 575 297 576 296 577 297 578 295 579 298 580 295 571 294 570 298 581 299 582 300 583 301 584 298 580 299 582 297 578 297 576 302 585 303 586 297 578 299 582 302 587 296 573 303 588 300 589 301 584 304 590 305 591 300 589 303 588 306 592 306 592 303 588 307 593 301 584 306 594 304 595 304 590 308 596 305 591 293 597 295 575 296 577 302 587 299 582 301 584 298 581 294 570 300 583 294 574 296 573 300 589 303 586 296 577 297 576 298 581 300 583 299 582 301 584 300 583 306 594 302 587 301 584 305 591 304 595 306 594 307 598 303 586 302 585 309 599 307 593 303 588 309 600 310 601 309 599 308 602 309 599 302 585 305 603 308 604 304 595 310 605 307 593 309 600 310 606 304 595 307 598 310 605 309 599 305 603 308 602 311 607 312 608 313 609 311 610 313 611 314 612 315 613 316 614 312 615 315 616 317 617 316 618 315 619 311 619 314 619 312 615 318 620 319 621 319 622 320 623 321 624 316 618 317 617 318 625 318 620 322 626 319 621 319 621 322 626 320 627 320 627 323 628 324 629 318 625 317 617 322 630 322 630 325 631 323 632 321 633 326 634 327 635 324 636 326 637 321 624 323 628 328 638 324 629 324 629 328 638 326 639 325 631 327 640 328 641 311 642 315 613 312 615 315 616 314 643 317 617 317 644 314 612 313 611 312 615 316 614 318 620 313 609 312 608 319 622 313 609 319 622 321 624 317 644 313 611 325 645 321 624 320 623 324 636 325 645 313 611 321 633 322 630 317 617 325 631 323 628 320 627 322 626 326 646 328 646 327 646 325 645 321 633 327 635 328 641 323 632 325 631 329 647 330 648 331 649 330 650 332 651 333 652 330 653 333 654 334 655 331 649 330 648 335 656 335 657 334 655 336 658 331 649 335 656 337 659 332 660 331 661 338 662 335 656 336 658 337 659 334 663 338 664 339 665 340 666 334 655 339 667 337 668 341 669 342 670 342 670 343 671 344 672 339 665 344 673 345 674 340 666 339 667 345 675 332 660 329 676 331 661 333 677 332 678 334 663 330 653 334 655 335 657 330 650 329 679 332 651 336 658 334 655 340 666 334 663 332 678 338 664 338 662 331 661 337 668 337 659 336 658 341 680 341 680 336 658 340 666 338 662 337 668 342 670 339 665 338 664 342 681 342 670 341 669 346 682 341 680 340 666 346 683 344 673 343 684 345 674 339 665 342 681 344 673 346 683 345 685 343 686 342 670 346 682 343 671 346 683 340 666 345 685 347 687 348 688 349 689 350 690 349 691 351 692 352 693 348 688 347 687 353 694 354 695 355 696 350 697 356 698 357 699 349 700 354 695 353 694 350 701 358 702 356 703 348 688 359 704 360 705 348 688 360 705 349 689 351 692 360 706 361 707 362 708 363 709 348 688 364 710 351 692 361 707 363 709 365 711 359 704 364 710 361 707 366 712 360 705 359 704 367 713 368 714 360 705 367 713 360 706 355 715 369 716 356 703 358 702 361 717 370 718 371 719 365 720 372 721 350 690 351 692 350 701 372 722 358 702 352 693 370 723 373 724 372 721 351 692 364 710 362 708 374 725 375 726 358 727 372 728 364 729 374 725 365 730 375 726 370 731 349 689 376 732 376 733 368 714 354 734 370 735 377 736 371 737 376 733 354 734 378 738 370 731 376 732 377 739 377 740 378 741 379 742 377 740 379 742 380 743 371 744 380 745 379 746 376 733 353 747 368 714 368 748 378 749 355 696 359 704 379 746 367 713 370 731 347 687 349 689 347 750 370 723 352 693 378 751 350 697 357 699 349 700 350 697 378 751 354 695 349 700 378 751 376 733 349 752 353 747 351 692 349 691 360 706 348 688 352 693 362 708 359 704 348 688 363 709 371 744 379 746 359 704 361 707 360 706 369 716 353 694 355 696 360 753 368 714 353 747 360 705 365 720 371 719 359 754 361 717 358 702 366 755 362 708 352 693 374 725 373 756 370 718 365 720 374 725 352 693 373 724 374 725 373 757 365 730 363 709 362 708 375 726 363 709 375 758 365 711 366 759 358 727 364 729 357 699 356 698 361 707 371 737 377 736 380 760 377 739 376 732 378 761 357 699 361 707 381 762 378 749 357 763 381 764 355 696 354 695 368 748 381 762 361 707 369 716 378 741 368 714 367 713 378 749 369 765 355 696 378 749 381 764 369 765 379 742 378 741 367 713 382 766 383 767 384 768 382 766 384 768 385 769 382 766 385 769 386 770 382 766 386 770 387 771 382 766 387 771 388 772 382 766 388 772 389 773 382 766 389 773 390 774 383 775 382 776 391 777 391 778 392 779 393 780 391 778 393 780 394 781 391 778 394 781 395 782 391 778 395 782 396 783 391 778 396 783 397 784 391 778 397 784 398 785 391 778 398 785 399 786 392 787 391 777 390 788 391 777 382 776 390 788 390 788 389 789 392 787 393 790 392 787 389 789 393 790 389 789 388 791 394 792 393 790 388 791 388 791 387 793 394 792 395 794 394 792 387 793 396 795 395 794 386 796 387 793 386 796 395 794 386 796 385 797 396 795 397 798 396 795 385 797 385 797 384 799 397 798 398 800 397 798 384 799 399 801 398 800 384 799 384 799 383 775 399 801 391 777 399 801 383 775 400 802 401 803 402 804 400 805 403 805 404 805 404 806 401 807 400 808 401 807 405 809 406 810 402 804 401 803 407 811 407 811 406 812 408 813 409 814 405 809 404 806 400 815 410 815 411 815 410 816 409 817 411 818 409 819 403 820 411 821 409 814 412 822 405 809 407 811 408 813 412 823 413 824 405 825 414 826 401 807 404 806 405 809 400 827 402 827 410 827 406 810 405 809 408 828 407 811 401 803 406 829 405 830 413 830 408 830 403 831 400 831 411 831 404 832 403 820 409 819 409 833 402 804 407 811 410 816 402 834 409 817 412 823 409 833 407 811 408 835 413 835 414 835 412 823 408 813 414 836 414 826 405 825 412 837 415 838 416 839 417 840 415 841 418 842 419 843 415 844 419 845 416 846 419 847 420 848 421 849 422 850 423 851 424 852 418 853 423 854 422 855 417 840 416 839 422 856 416 857 421 858 420 859 418 842 417 860 424 861 415 841 417 860 418 842 418 862 422 863 420 848 424 852 417 864 422 850 422 865 416 857 420 859 418 853 424 866 423 854 419 847 418 862 420 848 416 846 419 845 421 867 425 868 426 868 427 868 427 869 428 870 429 871 426 872 425 873 430 874 431 875 432 876 429 877 433 878 431 875 429 877 425 873 429 879 430 874 433 880 429 881 428 882 427 883 433 880 428 882 429 884 432 885 430 886 431 887 430 874 434 888 426 889 433 890 427 891 431 892 433 890 426 889 425 893 427 869 429 871 432 894 431 894 434 894 431 887 426 872 430 874 430 886 432 885 434 895 435 896 436 897 437 898 438 899 439 900 440 901 438 902 441 903 439 904 442 905 438 899 440 901 442 906 440 907 436 908 436 909 441 903 438 910 441 903 443 911 439 904 435 912 437 913 441 903 441 903 437 913 443 911 444 914 439 904 443 911 436 908 440 907 444 914 436 909 438 910 442 915 436 909 435 912 441 903 437 916 444 914 443 911 437 898 436 897 444 917 444 914 440 907 439 904 445 918 446 919 447 920 448 921 449 922 450 923 450 924 446 925 451 926 447 927 446 928 449 929 450 930 449 930 446 930 452 931 453 931 449 931 448 921 452 932 449 922 452 933 445 934 454 935 445 936 448 937 451 938 445 918 451 939 446 919 445 936 452 940 448 937 454 935 445 934 447 941 453 942 452 943 454 944 453 942 454 944 449 945 451 926 448 946 450 924 454 947 447 927 449 929 455 948 456 949 457 950 456 951 458 952 459 953 455 954 460 955 461 956 455 954 461 956 456 957 455 948 457 950 462 958 456 959 463 960 457 961 457 962 463 963 464 964 457 950 465 965 462 958 461 956 458 966 456 957 458 967 466 968 464 969 458 970 464 970 465 970 458 967 461 971 467 972 461 973 459 974 466 975 461 973 466 975 468 976 458 967 467 972 466 968 463 963 467 977 464 964 469 978 465 979 464 980 468 976 466 975 469 981 467 972 469 978 466 968 465 979 469 978 467 972 456 959 460 982 463 960 460 983 455 983 463 983 459 984 460 984 456 984 460 985 459 974 461 973 459 953 458 952 465 986 463 987 455 948 462 958 459 974 457 988 464 989 465 990 457 950 459 953 466 975 459 974 464 989 467 991 461 973 468 976 463 992 462 958 465 965 463 992 465 965 467 993 468 976 469 994 464 964 464 964 467 991 468 976 470 995 471 996 472 997 473 998 472 999 474 1000 475 1001 476 1002 477 1003 478 1004 479 1005 476 1002 480 1006 479 1005 481 1007 479 1005 482 1008 481 1007 473 998 480 1006 470 1009 483 1010 484 1011 485 1012 486 1013 487 1014 471 1015 487 1016 484 1017 474 1018 488 1019 489 1020 484 1011 472 997 471 996 487 1016 479 1005 490 1021 482 1008 471 996 480 1022 491 1023 475 1001 477 1003 486 1024 478 1004 490 1021 479 1005 480 1022 471 996 470 995 486 1013 471 1015 491 1025 492 1026 493 1027 494 1028 493 1029 495 1030 494 1031 496 1032 492 1026 497 1033 498 1034 499 1035 500 1036 494 1028 501 1037 502 1038 492 1026 494 1028 502 1038 503 1039 502 1040 504 1041 505 1042 503 1039 504 1041 483 1043 492 1026 496 1032 483 1010 488 1019 484 1011 488 1019 495 1044 506 1045 488 1019 506 1045 489 1020 493 1029 489 1046 506 1047 488 1019 507 1048 495 1044 496 1032 497 1033 488 1049 474 1018 484 1017 489 1046 494 1031 508 1050 501 1051 508 1050 504 1052 501 1051 507 1048 508 1053 495 1044 483 1043 473 1054 492 1026 487 1016 474 1018 472 997 472 999 473 998 470 1009 477 1003 476 1002 473 1054 473 998 476 1055 479 1005 478 1004 476 1002 475 1001 473 998 479 1005 480 1006 483 1043 477 1003 473 1054 477 1003 483 1043 485 1056 486 1013 485 1012 484 1011 486 1013 484 1011 487 1014 486 1024 477 1003 485 1056 481 1007 482 1008 509 1057 481 1058 491 1023 480 1022 481 1058 509 1059 491 1023 478 1004 475 1001 490 1021 490 1021 475 1001 486 1013 490 1021 486 1013 491 1025 482 1008 490 1021 509 1057 509 1060 490 1021 491 1025 492 1026 473 998 474 1000 493 1029 506 1047 495 1030 492 1026 474 1000 493 1027 493 1029 474 1018 489 1046 497 1033 492 1026 498 1034 505 1042 499 1035 503 1039 498 1034 492 1026 499 1035 507 1048 497 1033 498 1034 500 1036 499 1035 505 1042 499 1035 492 1026 502 1038 503 1061 499 1035 502 1038 502 1062 501 1051 504 1052 483 1010 496 1063 488 1019 488 1049 497 1033 507 1048 507 1048 498 1034 510 1064 510 1064 498 1034 500 1036 494 1031 495 1030 508 1050 510 1064 500 1036 505 1042 507 1048 510 1064 505 1042 507 1048 505 1042 508 1053 508 1053 505 1042 504 1065 511 1066 512 1067 513 1068 514 1069 511 1066 513 1068 515 1070 516 1071 517 1072 518 1073 515 1070 519 1074 515 1075 518 1076 513 1068 518 1076 514 1069 513 1068 520 1077 521 1078 514 1069 521 1078 522 1079 523 1080 522 1079 524 1081 523 1080 523 1080 524 1081 514 1069 524 1081 511 1066 514 1069 525 1082 526 1083 513 1068 527 1084 526 1083 525 1082 519 1074 515 1070 517 1072 528 1085 519 1086 529 1087 517 1088 530 1089 519 1086 519 1086 526 1090 527 1091 529 1092 527 1084 512 1067 531 1093 529 1087 524 1081 532 1094 520 1095 528 1096 532 1097 528 1085 531 1093 533 1098 534 1099 535 1100 535 1100 516 1101 536 1102 516 1101 513 1068 536 1102 535 1100 536 1103 537 1104 538 1105 535 1100 539 1106 540 1107 541 1108 542 1109 543 1110 538 1105 539 1106 537 1104 544 1111 545 1112 545 1112 539 1106 535 1100 535 1100 537 1104 545 1112 546 1113 547 1114 530 1089 536 1103 548 1115 537 1104 533 1116 541 1108 540 1107 549 1117 543 1110 539 1106 547 1114 540 1118 550 1119 549 1117 544 1120 540 1118 549 1117 539 1106 544 1120 540 1118 544 1120 550 1119 512 1067 525 1082 513 1068 516 1101 515 1075 513 1068 528 1096 520 1095 518 1073 518 1076 520 1077 514 1069 520 1077 551 1121 521 1078 551 1122 531 1123 521 1078 532 1094 551 1124 520 1095 521 1078 523 1080 514 1069 513 1068 526 1083 530 1125 512 1067 527 1084 525 1082 528 1096 518 1073 519 1074 529 1087 519 1086 527 1091 526 1090 519 1086 530 1089 531 1126 551 1124 532 1094 511 1066 529 1092 512 1067 524 1081 529 1092 511 1066 522 1079 531 1093 524 1081 531 1093 528 1085 529 1087 521 1078 531 1123 522 1079 534 1099 516 1101 535 1100 536 1103 513 1068 530 1125 541 1127 533 1098 535 1100 542 1128 541 1127 535 1100 538 1105 542 1128 535 1100 545 1112 544 1111 539 1106 547 1114 548 1129 530 1089 547 1114 550 1119 548 1129 547 1130 534 1131 533 1116 534 1131 546 1132 516 1071 517 1088 546 1113 530 1089 517 1072 516 1071 546 1132 547 1130 533 1116 540 1107 534 1131 547 1130 546 1132 548 1115 536 1103 530 1125 537 1104 550 1133 544 1111 549 1117 542 1128 538 1105 540 1107 542 1109 549 1134 549 1117 538 1105 543 1110 537 1104 548 1115 550 1133 552 1135 553 1136 554 1137 553 1136 555 1138 556 1139 555 1138 553 1136 552 1135 557 1140 558 1141 559 1142 559 1142 560 1143 561 1144 559 1145 562 1146 560 1147 552 1148 554 1137 559 1145 555 1149 552 1148 558 1150 559 1145 554 1137 562 1146 562 1146 563 1151 564 1152 562 1146 565 1153 560 1147 566 1154 554 1137 556 1139 567 1155 557 1140 559 1142 566 1154 556 1139 568 1156 569 1157 570 1158 571 1159 570 1158 569 1157 563 1151 572 1160 561 1144 560 1143 568 1161 561 1162 572 1163 569 1157 572 1163 563 1151 573 1164 558 1150 574 1165 575 1166 574 1165 576 1167 574 1165 577 1168 578 1169 579 1170 576 1171 578 1172 573 1164 574 1165 575 1166 580 1173 581 1174 582 1175 575 1176 581 1174 580 1173 581 1177 576 1167 583 1178 581 1177 583 1178 584 1179 585 1180 581 1174 584 1181 558 1141 586 1182 577 1183 556 1184 586 1185 557 1186 556 1139 587 1187 588 1188 582 1175 581 1174 585 1180 589 1189 583 1190 590 1191 591 1192 585 1180 579 1193 585 1180 590 1191 592 1194 558 1150 552 1148 559 1145 573 1164 555 1149 558 1150 567 1155 559 1142 561 1144 554 1137 566 1154 562 1146 565 1153 562 1146 564 1195 572 1160 560 1143 565 1196 571 1159 562 1146 566 1154 564 1197 572 1160 565 1196 562 1146 571 1159 570 1158 564 1197 563 1198 572 1160 568 1161 556 1184 567 1199 567 1199 556 1184 557 1186 568 1161 567 1199 561 1162 556 1139 554 1137 553 1136 569 1157 571 1159 568 1156 568 1156 571 1159 566 1154 569 1157 568 1161 572 1163 562 1146 570 1158 563 1151 587 1187 573 1200 575 1176 577 1183 586 1182 591 1201 574 1165 558 1150 577 1168 577 1183 591 1201 578 1172 576 1167 574 1165 578 1169 556 1139 555 1138 587 1187 587 1187 555 1138 573 1200 581 1177 575 1166 576 1167 584 1181 583 1190 589 1189 576 1171 590 1202 583 1203 576 1171 592 1204 590 1202 588 1188 585 1180 591 1192 586 1185 588 1188 591 1192 558 1141 557 1140 586 1182 556 1184 588 1188 586 1185 588 1188 587 1187 580 1173 578 1172 591 1201 579 1170 585 1180 580 1173 582 1205 588 1188 580 1173 585 1180 587 1187 575 1176 580 1173 576 1171 579 1170 592 1204 589 1189 585 1180 584 1181 579 1193 585 1180 592 1194 585 1180 589 1189 590 1191 593 1206 594 1207 595 1208 596 1209 595 1210 597 1211 598 1212 596 1213 599 1214 600 1215 593 1206 595 1210 594 1207 601 1216 595 1208 602 1217 603 1218 604 1219 605 1220 606 1221 593 1206 607 1222 594 1207 606 1221 605 1220 608 1223 606 1221 609 1224 600 1225 598 1212 607 1222 601 1216 594 1207 598 1226 599 1227 610 1228 609 1229 601 1216 608 1223 609 1229 610 1228 601 1216 608 1223 601 1216 607 1222 611 1230 612 1231 605 1220 613 1232 614 1233 615 1234 614 1235 602 1217 604 1219 613 1232 615 1234 612 1231 614 1233 604 1236 615 1234 612 1231 615 1234 605 1220 606 1221 608 1223 607 1222 616 1237 617 1238 618 1239 596 1209 597 1211 617 1238 617 1238 597 1211 618 1239 619 1240 620 1241 618 1239 597 1242 619 1240 618 1239 621 1243 616 1237 622 1244 618 1239 620 1241 623 1245 624 1246 621 1247 625 1248 599 1214 617 1249 626 1250 599 1227 626 1251 610 1228 626 1250 616 1252 627 1253 601 1216 610 1228 597 1242 616 1252 621 1247 624 1246 624 1246 627 1253 616 1252 627 1254 628 1255 629 1256 620 1241 630 1257 623 1245 622 1244 629 1256 631 1258 623 1245 629 1256 622 1244 629 1256 623 1245 630 1257 598 1212 600 1225 596 1213 596 1209 600 1215 595 1210 600 1215 603 1259 593 1206 595 1208 601 1216 597 1242 605 1220 632 1260 611 1230 603 1259 632 1260 605 1220 602 1261 632 1260 603 1259 593 1206 603 1259 605 1220 593 1206 606 1221 594 1207 613 1262 632 1263 614 1235 614 1235 632 1263 602 1217 609 1224 603 1218 600 1225 604 1219 603 1218 609 1224 615 1234 604 1236 609 1229 609 1229 598 1226 610 1228 615 1234 609 1229 608 1223 632 1260 613 1232 611 1230 611 1230 613 1232 612 1231 605 1220 615 1234 608 1223 597 1242 610 1228 619 1240 617 1249 599 1214 596 1213 633 1264 625 1265 622 1244 631 1258 625 1265 633 1264 625 1265 621 1243 622 1244 622 1244 616 1237 618 1239 622 1244 618 1239 623 1245 628 1266 624 1246 625 1248 620 1241 610 1228 630 1257 626 1250 617 1249 616 1252 626 1251 629 1256 610 1228 626 1251 627 1254 629 1256 619 1240 610 1228 620 1241 628 1255 625 1265 631 1258 631 1258 633 1264 622 1244 629 1256 628 1255 631 1258 624 1267 628 1255 627 1254 610 1228 629 1256 630 1257 634 1268 635 1269 636 1270 636 1270 635 1269 637 1271 635 1272 638 1273 637 1271 639 1274 636 1270 640 1275 636 1270 637 1271 640 1275 640 1275 637 1271 641 1276 635 1272 641 1276 638 1273 642 1277 641 1276 635 1272 640 1275 641 1276 643 1278 634 1279 636 1270 644 1280 642 1277 634 1279 644 1280 639 1274 642 1277 644 1280 639 1274 644 1280 636 1270 642 1277 639 1274 643 1281 639 1274 640 1275 643 1278 634 1279 642 1277 635 1272 642 1277 643 1281 641 1282 641 1276 637 1271 638 1273 645 1283 646 1284 647 1285 648 1286 649 1287 646 1288 648 1289 650 1290 651 1291 649 1292 648 1293 645 1283 645 1283 647 1285 649 1292 647 1294 646 1288 649 1287 645 1295 648 1286 646 1288 652 1296 650 1290 648 1289 651 1297 650 1297 652 1297 647 1298 648 1289 651 1291 651 1291 652 1299 647 1298 653 1300 654 1301 655 1302 655 1303 654 1304 656 1305 653 1306 657 1307 654 1308 653 1309 658 1310 657 1311 658 1312 656 1313 659 1314 656 1305 660 1315 661 1316 657 1317 659 1318 660 1319 656 1313 661 1320 659 1314 658 1310 659 1321 657 1311 656 1305 654 1304 660 1315 658 1322 653 1300 655 1302 658 1322 655 1302 656 1323 660 1324 654 1308 657 1307 660 1319 659 1318 661 1325 662 1326 663 1327 664 1328 662 1326 664 1328 665 1329 662 1326 665 1329 666 1330 662 1326 666 1330 667 1331 662 1326 667 1331 668 1332 662 1326 668 1332 669 1333 662 1326 669 1333 670 1334 662 1326 670 1334 671 1335 662 1326 671 1335 672 1336 662 1326 672 1336 673 1337 662 1326 673 1337 674 1338 662 1326 674 1338 675 1339 662 1326 675 1339 676 1340 662 1326 676 1340 677 1341 678 1342 675 1343 674 1344 678 1342 674 1344 679 1345 676 1346 675 1343 678 1342 676 1346 678 1342 680 1347 678 1348 679 1349 681 1350 678 1348 681 1350 682 1351 678 1348 682 1351 683 1352 678 1348 683 1352 684 1353 678 1348 684 1353 685 1354 678 1348 685 1354 686 1355 678 1348 686 1355 687 1356 678 1348 687 1356 688 1357 678 1348 688 1357 689 1358 678 1348 689 1358 690 1359 678 1348 690 1359 691 1360 678 1348 691 1360 692 1361 678 1348 692 1361 693 1362 678 1348 693 1362 680 1363 680 1347 693 1364 677 1365 680 1347 677 1365 676 1346 693 1364 692 1366 662 1367 693 1364 662 1367 677 1365 691 1368 663 1369 662 1367 691 1368 662 1367 692 1366 664 1370 663 1369 691 1368 664 1370 691 1368 690 1371 690 1371 689 1372 665 1373 690 1371 665 1373 664 1370 689 1372 688 1374 666 1375 689 1372 666 1375 665 1373 687 1376 667 1377 666 1375 687 1376 666 1375 688 1374 668 1378 667 1377 687 1376 668 1378 687 1376 686 1379 686 1379 685 1380 669 1381 686 1379 669 1381 668 1378 685 1380 684 1382 670 1383 685 1380 670 1383 669 1381 683 1384 671 1384 670 1383 683 1384 670 1383 684 1382 672 1385 671 1384 683 1384 672 1385 683 1384 682 1386 682 1386 681 1387 673 1388 682 1386 673 1388 672 1385 681 1387 679 1345 674 1344 681 1387 674 1344 673 1388 694 1389 695 1390 696 1391 697 1392 694 1389 696 1391 696 1393 695 1393 698 1393 699 1394 696 1395 698 1396 694 1397 698 1398 695 1399 700 1400 697 1401 696 1395 697 1402 699 1402 694 1402 699 1394 700 1400 696 1395 694 1397 699 1403 698 1398 699 1404 697 1404 700 1404 701 1405 702 1406 703 1407 703 1407 704 1408 705 1409 706 1410 707 1411 704 1412 708 1413 706 1410 704 1412 703 1414 702 1414 704 1414 709 1415 708 1413 704 1412 709 1415 704 1412 707 1411 705 1416 707 1417 702 1418 705 1416 702 1418 701 1419 707 1420 706 1421 709 1422 706 1421 708 1423 709 1422 701 1405 703 1407 705 1409 710 1424 711 1424 712 1424 711 1425 713 1426 714 1427 715 1428 714 1429 713 1430 715 1428 713 1430 716 1431 711 1425 714 1427 715 1432 711 1425 715 1432 712 1433 715 1434 716 1435 710 1436 715 1434 710 1436 712 1437 713 1426 711 1425 710 1438 713 1426 710 1438 716 1439 717 1440 718 1441 719 1442 719 1442 718 1441 720 1443 720 1443 718 1441 721 1444 719 1445 722 1446 717 1447 720 1448 723 1449 724 1450 719 1445 724 1450 725 1451 725 1451 724 1450 726 1452 723 1453 727 1454 728 1455 723 1453 728 1455 729 1456 730 1457 731 1458 732 1459 729 1456 728 1455 730 1457 733 1460 725 1451 726 1452 725 1451 733 1460 734 1461 733 1460 726 1452 734 1461 734 1461 726 1452 735 1462 728 1463 736 1464 730 1457 731 1465 737 1466 738 1467 735 1462 726 1452 739 1468 725 1451 740 1469 719 1445 718 1470 741 1471 721 1472 742 1473 735 1462 739 1468 737 1474 743 1474 738 1474 729 1475 732 1476 744 1477 745 1478 746 1478 747 1478 748 1479 739 1468 749 1480 722 1481 746 1481 745 1481 740 1469 722 1446 719 1445 741 1471 718 1470 722 1482 740 1483 741 1484 722 1485 740 1469 748 1479 749 1480 750 1486 751 1487 741 1484 752 1488 736 1489 751 1487 752 1490 729 1475 744 1477 744 1491 753 1492 736 1489 744 1491 738 1493 753 1492 753 1492 738 1493 743 1494 746 1495 717 1495 747 1495 724 1450 719 1445 720 1448 727 1454 723 1453 721 1444 723 1453 720 1443 721 1444 726 1452 723 1449 752 1490 726 1452 724 1450 723 1449 744 1477 732 1476 731 1465 732 1459 729 1456 730 1457 752 1490 723 1449 729 1475 737 1496 731 1458 743 1497 717 1440 746 1498 718 1441 717 1499 745 1499 747 1499 721 1472 741 1471 727 1500 730 1457 753 1501 731 1458 742 1473 725 1451 734 1461 717 1447 722 1446 745 1502 739 1468 726 1452 752 1490 725 1451 742 1473 740 1469 749 1480 739 1468 752 1490 748 1479 742 1473 739 1468 742 1473 734 1461 735 1462 727 1500 751 1503 728 1463 730 1457 736 1464 753 1501 748 1479 740 1469 742 1473 740 1483 750 1486 741 1484 722 1504 718 1441 746 1498 750 1505 749 1480 752 1490 750 1505 740 1469 749 1480 727 1500 741 1471 751 1503 750 1486 752 1488 751 1487 744 1477 731 1465 738 1467 728 1463 751 1503 736 1464 731 1458 753 1501 743 1497 736 1489 752 1488 744 1491 754 1506 755 1507 756 1508 757 1509 758 1510 759 1511 760 1512 761 1513 757 1509 762 1514 763 1515 758 1510 764 1516 765 1517 766 1518 764 1516 766 1519 767 1520 768 1521 769 1522 770 1523 771 1524 764 1516 769 1525 769 1525 767 1520 772 1526 762 1514 773 1527 763 1515 754 1528 774 1529 760 1512 775 1530 776 1531 762 1514 757 1509 761 1513 762 1514 777 1532 778 1533 771 1524 776 1531 779 1534 780 1535 776 1531 775 1530 779 1534 775 1530 781 1536 779 1534 771 1524 778 1533 764 1516 756 1508 755 1507 782 1537 775 1530 783 1538 784 1539 782 1537 785 1540 786 1541 784 1539 787 1542 781 1536 781 1536 787 1542 767 1543 786 1544 788 1545 761 1546 782 1547 786 1544 761 1546 783 1538 788 1545 787 1542 788 1545 789 1548 787 1542 787 1542 789 1548 767 1543 777 1549 768 1521 770 1523 765 1550 789 1548 788 1545 786 1541 766 1518 765 1517 772 1551 789 1548 790 1552 777 1553 770 1554 778 1555 778 1555 770 1554 790 1556 755 1557 754 1558 760 1559 755 1557 760 1559 757 1560 785 1561 755 1557 757 1560 757 1509 762 1514 758 1510 759 1511 758 1510 767 1543 767 1520 766 1519 759 1562 766 1519 785 1561 759 1562 785 1561 757 1560 759 1562 768 1563 777 1532 771 1524 769 1525 764 1516 767 1520 769 1525 768 1564 771 1524 789 1548 772 1551 767 1543 754 1528 756 1565 774 1529 782 1537 755 1507 785 1540 758 1510 763 1515 767 1543 762 1514 761 1513 775 1530 760 1512 774 1529 761 1513 773 1566 762 1566 780 1566 763 1515 780 1535 767 1543 763 1515 773 1527 780 1535 790 1552 769 1522 772 1551 762 1514 776 1531 780 1535 780 1535 779 1534 767 1543 775 1530 761 1513 783 1538 786 1541 785 1540 766 1518 765 1517 764 1516 778 1533 779 1534 781 1536 767 1543 775 1530 784 1539 781 1536 774 1567 782 1547 761 1546 783 1538 761 1513 788 1545 774 1567 756 1568 782 1547 783 1538 787 1542 784 1539 786 1544 765 1550 788 1545 770 1523 769 1522 790 1552 765 1550 778 1555 790 1556 765 1550 790 1556 789 1548</p>
        </triangles>
        <triangles material="qmat_2f2f7b216765ae1c" count="56">
          <input semantic="VERTEX" source="#vertices" offset="0" />
          <input semantic="NORMAL" source="#normals" offset="1" />
          <p>813 1616 814 1617 815 1618 813 1616 815 1618 816 1619 817 1620 816 1621 815 1622 818 1623 819 1624 816 1625 819 1624 813 1626 816 1625 813 1626 819 1624 820 1627 814 1628 821 1629 815 1630 814 1628 813 1626 820 1627 817 1620 818 1631 816 1621 821 1629 817 1632 815 1630 820 1627 821 1629 814 1628 820 1633 819 1634 818 1635 820 1633 818 1635 817 1636 820 1633 817 1636 821 1637 822 1619 823 1619 824 1619 822 1619 824 1619 825 1619 824 1638 823 1639 826 1640 825 1641 824 1638 827 1642 825 1641 827 1642 828 1643 824 1638 826 1640 827 1642 826 1640 823 1639 829 1644 823 1639 822 1645 830 1646 823 1639 830 1646 829 1644 822 1647 828 1643 830 1648 828 1643 822 1647 825 1641 828 1649 827 1650 826 1651 828 1649 826 1651 829 1652 828 1649 829 1652 830 1653 831 1654 832 1655 833 1656 831 1654 833 1656 834 1619 835 1657 831 1658 834 1659 836 1660 834 1661 833 1662 837 1663 836 1660 833 1662 838 1664 837 1663 833 1662 838 1664 833 1662 832 1665 839 1666 832 1665 831 1658 835 1657 839 1666 831 1658 836 1660 835 1667 834 1661 839 1668 835 1669 836 1670 839 1668 836 1670 837 1671 839 1668 837 1671 838 1672 839 1666 838 1664 832 1665 840 1673 841 1674 842 1675 840 1673 842 1675 843 1619 841 1676 844 1677 845 1678 841 1676 840 1679 846 1680 842 1681 841 1676 845 1678 842 1681 845 1678 847 1682 843 1683 842 1681 847 1682 840 1679 843 1683 848 1684 841 1676 846 1680 844 1677 843 1683 847 1682 848 1684 848 1684 846 1680 840 1679 848 1685 847 1686 845 1687 848 1685 845 1687 844 1688 848 1685 844 1688 846 1689</p>
        </triangles>
        <triangles material="qmat_fbc365fc3facc314" count="62">
          <input semantic="VERTEX" source="#vertices" offset="0" />
          <input semantic="NORMAL" source="#normals" offset="1" />
          <p>48 58 49 59 50 60 50 60 49 59 51 61 48 62 52 63 53 64 52 63 50 65 54 66 54 66 55 67 56 68 50 60 51 61 55 69 60 73 61 74 49 75 56 68 55 67 67 81 67 81 51 82 68 83 49 75 65 79 71 86 71 86 65 79 66 80 71 87 72 88 49 59 72 89 73 90 59 72 71 86 73 90 72 89 71 86 74 91 73 90 72 89 59 72 70 85 48 62 50 65 52 63 54 66 50 65 55 67 48 62 53 64 62 76 49 59 48 58 60 92 60 73 48 62 62 76 49 75 64 78 65 79 63 77 60 73 62 76 49 75 61 74 64 78 61 74 60 73 63 77 70 85 51 82 72 89 68 83 51 82 70 85 67 81 55 67 51 82 51 61 49 59 72 88 71 86 66 80 74 91 791 1569 792 1570 793 1571 794 1572 795 1573 796 1574 791 1569 797 1575 792 1570 794 1572 798 1576 795 1573 792 1570 797 1575 796 1577 794 1578 796 1578 798 1578 798 1579 796 1579 795 1579 798 1580 796 1581 797 1582 791 1580 798 1580 797 1582 793 1583 796 538 798 1584 791 1584 793 1583 798 1584 792 1585 796 1585 793 1585 799 1586 800 1586 801 1586 799 1587 802 1587 800 1587 803 1588 804 1589 801 1590 799 1591 804 1589 803 1588 805 1592 800 1593 802 1594 805 1595 801 1596 800 1597 801 1596 805 1595 799 1598 802 1594 799 1599 805 1592 801 1600 799 1600 803 1600 799 1601 801 1601 804 1601 806 1602 807 1603 808 1604 806 1602 808 1604 809 1605 806 1602 809 1605 810 1606 806 1602 810 1606 811 1607 812 1608 807 1609 806 1610 812 1608 806 1610 811 1611 812 1608 811 1611 810 1612 812 1608 810 1612 809 1613 812 1608 809 1613 808 1614 808 1615 807 1615 812 1615</p>
        </triangles>
      </mesh>
    </geometry>
  </library_geometries>
  <library_visual_scenes>
    <visual_scene id="scene">
      <node id="base_link_dae">
        <instance_geometry url="#geometry">
          <bind_material>
            <technique_common>
              <instance_material symbol="qmat_10a888b1b30808ba" target="#qmat_10a888b1b30808ba" />
              <instance_material symbol="qmat_2f2f7b216765ae1c" target="#qmat_2f2f7b216765ae1c" />
              <instance_material symbol="qmat_fbc365fc3facc314" target="#qmat_fbc365fc3facc314" />
            </technique_common>
          </bind_material>
        </instance_geometry>
      </node>
    </visual_scene>
  </library_visual_scenes>
  <scene>
    <instance_visual_scene url="#scene" />
  </scene>
</COLLADA>